REGION_CODE,REGION_NAME
R0,Region_0
R1,Region_1
R2,Region_2
R3,Region_3
R4,Region_4
R5,Region_5
R6,Region_6
R7,Region_7
R8,Region_8
R9,Region_9
R10,Region_10
R11,Region_11
R12,Region_12
R13,Region_13
R14,Region_14
R15,Region_15
R16,Region_16
R17,Region_17
R18,Region_18
R19,Region_19
R20,Region_20
R21,Region_21
R22,Region_22
R23,Region_23
R24,Region_24
R25,Region_25
R26,Region_26
R27,Region_27
R28,Region_28
R29,Region_29
R30,Region_30
R31,Region_31
R32,Region_32
R33,Region_33
R34,Region_34
R35,Region_35
R36,Region_36
R37,Region_37
R38,Region_38
R39,Region_39
R40,Region_40
R41,Region_41
R42,Region_42
R43,Region_43
R44,Region_44
R45,Region_45
R46,Region_46
R47,Region_47
R48,Region_48
R49,Region_49
R50,Region_50
R51,Region_51
R52,Region_52
R53,Region_53
R54,Region_54
R55,Region_55
R56,Region_56
R57,Region_57
R58,Region_58
R59,Region_59
R60,Region_60
R61,Region_61
R62,Region_62
R63,Region_63
R64,Region_64
R65,Region_65
R66,Region_66
R67,Region_67
R68,Region_68
R69,Region_69
R70,Region_70
R71,Region_71
R72,Region_72
R73,Region_73
R74,Region_74
R75,Region_75
R76,Region_76
R77,Region_77
R78,Region_78
R79,Region_79
R80,Region_80
R81,Region_81
R82,Region_82
R83,Region_83
R84,Region_84
R85,Region_85
R86,Region_86
R87,Region_87
R88,Region_88
R89,Region_89
R90,Region_90
R91,Region_91
R92,Region_92
R93,Region_93
R94,Region_94
R95,Region_95
R96,Region_96
R97,Region_97
R98,Region_98
R99,Region_99
R100,Region_100
R101,Region_101
R102,Region_102
R103,Region_103
R104,Region_104
R105,Region_105
R106,Region_106
R107,Region_107
R108,Region_108
R109,Region_109
R110,Region_110
R111,Region_111
R112,Region_112
R113,Region_113
R114,Region_114
R115,Region_115
R116,Region_116
R117,Region_117
R118,Region_118
R119,Region_119
R120,Region_120
R121,Region_121
R122,Region_122
R123,Region_123
R124,Region_124
R125,Region_125
R126,Region_126
R127,Region_127
R128,Region_128
R129,Region_129
R130,Region_130
R131,Region_131
R132,Region_132
R133,Region_133
R134,Region_134
R135,Region_135
R136,Region_136
R137,Region_137
R138,Region_138
R139,Region_139
R140,Region_140
R141,Region_141
R142,Region_142
R143,Region_143
R144,Region_144
R145,Region_145
R146,Region_146
R147,Region_147
R148,Region_148
R149,Region_149
R150,Region_150
R151,Region_151
R152,Region_152
R153,Region_153
R154,Region_154
R155,Region_155
R156,Region_156
R157,Region_157
R158,Region_158
R159,Region_159
R160,Region_160
R161,Region_161
R162,Region_162
R163,Region_163
R164,Region_164
R165,Region_165
R166,Region_166
R167,Region_167
R168,Region_168
R169,Region_169
R170,Region_170
R171,Region_171
R172,Region_172
R173,Region_173
R174,Region_174
R175,Region_175
R176,Region_176
R177,Region_177
R178,Region_178
R179,Region_179
R180,Region_180
R181,Region_181
R182,Region_182
R183,Region_183
R184,Region_184
R185,Region_185
R186,Region_186
R187,Region_187
R188,Region_188
R189,Region_189
R190,Region_190
R191,Region_191
R192,Region_192
R193,Region_193
R194,Region_194
R195,Region_195
R196,Region_196
R197,Region_197
R198,Region_198
R199,Region_199
R200,Region_200
R201,Region_201
R202,Region_202
R203,Region_203
R204,Region_204
R205,Region_205
R206,Region_206
R207,Region_207
R208,Region_208
R209,Region_209
R210,Region_210
R211,Region_211
R212,Region_212
R213,Region_213
R214,Region_214
R215,Region_215
R216,Region_216
R217,Region_217
R218,Region_218
R219,Region_219
R220,Region_220
R221,Region_221
R222,Region_222
R223,Region_223
R224,Region_224
R225,Region_225
R226,Region_226
R227,Region_227
R228,Region_228
R229,Region_229
R230,Region_230
R231,Region_231
R232,Region_232
R233,Region_233
R234,Region_234
R235,Region_235
R236,Region_236
R237,Region_237
R238,Region_238
R239,Region_239
R240,Region_240
R241,Region_241
R242,Region_242
R243,Region_243
R244,Region_244
R245,Region_245
R246,Region_246
R247,Region_247
R248,Region_248
R249,Region_249
R250,Region_250
R251,Region_251
R252,Region_252
R253,Region_253
R254,Region_254
R255,Region_255
R256,Region_256
R257,Region_257
R258,Region_258
R259,Region_259
R260,Region_260
R261,Region_261
R262,Region_262
R263,Region_263
R264,Region_264
R265,Region_265
R266,Region_266
R267,Region_267
R268,Region_268
R269,Region_269
R270,Region_270
R271,Region_271
R272,Region_272
R273,Region_273
R274,Region_274
R275,Region_275
R276,Region_276
R277,Region_277
R278,Region_278
R279,Region_279
R280,Region_280
R281,Region_281
R282,Region_282
R283,Region_283
R284,Region_284
R285,Region_285
R286,Region_286
R287,Region_287
R288,Region_288
R289,Region_289
R290,Region_290
R291,Region_291
R292,Region_292
R293,Region_293
R294,Region_294
R295,Region_295
R296,Region_296
R297,Region_297
R298,Region_298
R299,Region_299
R300,Region_300
R301,Region_301
R302,Region_302
R303,Region_303
R304,Region_304
R305,Region_305
R306,Region_306
R307,Region_307
R308,Region_308
R309,Region_309
R310,Region_310
R311,Region_311
R312,Region_312
R313,Region_313
R314,Region_314
R315,Region_315
R316,Region_316
R317,Region_317
R318,Region_318
R319,Region_319
R320,Region_320
R321,Region_321
R322,Region_322
R323,Region_323
R324,Region_324
R325,Region_325
R326,Region_326
R327,Region_327
R328,Region_328
R329,Region_329
R330,Region_330
R331,Region_331
R332,Region_332
R333,Region_333
R334,Region_334
R335,Region_335
R336,Region_336
R337,Region_337
R338,Region_338
R339,Region_339
R340,Region_340
R341,Region_341
R342,Region_342
R343,Region_343
R344,Region_344
R345,Region_345
R346,Region_346
R347,Region_347
R348,Region_348
R349,Region_349
R350,Region_350
R351,Region_351
R352,Region_352
R353,Region_353
R354,Region_354
R355,Region_355
R356,Region_356
R357,Region_357
R358,Region_358
R359,Region_359
R360,Region_360
R361,Region_361
R362,Region_362
R363,Region_363
R364,Region_364
R365,Region_365
R366,Region_366
R367,Region_367
R368,Region_368
R369,Region_369
R370,Region_370
R371,Region_371
R372,Region_372
R373,Region_373
R374,Region_374
R375,Region_375
R376,Region_376
R377,Region_377
R378,Region_378
R379,Region_379
R380,Region_380
R381,Region_381
R382,Region_382
R383,Region_383
R384,Region_384
R385,Region_385
R386,Region_386
R387,Region_387
R388,Region_388
R389,Region_389
R390,Region_390
R391,Region_391
R392,Region_392
R393,Region_393
R394,Region_394
R395,Region_395
R396,Region_396
R397,Region_397
R398,Region_398
R399,Region_399
R400,Region_400
R401,Region_401
R402,Region_402
R403,Region_403
R404,Region_404
R405,Region_405
R406,Region_406
R407,Region_407
R408,Region_408
R409,Region_409
R410,Region_410
R411,Region_411
R412,Region_412
R413,Region_413
R414,Region_414
R415,Region_415
R416,Region_416
R417,Region_417
R418,Region_418
R419,Region_419
R420,Region_420
R421,Region_421
R422,Region_422
R423,Region_423
R424,Region_424
R425,Region_425
R426,Region_426
R427,Region_427
R428,Region_428
R429,Region_429
R430,Region_430
R431,Region_431
R432,Region_432
R433,Region_433
R434,Region_434
R435,Region_435
R436,Region_436
R437,Region_437
R438,Region_438
R439,Region_439
R440,Region_440
R441,Region_441
R442,Region_442
R443,Region_443
R444,Region_444
R445,Region_445
R446,Region_446
R447,Region_447
R448,Region_448
R449,Region_449
R450,Region_450
R451,Region_451
R452,Region_452
R453,Region_453
R454,Region_454
R455,Region_455
R456,Region_456
R457,Region_457
R458,Region_458
R459,Region_459
R460,Region_460
R461,Region_461
R462,Region_462
R463,Region_463
R464,Region_464
R465,Region_465
R466,Region_466
R467,Region_467
R468,Region_468
R469,Region_469
R470,Region_470
R471,Region_471
R472,Region_472
R473,Region_473
R474,Region_474
R475,Region_475
R476,Region_476
R477,Region_477
R478,Region_478
R479,Region_479
R480,Region_480
R481,Region_481
R482,Region_482
R483,Region_483
R484,Region_484
R485,Region_485
R486,Region_486
R487,Region_487
R488,Region_488
R489,Region_489
R490,Region_490
R491,Region_491
R492,Region_492
R493,Region_493
R494,Region_494
R495,Region_495
R496,Region_496
R497,Region_497
R498,Region_498
R499,Region_499
R500,Region_500
R501,Region_501
R502,Region_502
R503,Region_503
R504,Region_504
R505,Region_505
R506,Region_506
R507,Region_507
R508,Region_508
R509,Region_509
R510,Region_510
R511,Region_511
R512,Region_512
R513,Region_513
R514,Region_514
R515,Region_515
R516,Region_516
R517,Region_517
R518,Region_518
R519,Region_519
R520,Region_520
R521,Region_521
R522,Region_522
R523,Region_523
R524,Region_524
R525,Region_525
R526,Region_526
R527,Region_527
R528,Region_528
R529,Region_529
R530,Region_530
R531,Region_531
R532,Region_532
R533,Region_533
R534,Region_534
R535,Region_535
R536,Region_536
R537,Region_537
R538,Region_538
R539,Region_539
R540,Region_540
R541,Region_541
R542,Region_542
R543,Region_543
R544,Region_544
R545,Region_545
R546,Region_546
R547,Region_547
R548,Region_548
R549,Region_549
R550,Region_550
R551,Region_551
R552,Region_552
R553,Region_553
R554,Region_554
R555,Region_555
R556,Region_556
R557,Region_557
R558,Region_558
R559,Region_559
R560,Region_560
R561,Region_561
R562,Region_562
R563,Region_563
R564,Region_564
R565,Region_565
R566,Region_566
R567,Region_567
R568,Region_568
R569,Region_569
R570,Region_570
R571,Region_571
R572,Region_572
R573,Region_573
R574,Region_574
R575,Region_575
R576,Region_576
R577,Region_577
R578,Region_578
R579,Region_579
R580,Region_580
R581,Region_581
R582,Region_582
R583,Region_583
R584,Region_584
R585,Region_585
R586,Region_586
R587,Region_587
R588,Region_588
R589,Region_589
R590,Region_590
R591,Region_591
R592,Region_592
R593,Region_593
R594,Region_594
R595,Region_595
R596,Region_596
R597,Region_597
R598,Region_598
R599,Region_599
R600,Region_600
R601,Region_601
R602,Region_602
R603,Region_603
R604,Region_604
R605,Region_605
R606,Region_606
R607,Region_607
R608,Region_608
R609,Region_609
R610,Region_610
R611,Region_611
R612,Region_612
R613,Region_613
R614,Region_614
R615,Region_615
R616,Region_616
R617,Region_617
R618,Region_618
R619,Region_619
R620,Region_620
R621,Region_621
R622,Region_622
R623,Region_623
R624,Region_624
R625,Region_625
R626,Region_626
R627,Region_627
R628,Region_628
R629,Region_629
R630,Region_630
R631,Region_631
R632,Region_632
R633,Region_633
R634,Region_634
R635,Region_635
R636,Region_636
R637,Region_637
R638,Region_638
R639,Region_639
R640,Region_640
R641,Region_641
R642,Region_642
R643,Region_643
R644,Region_644
R645,Region_645
R646,Region_646
R647,Region_647
R648,Region_648
R649,Region_649
R650,Region_650
R651,Region_651
R652,Region_652
R653,Region_653
R654,Region_654
R655,Region_655
R656,Region_656
R657,Region_657
R658,Region_658
R659,Region_659
R660,Region_660
R661,Region_661
R662,Region_662
R663,Region_663
R664,Region_664
R665,Region_665
R666,Region_666
R667,Region_667
R668,Region_668
R669,Region_669
R670,Region_670
R671,Region_671
R672,Region_672
R673,Region_673
R674,Region_674
R675,Region_675
R676,Region_676
R677,Region_677
R678,Region_678
R679,Region_679
R680,Region_680
R681,Region_681
R682,Region_682
R683,Region_683
R684,Region_684
R685,Region_685
R686,Region_686
R687,Region_687
R688,Region_688
R689,Region_689
R690,Region_690
R691,Region_691
R692,Region_692
R693,Region_693
R694,Region_694
R695,Region_695
R696,Region_696
R697,Region_697
R698,Region_698
R699,Region_699
R700,Region_700
R701,Region_701
R702,Region_702
R703,Region_703
R704,Region_704
R705,Region_705
R706,Region_706
R707,Region_707
R708,Region_708
R709,Region_709
R710,Region_710
R711,Region_711
R712,Region_712
R713,Region_713
R714,Region_714
R715,Region_715
R716,Region_716
R717,Region_717
R718,Region_718
R719,Region_719
R720,Region_720
R721,Region_721
R722,Region_722
R723,Region_723
R724,Region_724
R725,Region_725
R726,Region_726
R727,Region_727
R728,Region_728
R729,Region_729
R730,Region_730
R731,Region_731
R732,Region_732
R733,Region_733
R734,Region_734
R735,Region_735
R736,Region_736
R737,Region_737
R738,Region_738
R739,Region_739
R740,Region_740
R741,Region_741
R742,Region_742
R743,Region_743
R744,Region_744
R745,Region_745
R746,Region_746
R747,Region_747
R748,Region_748
R749,Region_749
R750,Region_750
R751,Region_751
R752,Region_752
R753,Region_753
R754,Region_754
R755,Region_755
R756,Region_756
R757,Region_757
R758,Region_758
R759,Region_759
R760,Region_760
R761,Region_761
R762,Region_762
R763,Region_763
R764,Region_764
R765,Region_765
R766,Region_766
R767,Region_767
R768,Region_768
R769,Region_769
R770,Region_770
R771,Region_771
R772,Region_772
R773,Region_773
R774,Region_774
R775,Region_775
R776,Region_776
R777,Region_777
R778,Region_778
R779,Region_779
R780,Region_780
R781,Region_781
R782,Region_782
R783,Region_783
R784,Region_784
R785,Region_785
R786,Region_786
R787,Region_787
R788,Region_788
R789,Region_789
R790,Region_790
R791,Region_791
R792,Region_792
R793,Region_793
R794,Region_794
R795,Region_795
R796,Region_796
R797,Region_797
R798,Region_798
R799,Region_799
R800,Region_800
R801,Region_801
R802,Region_802
R803,Region_803
R804,Region_804
R805,Region_805
R806,Region_806
R807,Region_807
R808,Region_808
R809,Region_809
R810,Region_810
R811,Region_811
R812,Region_812
R813,Region_813
R814,Region_814
R815,Region_815
R816,Region_816
R817,Region_817
R818,Region_818
R819,Region_819
R820,Region_820
R821,Region_821
R822,Region_822
R823,Region_823
R824,Region_824
R825,Region_825
R826,Region_826
R827,Region_827
R828,Region_828
R829,Region_829
R830,Region_830
R831,Region_831
R832,Region_832
R833,Region_833
R834,Region_834
R835,Region_835
R836,Region_836
R837,Region_837
R838,Region_838
R839,Region_839
R840,Region_840
R841,Region_841
R842,Region_842
R843,Region_843
R844,Region_844
R845,Region_845
R846,Region_846
R847,Region_847
R848,Region_848
R849,Region_849
R850,Region_850
R851,Region_851
R852,Region_852
R853,Region_853
R854,Region_854
R855,Region_855
R856,Region_856
R857,Region_857
R858,Region_858
R859,Region_859
R860,Region_860
R861,Region_861
R862,Region_862
R863,Region_863
R864,Region_864
R865,Region_865
R866,Region_866
R867,Region_867
R868,Region_868
R869,Region_869
R870,Region_870
R871,Region_871
R872,Region_872
R873,Region_873
R874,Region_874
R875,Region_875
R876,Region_876
R877,Region_877
R878,Region_878
R879,Region_879
R880,Region_880
R881,Region_881
R882,Region_882
R883,Region_883
R884,Region_884
R885,Region_885
R886,Region_886
R887,Region_887
R888,Region_888
R889,Region_889
R890,Region_890
R891,Region_891
R892,Region_892
R893,Region_893
R894,Region_894
R895,Region_895
R896,Region_896
R897,Region_897
R898,Region_898
R899,Region_899
R900,Region_900
R901,Region_901
R902,Region_902
R903,Region_903
R904,Region_904
R905,Region_905
R906,Region_906
R907,Region_907
R908,Region_908
R909,Region_909
R910,Region_910
R911,Region_911
R912,Region_912
R913,Region_913
R914,Region_914
R915,Region_915
R916,Region_916
R917,Region_917
R918,Region_918
R919,Region_919
R920,Region_920
R921,Region_921
R922,Region_922
R923,Region_923
R924,Region_924
R925,Region_925
R926,Region_926
R927,Region_927
R928,Region_928
R929,Region_929
R930,Region_930
R931,Region_931
R932,Region_932
R933,Region_933
R934,Region_934
R935,Region_935
R936,Region_936
R937,Region_937
R938,Region_938
R939,Region_939
R940,Region_940
R941,Region_941
R942,Region_942
R943,Region_943
R944,Region_944
R945,Region_945
R946,Region_946
R947,Region_947
R948,Region_948
R949,Region_949
R950,Region_950
R951,Region_951
R952,Region_952
R953,Region_953
R954,Region_954
R955,Region_955
R956,Region_956
R957,Region_957
R958,Region_958
R959,Region_959
R960,Region_960
R961,Region_961
R962,Region_962
R963,Region_963
R964,Region_964
R965,Region_965
R966,Region_966
R967,Region_967
R968,Region_968
R969,Region_969
R970,Region_970
R971,Region_971
R972,Region_972
R973,Region_973
R974,Region_974
R975,Region_975
R976,Region_976
R977,Region_977
R978,Region_978
R979,Region_979
R980,Region_980
R981,Region_981
R982,Region_982
R983,Region_983
R984,Region_984
R985,Region_985
R986,Region_986
R987,Region_987
R988,Region_988
R989,Region_989
R990,Region_990
R991,Region_991
R992,Region_992
R993,Region_993
R994,Region_994
R995,Region_995
R996,Region_996
R997,Region_997
R998,Region_998
R999,Region_999
R1000,Region_1000
R1001,Region_1001
R1002,Region_1002
R1003,Region_1003
R1004,Region_1004
R1005,Region_1005
R1006,Region_1006
R1007,Region_1007
R1008,Region_1008
R1009,Region_1009
R1010,Region_1010
R1011,Region_1011
R1012,Region_1012
R1013,Region_1013
R1014,Region_1014
R1015,Region_1015
R1016,Region_1016
R1017,Region_1017
R1018,Region_1018
R1019,Region_1019
R1020,Region_1020
R1021,Region_1021
R1022,Region_1022
R1023,Region_1023
R1024,Region_1024
R1025,Region_1025
R1026,Region_1026
R1027,Region_1027
R1028,Region_1028
R1029,Region_1029
R1030,Region_1030
R1031,Region_1031
R1032,Region_1032
R1033,Region_1033
R1034,Region_1034
R1035,Region_1035
R1036,Region_1036
R1037,Region_1037
R1038,Region_1038
R1039,Region_1039
R1040,Region_1040
R1041,Region_1041
R1042,Region_1042
R1043,Region_1043
R1044,Region_1044
R1045,Region_1045
R1046,Region_1046
R1047,Region_1047
R1048,Region_1048
R1049,Region_1049
R1050,Region_1050
R1051,Region_1051
R1052,Region_1052
R1053,Region_1053
R1054,Region_1054
R1055,Region_1055
R1056,Region_1056
R1057,Region_1057
R1058,Region_1058
R1059,Region_1059
R1060,Region_1060
R1061,Region_1061
R1062,Region_1062
R1063,Region_1063
R1064,Region_1064
R1065,Region_1065
R1066,Region_1066
R1067,Region_1067
R1068,Region_1068
R1069,Region_1069
R1070,Region_1070
R1071,Region_1071
R1072,Region_1072
R1073,Region_1073
R1074,Region_1074
R1075,Region_1075
R1076,Region_1076
R1077,Region_1077
R1078,Region_1078
R1079,Region_1079
R1080,Region_1080
R1081,Region_1081
R1082,Region_1082
R1083,Region_1083
R1084,Region_1084
R1085,Region_1085
R1086,Region_1086
R1087,Region_1087
R1088,Region_1088
R1089,Region_1089
R1090,Region_1090
R1091,Region_1091
R1092,Region_1092
R1093,Region_1093
R1094,Region_1094
R1095,Region_1095
R1096,Region_1096
R1097,Region_1097
R1098,Region_1098
R1099,Region_1099
R1100,Region_1100
R1101,Region_1101
R1102,Region_1102
R1103,Region_1103
R1104,Region_1104
R1105,Region_1105
R1106,Region_1106
R1107,Region_1107
R1108,Region_1108
R1109,Region_1109
R1110,Region_1110
R1111,Region_1111
R1112,Region_1112
R1113,Region_1113
R1114,Region_1114
R1115,Region_1115
R1116,Region_1116
R1117,Region_1117
R1118,Region_1118
R1119,Region_1119
R1120,Region_1120
R1121,Region_1121
R1122,Region_1122
R1123,Region_1123
R1124,Region_1124
R1125,Region_1125
R1126,Region_1126
R1127,Region_1127
R1128,Region_1128
R1129,Region_1129
R1130,Region_1130
R1131,Region_1131
R1132,Region_1132
R1133,Region_1133
R1134,Region_1134
R1135,Region_1135
R1136,Region_1136
R1137,Region_1137
R1138,Region_1138
R1139,Region_1139
R1140,Region_1140
R1141,Region_1141
R1142,Region_1142
R1143,Region_1143
R1144,Region_1144
R1145,Region_1145
R1146,Region_1146
R1147,Region_1147
R1148,Region_1148
R1149,Region_1149
R1150,Region_1150
R1151,Region_1151
R1152,Region_1152
R1153,Region_1153
R1154,Region_1154
R1155,Region_1155
R1156,Region_1156
R1157,Region_1157
R1158,Region_1158
R1159,Region_1159
R1160,Region_1160
R1161,Region_1161
R1162,Region_1162
R1163,Region_1163
R1164,Region_1164
R1165,Region_1165
R1166,Region_1166
R1167,Region_1167
R1168,Region_1168
R1169,Region_1169
R1170,Region_1170
R1171,Region_1171
R1172,Region_1172
R1173,Region_1173
R1174,Region_1174
R1175,Region_1175
R1176,Region_1176
R1177,Region_1177
R1178,Region_1178
R1179,Region_1179
R1180,Region_1180
R1181,Region_1181
R1182,Region_1182
R1183,Region_1183
R1184,Region_1184
R1185,Region_1185
R1186,Region_1186
R1187,Region_1187
R1188,Region_1188
R1189,Region_1189
R1190,Region_1190
R1191,Region_1191
R1192,Region_1192
R1193,Region_1193
R1194,Region_1194
R1195,Region_1195
R1196,Region_1196
R1197,Region_1197
R1198,Region_1198
R1199,Region_1199
R1200,Region_1200
R1201,Region_1201
R1202,Region_1202
R1203,Region_1203
R1204,Region_1204
R1205,Region_1205
R1206,Region_1206
R1207,Region_1207
R1208,Region_1208
R1209,Region_1209
R1210,Region_1210
R1211,Region_1211
R1212,Region_1212
R1213,Region_1213
R1214,Region_1214
R1215,Region_1215
R1216,Region_1216
R1217,Region_1217
R1218,Region_1218
R1219,Region_1219
R1220,Region_1220
R1221,Region_1221
R1222,Region_1222
R1223,Region_1223
R1224,Region_1224
R1225,Region_1225
R1226,Region_1226
R1227,Region_1227
R1228,Region_1228
R1229,Region_1229
R1230,Region_1230
R1231,Region_1231
R1232,Region_1232
R1233,Region_1233
R1234,Region_1234
R1235,Region_1235
R1236,Region_1236
R1237,Region_1237
R1238,Region_1238
R1239,Region_1239
R1240,Region_1240
R1241,Region_1241
R1242,Region_1242
R1243,Region_1243
R1244,Region_1244
R1245,Region_1245
R1246,Region_1246
R1247,Region_1247
R1248,Region_1248
R1249,Region_1249
R1250,Region_1250
R1251,Region_1251
R1252,Region_1252
R1253,Region_1253
R1254,Region_1254
R1255,Region_1255
R1256,Region_1256
R1257,Region_1257
R1258,Region_1258
R1259,Region_1259
R1260,Region_1260
R1261,Region_1261
R1262,Region_1262
R1263,Region_1263
R1264,Region_1264
R1265,Region_1265
R1266,Region_1266
R1267,Region_1267
R1268,Region_1268
R1269,Region_1269
R1270,Region_1270
R1271,Region_1271
R1272,Region_1272
R1273,Region_1273
R1274,Region_1274
R1275,Region_1275
R1276,Region_1276
R1277,Region_1277
R1278,Region_1278
R1279,Region_1279
R1280,Region_1280
R1281,Region_1281
R1282,Region_1282
R1283,Region_1283
R1284,Region_1284
R1285,Region_1285
R1286,Region_1286
R1287,Region_1287
R1288,Region_1288
R1289,Region_1289
R1290,Region_1290
R1291,Region_1291
R1292,Region_1292
R1293,Region_1293
R1294,Region_1294
R1295,Region_1295
R1296,Region_1296
R1297,Region_1297
R1298,Region_1298
R1299,Region_1299
R1300,Region_1300
R1301,Region_1301
R1302,Region_1302
R1303,Region_1303
R1304,Region_1304
R1305,Region_1305
R1306,Region_1306
R1307,Region_1307
R1308,Region_1308
R1309,Region_1309
R1310,Region_1310
R1311,Region_1311
R1312,Region_1312
R1313,Region_1313
R1314,Region_1314
R1315,Region_1315
R1316,Region_1316
R1317,Region_1317
R1318,Region_1318
R1319,Region_1319
R1320,Region_1320
R1321,Region_1321
R1322,Region_1322
R1323,Region_1323
R1324,Region_1324
R1325,Region_1325
R1326,Region_1326
R1327,Region_1327
R1328,Region_1328
R1329,Region_1329
R1330,Region_1330
R1331,Region_1331
R1332,Region_1332
R1333,Region_1333
R1334,Region_1334
R1335,Region_1335
R1336,Region_1336
R1337,Region_1337
R1338,Region_1338
R1339,Region_1339
R1340,Region_1340
R1341,Region_1341
R1342,Region_1342
R1343,Region_1343
R1344,Region_1344
R1345,Region_1345
R1346,Region_1346
R1347,Region_1347
R1348,Region_1348
R1349,Region_1349
R1350,Region_1350
R1351,Region_1351
R1352,Region_1352
R1353,Region_1353
R1354,Region_1354
R1355,Region_1355
R1356,Region_1356
R1357,Region_1357
R1358,Region_1358
R1359,Region_1359
R1360,Region_1360
R1361,Region_1361
R1362,Region_1362
R1363,Region_1363
R1364,Region_1364
R1365,Region_1365
R1366,Region_1366
R1367,Region_1367
R1368,Region_1368
R1369,Region_1369
R1370,Region_1370
R1371,Region_1371
R1372,Region_1372
R1373,Region_1373
R1374,Region_1374
R1375,Region_1375
R1376,Region_1376
R1377,Region_1377
R1378,Region_1378
R1379,Region_1379
R1380,Region_1380
R1381,Region_1381
R1382,Region_1382
R1383,Region_1383
R1384,Region_1384
R1385,Region_1385
R1386,Region_1386
R1387,Region_1387
R1388,Region_1388
R1389,Region_1389
R1390,Region_1390
R1391,Region_1391
R1392,Region_1392
R1393,Region_1393
R1394,Region_1394
R1395,Region_1395
R1396,Region_1396
R1397,Region_1397
R1398,Region_1398
R1399,Region_1399
R1400,Region_1400
R1401,Region_1401
R1402,Region_1402
R1403,Region_1403
R1404,Region_1404
R1405,Region_1405
R1406,Region_1406
R1407,Region_1407
R1408,Region_1408
R1409,Region_1409
R1410,Region_1410
R1411,Region_1411
R1412,Region_1412
R1413,Region_1413
R1414,Region_1414
R1415,Region_1415
R1416,Region_1416
R1417,Region_1417
R1418,Region_1418
R1419,Region_1419
R1420,Region_1420
R1421,Region_1421
R1422,Region_1422
R1423,Region_1423
R1424,Region_1424
R1425,Region_1425
R1426,Region_1426
R1427,Region_1427
R1428,Region_1428
R1429,Region_1429
R1430,Region_1430
R1431,Region_1431
R1432,Region_1432
R1433,Region_1433
R1434,Region_1434
R1435,Region_1435
R1436,Region_1436
R1437,Region_1437
R1438,Region_1438
R1439,Region_1439
R1440,Region_1440
R1441,Region_1441
R1442,Region_1442
R1443,Region_1443
R1444,Region_1444
R1445,Region_1445
R1446,Region_1446
R1447,Region_1447
R1448,Region_1448
R1449,Region_1449
R1450,Region_1450
R1451,Region_1451
R1452,Region_1452
R1453,Region_1453
R1454,Region_1454
R1455,Region_1455
R1456,Region_1456
R1457,Region_1457
R1458,Region_1458
R1459,Region_1459
R1460,Region_1460
R1461,Region_1461
R1462,Region_1462
R1463,Region_1463
R1464,Region_1464
R1465,Region_1465
R1466,Region_1466
R1467,Region_1467
R1468,Region_1468
R1469,Region_1469
R1470,Region_1470
R1471,Region_1471
R1472,Region_1472
R1473,Region_1473
R1474,Region_1474
R1475,Region_1475
R1476,Region_1476
R1477,Region_1477
R1478,Region_1478
R1479,Region_1479
R1480,Region_1480
R1481,Region_1481
R1482,Region_1482
R1483,Region_1483
R1484,Region_1484
R1485,Region_1485
R1486,Region_1486
R1487,Region_1487
R1488,Region_1488
R1489,Region_1489
R1490,Region_1490
R1491,Region_1491
R1492,Region_1492
R1493,Region_1493
R1494,Region_1494
R1495,Region_1495
R1496,Region_1496
R1497,Region_1497
R1498,Region_1498
R1499,Region_1499
R1500,Region_1500
R1501,Region_1501
R1502,Region_1502
R1503,Region_1503
R1504,Region_1504
R1505,Region_1505
R1506,Region_1506
R1507,Region_1507
R1508,Region_1508
R1509,Region_1509
R1510,Region_1510
R1511,Region_1511
R1512,Region_1512
R1513,Region_1513
R1514,Region_1514
R1515,Region_1515
R1516,Region_1516
R1517,Region_1517
R1518,Region_1518
R1519,Region_1519
R1520,Region_1520
R1521,Region_1521
R1522,Region_1522
R1523,Region_1523
R1524,Region_1524
R1525,Region_1525
R1526,Region_1526
R1527,Region_1527
R1528,Region_1528
R1529,Region_1529
R1530,Region_1530
R1531,Region_1531
R1532,Region_1532
R1533,Region_1533
R1534,Region_1534
R1535,Region_1535
R1536,Region_1536
R1537,Region_1537
R1538,Region_1538
R1539,Region_1539
R1540,Region_1540
R1541,Region_1541
R1542,Region_1542
R1543,Region_1543
R1544,Region_1544
R1545,Region_1545
R1546,Region_1546
R1547,Region_1547
R1548,Region_1548
R1549,Region_1549
R1550,Region_1550
R1551,Region_1551
R1552,Region_1552
R1553,Region_1553
R1554,Region_1554
R1555,Region_1555
R1556,Region_1556
R1557,Region_1557
R1558,Region_1558
R1559,Region_1559
R1560,Region_1560
R1561,Region_1561
R1562,Region_1562
R1563,Region_1563
R1564,Region_1564
R1565,Region_1565
R1566,Region_1566
R1567,Region_1567
R1568,Region_1568
R1569,Region_1569
R1570,Region_1570
R1571,Region_1571
R1572,Region_1572
R1573,Region_1573
R1574,Region_1574
R1575,Region_1575
R1576,Region_1576
R1577,Region_1577
R1578,Region_1578
R1579,Region_1579
R1580,Region_1580
R1581,Region_1581
R1582,Region_1582
R1583,Region_1583
R1584,Region_1584
R1585,Region_1585
R1586,Region_1586
R1587,Region_1587
R1588,Region_1588
R1589,Region_1589
R1590,Region_1590
R1591,Region_1591
R1592,Region_1592
R1593,Region_1593
R1594,Region_1594
R1595,Region_1595
R1596,Region_1596
R1597,Region_1597
R1598,Region_1598
R1599,Region_1599
R1600,Region_1600
R1601,Region_1601
R1602,Region_1602
R1603,Region_1603
R1604,Region_1604
R1605,Region_1605
R1606,Region_1606
R1607,Region_1607
R1608,Region_1608
R1609,Region_1609
R1610,Region_1610
R1611,Region_1611
R1612,Region_1612
R1613,Region_1613
R1614,Region_1614
R1615,Region_1615
R1616,Region_1616
R1617,Region_1617
R1618,Region_1618
R1619,Region_1619
R1620,Region_1620
R1621,Region_1621
R1622,Region_1622
R1623,Region_1623
R1624,Region_1624
R1625,Region_1625
R1626,Region_1626
R1627,Region_1627
R1628,Region_1628
R1629,Region_1629
R1630,Region_1630
R1631,Region_1631
R1632,Region_1632
R1633,Region_1633
R1634,Region_1634
R1635,Region_1635
R1636,Region_1636
R1637,Region_1637
R1638,Region_1638
R1639,Region_1639
R1640,Region_1640
R1641,Region_1641
R1642,Region_1642
R1643,Region_1643
R1644,Region_1644
R1645,Region_1645
R1646,Region_1646
R1647,Region_1647
R1648,Region_1648
R1649,Region_1649
R1650,Region_1650
R1651,Region_1651
R1652,Region_1652
R1653,Region_1653
R1654,Region_1654
R1655,Region_1655
R1656,Region_1656
R1657,Region_1657
R1658,Region_1658
R1659,Region_1659
R1660,Region_1660
R1661,Region_1661
R1662,Region_1662
R1663,Region_1663
R1664,Region_1664
R1665,Region_1665
R1666,Region_1666
R1667,Region_1667
R1668,Region_1668
R1669,Region_1669
R1670,Region_1670
R1671,Region_1671
R1672,Region_1672
R1673,Region_1673
R1674,Region_1674
R1675,Region_1675
R1676,Region_1676
R1677,Region_1677
R1678,Region_1678
R1679,Region_1679
R1680,Region_1680
R1681,Region_1681
R1682,Region_1682
R1683,Region_1683
R1684,Region_1684
R1685,Region_1685
R1686,Region_1686
R1687,Region_1687
R1688,Region_1688
R1689,Region_1689
R1690,Region_1690
R1691,Region_1691
R1692,Region_1692
R1693,Region_1693
R1694,Region_1694
R1695,Region_1695
R1696,Region_1696
R1697,Region_1697
R1698,Region_1698
R1699,Region_1699
R1700,Region_1700
R1701,Region_1701
R1702,Region_1702
R1703,Region_1703
R1704,Region_1704
R1705,Region_1705
R1706,Region_1706
R1707,Region_1707
R1708,Region_1708
R1709,Region_1709
R1710,Region_1710
R1711,Region_1711
R1712,Region_1712
R1713,Region_1713
R1714,Region_1714
R1715,Region_1715
R1716,Region_1716
R1717,Region_1717
R1718,Region_1718
R1719,Region_1719
R1720,Region_1720
R1721,Region_1721
R1722,Region_1722
R1723,Region_1723
R1724,Region_1724
R1725,Region_1725
R1726,Region_1726
R1727,Region_1727
R1728,Region_1728
R1729,Region_1729
R1730,Region_1730
R1731,Region_1731
R1732,Region_1732
R1733,Region_1733
R1734,Region_1734
R1735,Region_1735
R1736,Region_1736
R1737,Region_1737
R1738,Region_1738
R1739,Region_1739
R1740,Region_1740
R1741,Region_1741
R1742,Region_1742
R1743,Region_1743
R1744,Region_1744
R1745,Region_1745
R1746,Region_1746
R1747,Region_1747
R1748,Region_1748
R1749,Region_1749
R1750,Region_1750
R1751,Region_1751
R1752,Region_1752
R1753,Region_1753
R1754,Region_1754
R1755,Region_1755
R1756,Region_1756
R1757,Region_1757
R1758,Region_1758
R1759,Region_1759
R1760,Region_1760
R1761,Region_1761
R1762,Region_1762
R1763,Region_1763
R1764,Region_1764
R1765,Region_1765
R1766,Region_1766
R1767,Region_1767
R1768,Region_1768
R1769,Region_1769
R1770,Region_1770
R1771,Region_1771
R1772,Region_1772
R1773,Region_1773
R1774,Region_1774
R1775,Region_1775
R1776,Region_1776
R1777,Region_1777
R1778,Region_1778
R1779,Region_1779
R1780,Region_1780
R1781,Region_1781
R1782,Region_1782
R1783,Region_1783
R1784,Region_1784
R1785,Region_1785
R1786,Region_1786
R1787,Region_1787
R1788,Region_1788
R1789,Region_1789
R1790,Region_1790
R1791,Region_1791
R1792,Region_1792
R1793,Region_1793
R1794,Region_1794
R1795,Region_1795
R1796,Region_1796
R1797,Region_1797
R1798,Region_1798
R1799,Region_1799
R1800,Region_1800
R1801,Region_1801
R1802,Region_1802
R1803,Region_1803
R1804,Region_1804
R1805,Region_1805
R1806,Region_1806
R1807,Region_1807
R1808,Region_1808
R1809,Region_1809
R1810,Region_1810
R1811,Region_1811
R1812,Region_1812
R1813,Region_1813
R1814,Region_1814
R1815,Region_1815
R1816,Region_1816
R1817,Region_1817
R1818,Region_1818
R1819,Region_1819
R1820,Region_1820
R1821,Region_1821
R1822,Region_1822
R1823,Region_1823
R1824,Region_1824
R1825,Region_1825
R1826,Region_1826
R1827,Region_1827
R1828,Region_1828
R1829,Region_1829
R1830,Region_1830
R1831,Region_1831
R1832,Region_1832
R1833,Region_1833
R1834,Region_1834
R1835,Region_1835
R1836,Region_1836
R1837,Region_1837
R1838,Region_1838
R1839,Region_1839
R1840,Region_1840
R1841,Region_1841
R1842,Region_1842
R1843,Region_1843
R1844,Region_1844
R1845,Region_1845
R1846,Region_1846
R1847,Region_1847
R1848,Region_1848
R1849,Region_1849
R1850,Region_1850
R1851,Region_1851
R1852,Region_1852
R1853,Region_1853
R1854,Region_1854
R1855,Region_1855
R1856,Region_1856
R1857,Region_1857
R1858,Region_1858
R1859,Region_1859
R1860,Region_1860
R1861,Region_1861
R1862,Region_1862
R1863,Region_1863
R1864,Region_1864
R1865,Region_1865
R1866,Region_1866
R1867,Region_1867
R1868,Region_1868
R1869,Region_1869
R1870,Region_1870
R1871,Region_1871
R1872,Region_1872
R1873,Region_1873
R1874,Region_1874
R1875,Region_1875
R1876,Region_1876
R1877,Region_1877
R1878,Region_1878
R1879,Region_1879
R1880,Region_1880
R1881,Region_1881
R1882,Region_1882
R1883,Region_1883
R1884,Region_1884
R1885,Region_1885
R1886,Region_1886
R1887,Region_1887
R1888,Region_1888
R1889,Region_1889
R1890,Region_1890
R1891,Region_1891
R1892,Region_1892
R1893,Region_1893
R1894,Region_1894
R1895,Region_1895
R1896,Region_1896
R1897,Region_1897
R1898,Region_1898
R1899,Region_1899
R1900,Region_1900
R1901,Region_1901
R1902,Region_1902
R1903,Region_1903
R1904,Region_1904
R1905,Region_1905
R1906,Region_1906
R1907,Region_1907
R1908,Region_1908
R1909,Region_1909
R1910,Region_1910
R1911,Region_1911
R1912,Region_1912
R1913,Region_1913
R1914,Region_1914
R1915,Region_1915
R1916,Region_1916
R1917,Region_1917
R1918,Region_1918
R1919,Region_1919
R1920,Region_1920
R1921,Region_1921
R1922,Region_1922
R1923,Region_1923
R1924,Region_1924
R1925,Region_1925
R1926,Region_1926
R1927,Region_1927
R1928,Region_1928
R1929,Region_1929
R1930,Region_1930
R1931,Region_1931
R1932,Region_1932
R1933,Region_1933
R1934,Region_1934
R1935,Region_1935
R1936,Region_1936
R1937,Region_1937
R1938,Region_1938
R1939,Region_1939
R1940,Region_1940
R1941,Region_1941
R1942,Region_1942
R1943,Region_1943
R1944,Region_1944
R1945,Region_1945
R1946,Region_1946
R1947,Region_1947
R1948,Region_1948
R1949,Region_1949
R1950,Region_1950
R1951,Region_1951
R1952,Region_1952
R1953,Region_1953
R1954,Region_1954
R1955,Region_1955
R1956,Region_1956
R1957,Region_1957
R1958,Region_1958
R1959,Region_1959
R1960,Region_1960
R1961,Region_1961
R1962,Region_1962
R1963,Region_1963
R1964,Region_1964
R1965,Region_1965
R1966,Region_1966
R1967,Region_1967
R1968,Region_1968
R1969,Region_1969
R1970,Region_1970
R1971,Region_1971
R1972,Region_1972
R1973,Region_1973
R1974,Region_1974
R1975,Region_1975
R1976,Region_1976
R1977,Region_1977
R1978,Region_1978
R1979,Region_1979
R1980,Region_1980
R1981,Region_1981
R1982,Region_1982
R1983,Region_1983
R1984,Region_1984
R1985,Region_1985
R1986,Region_1986
R1987,Region_1987
R1988,Region_1988
R1989,Region_1989
R1990,Region_1990
R1991,Region_1991
R1992,Region_1992
R1993,Region_1993
R1994,Region_1994
R1995,Region_1995
R1996,Region_1996
R1997,Region_1997
R1998,Region_1998
R1999,Region_1999
R2000,Region_2000
R2001,Region_2001
R2002,Region_2002
R2003,Region_2003
R2004,Region_2004
R2005,Region_2005
R2006,Region_2006
R2007,Region_2007
R2008,Region_2008
R2009,Region_2009
R2010,Region_2010
R2011,Region_2011
R2012,Region_2012
R2013,Region_2013
R2014,Region_2014
R2015,Region_2015
R2016,Region_2016
R2017,Region_2017
R2018,Region_2018
R2019,Region_2019
R2020,Region_2020
R2021,Region_2021
R2022,Region_2022
R2023,Region_2023
R2024,Region_2024
R2025,Region_2025
R2026,Region_2026
R2027,Region_2027
R2028,Region_2028
R2029,Region_2029
R2030,Region_2030
R2031,Region_2031
R2032,Region_2032
R2033,Region_2033
R2034,Region_2034
R2035,Region_2035
R2036,Region_2036
R2037,Region_2037
R2038,Region_2038
R2039,Region_2039
R2040,Region_2040
R2041,Region_2041
R2042,Region_2042
R2043,Region_2043
R2044,Region_2044
R2045,Region_2045
R2046,Region_2046
R2047,Region_2047
R2048,Region_2048
R2049,Region_2049
R2050,Region_2050
R2051,Region_2051
R2052,Region_2052
R2053,Region_2053
R2054,Region_2054
R2055,Region_2055
R2056,Region_2056
R2057,Region_2057
R2058,Region_2058
R2059,Region_2059
R2060,Region_2060
R2061,Region_2061
R2062,Region_2062
R2063,Region_2063
R2064,Region_2064
R2065,Region_2065
R2066,Region_2066
R2067,Region_2067
R2068,Region_2068
R2069,Region_2069
R2070,Region_2070
R2071,Region_2071
R2072,Region_2072
R2073,Region_2073
R2074,Region_2074
R2075,Region_2075
R2076,Region_2076
R2077,Region_2077
R2078,Region_2078
R2079,Region_2079
R2080,Region_2080
R2081,Region_2081
R2082,Region_2082
R2083,Region_2083
R2084,Region_2084
R2085,Region_2085
R2086,Region_2086
R2087,Region_2087
R2088,Region_2088
R2089,Region_2089
R2090,Region_2090
R2091,Region_2091
R2092,Region_2092
R2093,Region_2093
R2094,Region_2094
R2095,Region_2095
R2096,Region_2096
R2097,Region_2097
R2098,Region_2098
R2099,Region_2099
R2100,Region_2100
R2101,Region_2101
R2102,Region_2102
R2103,Region_2103
R2104,Region_2104
R2105,Region_2105
R2106,Region_2106
R2107,Region_2107
R2108,Region_2108
R2109,Region_2109
R2110,Region_2110
R2111,Region_2111
R2112,Region_2112
R2113,Region_2113
R2114,Region_2114
R2115,Region_2115
R2116,Region_2116
R2117,Region_2117
R2118,Region_2118
R2119,Region_2119
R2120,Region_2120
R2121,Region_2121
R2122,Region_2122
R2123,Region_2123
R2124,Region_2124
R2125,Region_2125
R2126,Region_2126
R2127,Region_2127
R2128,Region_2128
R2129,Region_2129
R2130,Region_2130
R2131,Region_2131
R2132,Region_2132
R2133,Region_2133
R2134,Region_2134
R2135,Region_2135
R2136,Region_2136
R2137,Region_2137
R2138,Region_2138
R2139,Region_2139
R2140,Region_2140
R2141,Region_2141
R2142,Region_2142
R2143,Region_2143
R2144,Region_2144
R2145,Region_2145
R2146,Region_2146
R2147,Region_2147
R2148,Region_2148
R2149,Region_2149
R2150,Region_2150
R2151,Region_2151
R2152,Region_2152
R2153,Region_2153
R2154,Region_2154
R2155,Region_2155
R2156,Region_2156
R2157,Region_2157
R2158,Region_2158
R2159,Region_2159
R2160,Region_2160
R2161,Region_2161
R2162,Region_2162
R2163,Region_2163
R2164,Region_2164
R2165,Region_2165
R2166,Region_2166
R2167,Region_2167
R2168,Region_2168
R2169,Region_2169
R2170,Region_2170
R2171,Region_2171
R2172,Region_2172
R2173,Region_2173
R2174,Region_2174
R2175,Region_2175
R2176,Region_2176
R2177,Region_2177
R2178,Region_2178
R2179,Region_2179
R2180,Region_2180
R2181,Region_2181
R2182,Region_2182
R2183,Region_2183
R2184,Region_2184
R2185,Region_2185
R2186,Region_2186
R2187,Region_2187
R2188,Region_2188
R2189,Region_2189
R2190,Region_2190
R2191,Region_2191
R2192,Region_2192
R2193,Region_2193
R2194,Region_2194
R2195,Region_2195
R2196,Region_2196
R2197,Region_2197
R2198,Region_2198
R2199,Region_2199
R2200,Region_2200
R2201,Region_2201
R2202,Region_2202
R2203,Region_2203
R2204,Region_2204
R2205,Region_2205
R2206,Region_2206
R2207,Region_2207
R2208,Region_2208
R2209,Region_2209
R2210,Region_2210
R2211,Region_2211
R2212,Region_2212
R2213,Region_2213
R2214,Region_2214
R2215,Region_2215
R2216,Region_2216
R2217,Region_2217
R2218,Region_2218
R2219,Region_2219
R2220,Region_2220
R2221,Region_2221
R2222,Region_2222
R2223,Region_2223
R2224,Region_2224
R2225,Region_2225
R2226,Region_2226
R2227,Region_2227
R2228,Region_2228
R2229,Region_2229
R2230,Region_2230
R2231,Region_2231
R2232,Region_2232
R2233,Region_2233
R2234,Region_2234
R2235,Region_2235
R2236,Region_2236
R2237,Region_2237
R2238,Region_2238
R2239,Region_2239
R2240,Region_2240
R2241,Region_2241
R2242,Region_2242
R2243,Region_2243
R2244,Region_2244
R2245,Region_2245
R2246,Region_2246
R2247,Region_2247
R2248,Region_2248
R2249,Region_2249
R2250,Region_2250
R2251,Region_2251
R2252,Region_2252
R2253,Region_2253
R2254,Region_2254
R2255,Region_2255
R2256,Region_2256
R2257,Region_2257
R2258,Region_2258
R2259,Region_2259
R2260,Region_2260
R2261,Region_2261
R2262,Region_2262
R2263,Region_2263
R2264,Region_2264
R2265,Region_2265
R2266,Region_2266
R2267,Region_2267
R2268,Region_2268
R2269,Region_2269
R2270,Region_2270
R2271,Region_2271
R2272,Region_2272
R2273,Region_2273
R2274,Region_2274
R2275,Region_2275
R2276,Region_2276
R2277,Region_2277
R2278,Region_2278
R2279,Region_2279
R2280,Region_2280
R2281,Region_2281
R2282,Region_2282
R2283,Region_2283
R2284,Region_2284
R2285,Region_2285
R2286,Region_2286
R2287,Region_2287
R2288,Region_2288
R2289,Region_2289
R2290,Region_2290
R2291,Region_2291
R2292,Region_2292
R2293,Region_2293
R2294,Region_2294
R2295,Region_2295
R2296,Region_2296
R2297,Region_2297
R2298,Region_2298
R2299,Region_2299
R2300,Region_2300
R2301,Region_2301
R2302,Region_2302
R2303,Region_2303
R2304,Region_2304
R2305,Region_2305
R2306,Region_2306
R2307,Region_2307
R2308,Region_2308
R2309,Region_2309
R2310,Region_2310
R2311,Region_2311
R2312,Region_2312
R2313,Region_2313
R2314,Region_2314
R2315,Region_2315
R2316,Region_2316
R2317,Region_2317
R2318,Region_2318
R2319,Region_2319
R2320,Region_2320
R2321,Region_2321
R2322,Region_2322
R2323,Region_2323
R2324,Region_2324
R2325,Region_2325
R2326,Region_2326
R2327,Region_2327
R2328,Region_2328
R2329,Region_2329
R2330,Region_2330
R2331,Region_2331
R2332,Region_2332
R2333,Region_2333
R2334,Region_2334
R2335,Region_2335
R2336,Region_2336
R2337,Region_2337
R2338,Region_2338
R2339,Region_2339
R2340,Region_2340
R2341,Region_2341
R2342,Region_2342
R2343,Region_2343
R2344,Region_2344
R2345,Region_2345
R2346,Region_2346
R2347,Region_2347
R2348,Region_2348
R2349,Region_2349
R2350,Region_2350
R2351,Region_2351
R2352,Region_2352
R2353,Region_2353
R2354,Region_2354
R2355,Region_2355
R2356,Region_2356
R2357,Region_2357
R2358,Region_2358
R2359,Region_2359
R2360,Region_2360
R2361,Region_2361
R2362,Region_2362
R2363,Region_2363
R2364,Region_2364
R2365,Region_2365
R2366,Region_2366
R2367,Region_2367
R2368,Region_2368
R2369,Region_2369
R2370,Region_2370
R2371,Region_2371
R2372,Region_2372
R2373,Region_2373
R2374,Region_2374
R2375,Region_2375
R2376,Region_2376
R2377,Region_2377
R2378,Region_2378
R2379,Region_2379
R2380,Region_2380
R2381,Region_2381
R2382,Region_2382
R2383,Region_2383
R2384,Region_2384
R2385,Region_2385
R2386,Region_2386
R2387,Region_2387
R2388,Region_2388
R2389,Region_2389
R2390,Region_2390
R2391,Region_2391
R2392,Region_2392
R2393,Region_2393
R2394,Region_2394
R2395,Region_2395
R2396,Region_2396
R2397,Region_2397
R2398,Region_2398
R2399,Region_2399
R2400,Region_2400
R2401,Region_2401
R2402,Region_2402
R2403,Region_2403
R2404,Region_2404
R2405,Region_2405
R2406,Region_2406
R2407,Region_2407
R2408,Region_2408
R2409,Region_2409
R2410,Region_2410
R2411,Region_2411
R2412,Region_2412
R2413,Region_2413
R2414,Region_2414
R2415,Region_2415
R2416,Region_2416
R2417,Region_2417
R2418,Region_2418
R2419,Region_2419
R2420,Region_2420
R2421,Region_2421
R2422,Region_2422
R2423,Region_2423
R2424,Region_2424
R2425,Region_2425
R2426,Region_2426
R2427,Region_2427
R2428,Region_2428
R2429,Region_2429
R2430,Region_2430
R2431,Region_2431
R2432,Region_2432
R2433,Region_2433
R2434,Region_2434
R2435,Region_2435
R2436,Region_2436
R2437,Region_2437
R2438,Region_2438
R2439,Region_2439
R2440,Region_2440
R2441,Region_2441
R2442,Region_2442
R2443,Region_2443
R2444,Region_2444
R2445,Region_2445
R2446,Region_2446
R2447,Region_2447
R2448,Region_2448
R2449,Region_2449
R2450,Region_2450
R2451,Region_2451
R2452,Region_2452
R2453,Region_2453
R2454,Region_2454
R2455,Region_2455
R2456,Region_2456
R2457,Region_2457
R2458,Region_2458
R2459,Region_2459
R2460,Region_2460
R2461,Region_2461
R2462,Region_2462
R2463,Region_2463
R2464,Region_2464
R2465,Region_2465
R2466,Region_2466
R2467,Region_2467
R2468,Region_2468
R2469,Region_2469
R2470,Region_2470
R2471,Region_2471
R2472,Region_2472
R2473,Region_2473
R2474,Region_2474
R2475,Region_2475
R2476,Region_2476
R2477,Region_2477
R2478,Region_2478
R2479,Region_2479
R2480,Region_2480
R2481,Region_2481
R2482,Region_2482
R2483,Region_2483
R2484,Region_2484
R2485,Region_2485
R2486,Region_2486
R2487,Region_2487
R2488,Region_2488
R2489,Region_2489
R2490,Region_2490
R2491,Region_2491
R2492,Region_2492
R2493,Region_2493
R2494,Region_2494
R2495,Region_2495
R2496,Region_2496
R2497,Region_2497
R2498,Region_2498
R2499,Region_2499
R2500,Region_2500
R2501,Region_2501
R2502,Region_2502
R2503,Region_2503
R2504,Region_2504
R2505,Region_2505
R2506,Region_2506
R2507,Region_2507
R2508,Region_2508
R2509,Region_2509
R2510,Region_2510
R2511,Region_2511
R2512,Region_2512
R2513,Region_2513
R2514,Region_2514
R2515,Region_2515
R2516,Region_2516
R2517,Region_2517
R2518,Region_2518
R2519,Region_2519
R2520,Region_2520
R2521,Region_2521
R2522,Region_2522
R2523,Region_2523
R2524,Region_2524
R2525,Region_2525
R2526,Region_2526
R2527,Region_2527
R2528,Region_2528
R2529,Region_2529
R2530,Region_2530
R2531,Region_2531
R2532,Region_2532
R2533,Region_2533
R2534,Region_2534
R2535,Region_2535
R2536,Region_2536
R2537,Region_2537
R2538,Region_2538
R2539,Region_2539
R2540,Region_2540
R2541,Region_2541
R2542,Region_2542
R2543,Region_2543
R2544,Region_2544
R2545,Region_2545
R2546,Region_2546
R2547,Region_2547
R2548,Region_2548
R2549,Region_2549
R2550,Region_2550
R2551,Region_2551
R2552,Region_2552
R2553,Region_2553
R2554,Region_2554
R2555,Region_2555
R2556,Region_2556
R2557,Region_2557
R2558,Region_2558
R2559,Region_2559
R2560,Region_2560
R2561,Region_2561
R2562,Region_2562
R2563,Region_2563
R2564,Region_2564
R2565,Region_2565
R2566,Region_2566
R2567,Region_2567
R2568,Region_2568
R2569,Region_2569
R2570,Region_2570
R2571,Region_2571
R2572,Region_2572
R2573,Region_2573
R2574,Region_2574
R2575,Region_2575
R2576,Region_2576
R2577,Region_2577
R2578,Region_2578
R2579,Region_2579
R2580,Region_2580
R2581,Region_2581
R2582,Region_2582
R2583,Region_2583
R2584,Region_2584
R2585,Region_2585
R2586,Region_2586
R2587,Region_2587
R2588,Region_2588
R2589,Region_2589
R2590,Region_2590
R2591,Region_2591
R2592,Region_2592
R2593,Region_2593
R2594,Region_2594
R2595,Region_2595
R2596,Region_2596
R2597,Region_2597
R2598,Region_2598
R2599,Region_2599
R2600,Region_2600
R2601,Region_2601
R2602,Region_2602
R2603,Region_2603
R2604,Region_2604
R2605,Region_2605
R2606,Region_2606
R2607,Region_2607
R2608,Region_2608
R2609,Region_2609
R2610,Region_2610
R2611,Region_2611
R2612,Region_2612
R2613,Region_2613
R2614,Region_2614
R2615,Region_2615
R2616,Region_2616
R2617,Region_2617
R2618,Region_2618
R2619,Region_2619
R2620,Region_2620
R2621,Region_2621
R2622,Region_2622
R2623,Region_2623
R2624,Region_2624
R2625,Region_2625
R2626,Region_2626
R2627,Region_2627
R2628,Region_2628
R2629,Region_2629
R2630,Region_2630
R2631,Region_2631
R2632,Region_2632
R2633,Region_2633
R2634,Region_2634
R2635,Region_2635
R2636,Region_2636
R2637,Region_2637
R2638,Region_2638
R2639,Region_2639
R2640,Region_2640
R2641,Region_2641
R2642,Region_2642
R2643,Region_2643
R2644,Region_2644
R2645,Region_2645
R2646,Region_2646
R2647,Region_2647
R2648,Region_2648
R2649,Region_2649
R2650,Region_2650
R2651,Region_2651
R2652,Region_2652
R2653,Region_2653
R2654,Region_2654
R2655,Region_2655
R2656,Region_2656
R2657,Region_2657
R2658,Region_2658
R2659,Region_2659
R2660,Region_2660
R2661,Region_2661
R2662,Region_2662
R2663,Region_2663
R2664,Region_2664
R2665,Region_2665
R2666,Region_2666
R2667,Region_2667
R2668,Region_2668
R2669,Region_2669
R2670,Region_2670
R2671,Region_2671
R2672,Region_2672
R2673,Region_2673
R2674,Region_2674
R2675,Region_2675
R2676,Region_2676
R2677,Region_2677
R2678,Region_2678
R2679,Region_2679
R2680,Region_2680
R2681,Region_2681
R2682,Region_2682
R2683,Region_2683
R2684,Region_2684
R2685,Region_2685
R2686,Region_2686
R2687,Region_2687
R2688,Region_2688
R2689,Region_2689
R2690,Region_2690
R2691,Region_2691
R2692,Region_2692
R2693,Region_2693
R2694,Region_2694
R2695,Region_2695
R2696,Region_2696
R2697,Region_2697
R2698,Region_2698
R2699,Region_2699
R2700,Region_2700
R2701,Region_2701
R2702,Region_2702
R2703,Region_2703
R2704,Region_2704
R2705,Region_2705
R2706,Region_2706
R2707,Region_2707
R2708,Region_2708
R2709,Region_2709
R2710,Region_2710
R2711,Region_2711
R2712,Region_2712
R2713,Region_2713
R2714,Region_2714
R2715,Region_2715
R2716,Region_2716
R2717,Region_2717
R2718,Region_2718
R2719,Region_2719
R2720,Region_2720
R2721,Region_2721
R2722,Region_2722
R2723,Region_2723
R2724,Region_2724
R2725,Region_2725
R2726,Region_2726
R2727,Region_2727
R2728,Region_2728
R2729,Region_2729
R2730,Region_2730
R2731,Region_2731
R2732,Region_2732
R2733,Region_2733
R2734,Region_2734
R2735,Region_2735
R2736,Region_2736
R2737,Region_2737
R2738,Region_2738
R2739,Region_2739
R2740,Region_2740
R2741,Region_2741
R2742,Region_2742
R2743,Region_2743
R2744,Region_2744
R2745,Region_2745
R2746,Region_2746
R2747,Region_2747
R2748,Region_2748
R2749,Region_2749
R2750,Region_2750
R2751,Region_2751
R2752,Region_2752
R2753,Region_2753
R2754,Region_2754
R2755,Region_2755
R2756,Region_2756
R2757,Region_2757
R2758,Region_2758
R2759,Region_2759
R2760,Region_2760
R2761,Region_2761
R2762,Region_2762
R2763,Region_2763
R2764,Region_2764
R2765,Region_2765
R2766,Region_2766
R2767,Region_2767
R2768,Region_2768
R2769,Region_2769
R2770,Region_2770
R2771,Region_2771
R2772,Region_2772
R2773,Region_2773
R2774,Region_2774
R2775,Region_2775
R2776,Region_2776
R2777,Region_2777
R2778,Region_2778
R2779,Region_2779
R2780,Region_2780
R2781,Region_2781
R2782,Region_2782
R2783,Region_2783
R2784,Region_2784
R2785,Region_2785
R2786,Region_2786
R2787,Region_2787
R2788,Region_2788
R2789,Region_2789
R2790,Region_2790
R2791,Region_2791
R2792,Region_2792
R2793,Region_2793
R2794,Region_2794
R2795,Region_2795
R2796,Region_2796
R2797,Region_2797
R2798,Region_2798
R2799,Region_2799
R2800,Region_2800
R2801,Region_2801
R2802,Region_2802
R2803,Region_2803
R2804,Region_2804
R2805,Region_2805
R2806,Region_2806
R2807,Region_2807
R2808,Region_2808
R2809,Region_2809
R2810,Region_2810
R2811,Region_2811
R2812,Region_2812
R2813,Region_2813
R2814,Region_2814
R2815,Region_2815
R2816,Region_2816
R2817,Region_2817
R2818,Region_2818
R2819,Region_2819
R2820,Region_2820
R2821,Region_2821
R2822,Region_2822
R2823,Region_2823
R2824,Region_2824
R2825,Region_2825
R2826,Region_2826
R2827,Region_2827
R2828,Region_2828
R2829,Region_2829
R2830,Region_2830
R2831,Region_2831
R2832,Region_2832
R2833,Region_2833
R2834,Region_2834
R2835,Region_2835
R2836,Region_2836
R2837,Region_2837
R2838,Region_2838
R2839,Region_2839
R2840,Region_2840
R2841,Region_2841
R2842,Region_2842
R2843,Region_2843
R2844,Region_2844
R2845,Region_2845
R2846,Region_2846
R2847,Region_2847
R2848,Region_2848
R2849,Region_2849
R2850,Region_2850
R2851,Region_2851
R2852,Region_2852
R2853,Region_2853
R2854,Region_2854
R2855,Region_2855
R2856,Region_2856
R2857,Region_2857
R2858,Region_2858
R2859,Region_2859
R2860,Region_2860
R2861,Region_2861
R2862,Region_2862
R2863,Region_2863
R2864,Region_2864
R2865,Region_2865
R2866,Region_2866
R2867,Region_2867
R2868,Region_2868
R2869,Region_2869
R2870,Region_2870
R2871,Region_2871
R2872,Region_2872
R2873,Region_2873
R2874,Region_2874
R2875,Region_2875
R2876,Region_2876
R2877,Region_2877
R2878,Region_2878
R2879,Region_2879
R2880,Region_2880
R2881,Region_2881
R2882,Region_2882
R2883,Region_2883
R2884,Region_2884
R2885,Region_2885
R2886,Region_2886
R2887,Region_2887
R2888,Region_2888
R2889,Region_2889
R2890,Region_2890
R2891,Region_2891
R2892,Region_2892
R2893,Region_2893
R2894,Region_2894
R2895,Region_2895
R2896,Region_2896
R2897,Region_2897
R2898,Region_2898
R2899,Region_2899
R2900,Region_2900
R2901,Region_2901
R2902,Region_2902
R2903,Region_2903
R2904,Region_2904
R2905,Region_2905
R2906,Region_2906
R2907,Region_2907
R2908,Region_2908
R2909,Region_2909
R2910,Region_2910
R2911,Region_2911
R2912,Region_2912
R2913,Region_2913
R2914,Region_2914
R2915,Region_2915
R2916,Region_2916
R2917,Region_2917
R2918,Region_2918
R2919,Region_2919
R2920,Region_2920
R2921,Region_2921
R2922,Region_2922
R2923,Region_2923
R2924,Region_2924
R2925,Region_2925
R2926,Region_2926
R2927,Region_2927
R2928,Region_2928
R2929,Region_2929
R2930,Region_2930
R2931,Region_2931
R2932,Region_2932
R2933,Region_2933
R2934,Region_2934
R2935,Region_2935
R2936,Region_2936
R2937,Region_2937
R2938,Region_2938
R2939,Region_2939
R2940,Region_2940
R2941,Region_2941
R2942,Region_2942
R2943,Region_2943
R2944,Region_2944
R2945,Region_2945
R2946,Region_2946
R2947,Region_2947
R2948,Region_2948
R2949,Region_2949
R2950,Region_2950
R2951,Region_2951
R2952,Region_2952
R2953,Region_2953
R2954,Region_2954
R2955,Region_2955
R2956,Region_2956
R2957,Region_2957
R2958,Region_2958
R2959,Region_2959
R2960,Region_2960
R2961,Region_2961
R2962,Region_2962
R2963,Region_2963
R2964,Region_2964
R2965,Region_2965
R2966,Region_2966
R2967,Region_2967
R2968,Region_2968
R2969,Region_2969
R2970,Region_2970
R2971,Region_2971
R2972,Region_2972
R2973,Region_2973
R2974,Region_2974
R2975,Region_2975
R2976,Region_2976
R2977,Region_2977
R2978,Region_2978
R2979,Region_2979
R2980,Region_2980
R2981,Region_2981
R2982,Region_2982
R2983,Region_2983
R2984,Region_2984
R2985,Region_2985
R2986,Region_2986
R2987,Region_2987
R2988,Region_2988
R2989,Region_2989
R2990,Region_2990
R2991,Region_2991
R2992,Region_2992
R2993,Region_2993
R2994,Region_2994
R2995,Region_2995
R2996,Region_2996
R2997,Region_2997
R2998,Region_2998
R2999,Region_2999
R3000,Region_3000
R3001,Region_3001
R3002,Region_3002
R3003,Region_3003
R3004,Region_3004
R3005,Region_3005
R3006,Region_3006
R3007,Region_3007
R3008,Region_3008
R3009,Region_3009
R3010,Region_3010
R3011,Region_3011
R3012,Region_3012
R3013,Region_3013
R3014,Region_3014
R3015,Region_3015
R3016,Region_3016
R3017,Region_3017
R3018,Region_3018
R3019,Region_3019
R3020,Region_3020
R3021,Region_3021
R3022,Region_3022
R3023,Region_3023
R3024,Region_3024
R3025,Region_3025
R3026,Region_3026
R3027,Region_3027
R3028,Region_3028
R3029,Region_3029
R3030,Region_3030
R3031,Region_3031
R3032,Region_3032
R3033,Region_3033
R3034,Region_3034
R3035,Region_3035
R3036,Region_3036
R3037,Region_3037
R3038,Region_3038
R3039,Region_3039
R3040,Region_3040
R3041,Region_3041
R3042,Region_3042
R3043,Region_3043
R3044,Region_3044
R3045,Region_3045
R3046,Region_3046
R3047,Region_3047
R3048,Region_3048
R3049,Region_3049
R3050,Region_3050
R3051,Region_3051
R3052,Region_3052
R3053,Region_3053
R3054,Region_3054
R3055,Region_3055
R3056,Region_3056
R3057,Region_3057
R3058,Region_3058
R3059,Region_3059
R3060,Region_3060
R3061,Region_3061
R3062,Region_3062
R3063,Region_3063
R3064,Region_3064
R3065,Region_3065
R3066,Region_3066
R3067,Region_3067
R3068,Region_3068
R3069,Region_3069
R3070,Region_3070
R3071,Region_3071
R3072,Region_3072
R3073,Region_3073
R3074,Region_3074
R3075,Region_3075
R3076,Region_3076
R3077,Region_3077
R3078,Region_3078
R3079,Region_3079
R3080,Region_3080
R3081,Region_3081
R3082,Region_3082
R3083,Region_3083
R3084,Region_3084
R3085,Region_3085
R3086,Region_3086
R3087,Region_3087
R3088,Region_3088
R3089,Region_3089
R3090,Region_3090
R3091,Region_3091
R3092,Region_3092
R3093,Region_3093
R3094,Region_3094
R3095,Region_3095
R3096,Region_3096
R3097,Region_3097
R3098,Region_3098
R3099,Region_3099
R3100,Region_3100
R3101,Region_3101
R3102,Region_3102
R3103,Region_3103
R3104,Region_3104
R3105,Region_3105
R3106,Region_3106
R3107,Region_3107
R3108,Region_3108
R3109,Region_3109
R3110,Region_3110
R3111,Region_3111
R3112,Region_3112
R3113,Region_3113
R3114,Region_3114
R3115,Region_3115
R3116,Region_3116
R3117,Region_3117
R3118,Region_3118
R3119,Region_3119
R3120,Region_3120
R3121,Region_3121
R3122,Region_3122
R3123,Region_3123
R3124,Region_3124
R3125,Region_3125
R3126,Region_3126
R3127,Region_3127
R3128,Region_3128
R3129,Region_3129
R3130,Region_3130
R3131,Region_3131
R3132,Region_3132
R3133,Region_3133
R3134,Region_3134
R3135,Region_3135
R3136,Region_3136
R3137,Region_3137
R3138,Region_3138
R3139,Region_3139
R3140,Region_3140
R3141,Region_3141
R3142,Region_3142
R3143,Region_3143
R3144,Region_3144
R3145,Region_3145
R3146,Region_3146
R3147,Region_3147
R3148,Region_3148
R3149,Region_3149
R3150,Region_3150
R3151,Region_3151
R3152,Region_3152
R3153,Region_3153
R3154,Region_3154
R3155,Region_3155
R3156,Region_3156
R3157,Region_3157
R3158,Region_3158
R3159,Region_3159
R3160,Region_3160
R3161,Region_3161
R3162,Region_3162
R3163,Region_3163
R3164,Region_3164
R3165,Region_3165
R3166,Region_3166
R3167,Region_3167
R3168,Region_3168
R3169,Region_3169
R3170,Region_3170
R3171,Region_3171
R3172,Region_3172
R3173,Region_3173
R3174,Region_3174
R3175,Region_3175
R3176,Region_3176
R3177,Region_3177
R3178,Region_3178
R3179,Region_3179
R3180,Region_3180
R3181,Region_3181
R3182,Region_3182
R3183,Region_3183
R3184,Region_3184
R3185,Region_3185
R3186,Region_3186
R3187,Region_3187
R3188,Region_3188
R3189,Region_3189
R3190,Region_3190
R3191,Region_3191
R3192,Region_3192
R3193,Region_3193
R3194,Region_3194
R3195,Region_3195
R3196,Region_3196
R3197,Region_3197
R3198,Region_3198
R3199,Region_3199
R3200,Region_3200
R3201,Region_3201
R3202,Region_3202
R3203,Region_3203
R3204,Region_3204
R3205,Region_3205
R3206,Region_3206
R3207,Region_3207
R3208,Region_3208
R3209,Region_3209
R3210,Region_3210
R3211,Region_3211
R3212,Region_3212
R3213,Region_3213
R3214,Region_3214
R3215,Region_3215
R3216,Region_3216
R3217,Region_3217
R3218,Region_3218
R3219,Region_3219
R3220,Region_3220
R3221,Region_3221
R3222,Region_3222
R3223,Region_3223
R3224,Region_3224
R3225,Region_3225
R3226,Region_3226
R3227,Region_3227
R3228,Region_3228
R3229,Region_3229
R3230,Region_3230
R3231,Region_3231
R3232,Region_3232
R3233,Region_3233
R3234,Region_3234
R3235,Region_3235
R3236,Region_3236
R3237,Region_3237
R3238,Region_3238
R3239,Region_3239
R3240,Region_3240
R3241,Region_3241
R3242,Region_3242
R3243,Region_3243
R3244,Region_3244
R3245,Region_3245
R3246,Region_3246
R3247,Region_3247
R3248,Region_3248
R3249,Region_3249
R3250,Region_3250
R3251,Region_3251
R3252,Region_3252
R3253,Region_3253
R3254,Region_3254
R3255,Region_3255
R3256,Region_3256
R3257,Region_3257
R3258,Region_3258
R3259,Region_3259
R3260,Region_3260
R3261,Region_3261
R3262,Region_3262
R3263,Region_3263
R3264,Region_3264
R3265,Region_3265
R3266,Region_3266
R3267,Region_3267
R3268,Region_3268
R3269,Region_3269
R3270,Region_3270
R3271,Region_3271
R3272,Region_3272
R3273,Region_3273
R3274,Region_3274
R3275,Region_3275
R3276,Region_3276
R3277,Region_3277
R3278,Region_3278
R3279,Region_3279
R3280,Region_3280
R3281,Region_3281
R3282,Region_3282
R3283,Region_3283
R3284,Region_3284
R3285,Region_3285
R3286,Region_3286
R3287,Region_3287
R3288,Region_3288
R3289,Region_3289
R3290,Region_3290
R3291,Region_3291
R3292,Region_3292
R3293,Region_3293
R3294,Region_3294
R3295,Region_3295
R3296,Region_3296
R3297,Region_3297
R3298,Region_3298
R3299,Region_3299
R3300,Region_3300
R3301,Region_3301
R3302,Region_3302
R3303,Region_3303
R3304,Region_3304
R3305,Region_3305
R3306,Region_3306
R3307,Region_3307
R3308,Region_3308
R3309,Region_3309
R3310,Region_3310
R3311,Region_3311
R3312,Region_3312
R3313,Region_3313
R3314,Region_3314
R3315,Region_3315
R3316,Region_3316
R3317,Region_3317
R3318,Region_3318
R3319,Region_3319
R3320,Region_3320
R3321,Region_3321
R3322,Region_3322
R3323,Region_3323
R3324,Region_3324
R3325,Region_3325
R3326,Region_3326
R3327,Region_3327
R3328,Region_3328
R3329,Region_3329
R3330,Region_3330
R3331,Region_3331
R3332,Region_3332
R3333,Region_3333
R3334,Region_3334
R3335,Region_3335
R3336,Region_3336
R3337,Region_3337
R3338,Region_3338
R3339,Region_3339
R3340,Region_3340
R3341,Region_3341
R3342,Region_3342
R3343,Region_3343
R3344,Region_3344
R3345,Region_3345
R3346,Region_3346
R3347,Region_3347
R3348,Region_3348
R3349,Region_3349
R3350,Region_3350
R3351,Region_3351
R3352,Region_3352
R3353,Region_3353
R3354,Region_3354
R3355,Region_3355
R3356,Region_3356
R3357,Region_3357
R3358,Region_3358
R3359,Region_3359
R3360,Region_3360
R3361,Region_3361
R3362,Region_3362
R3363,Region_3363
R3364,Region_3364
R3365,Region_3365
R3366,Region_3366
R3367,Region_3367
R3368,Region_3368
R3369,Region_3369
R3370,Region_3370
R3371,Region_3371
R3372,Region_3372
R3373,Region_3373
R3374,Region_3374
R3375,Region_3375
R3376,Region_3376
R3377,Region_3377
R3378,Region_3378
R3379,Region_3379
R3380,Region_3380
R3381,Region_3381
R3382,Region_3382
R3383,Region_3383
R3384,Region_3384
R3385,Region_3385
R3386,Region_3386
R3387,Region_3387
R3388,Region_3388
R3389,Region_3389
R3390,Region_3390
R3391,Region_3391
R3392,Region_3392
R3393,Region_3393
R3394,Region_3394
R3395,Region_3395
R3396,Region_3396
R3397,Region_3397
R3398,Region_3398
R3399,Region_3399
R3400,Region_3400
R3401,Region_3401
R3402,Region_3402
R3403,Region_3403
R3404,Region_3404
R3405,Region_3405
R3406,Region_3406
R3407,Region_3407
R3408,Region_3408
R3409,Region_3409
R3410,Region_3410
R3411,Region_3411
R3412,Region_3412
R3413,Region_3413
R3414,Region_3414
R3415,Region_3415
R3416,Region_3416
R3417,Region_3417
R3418,Region_3418
R3419,Region_3419
R3420,Region_3420
R3421,Region_3421
R3422,Region_3422
R3423,Region_3423
R3424,Region_3424
R3425,Region_3425
R3426,Region_3426
R3427,Region_3427
R3428,Region_3428
R3429,Region_3429
R3430,Region_3430
R3431,Region_3431
R3432,Region_3432
R3433,Region_3433
R3434,Region_3434
R3435,Region_3435
R3436,Region_3436
R3437,Region_3437
R3438,Region_3438
R3439,Region_3439
R3440,Region_3440
R3441,Region_3441
R3442,Region_3442
R3443,Region_3443
R3444,Region_3444
R3445,Region_3445
R3446,Region_3446
R3447,Region_3447
R3448,Region_3448
R3449,Region_3449
R3450,Region_3450
R3451,Region_3451
R3452,Region_3452
R3453,Region_3453
R3454,Region_3454
R3455,Region_3455
R3456,Region_3456
R3457,Region_3457
R3458,Region_3458
R3459,Region_3459
R3460,Region_3460
R3461,Region_3461
R3462,Region_3462
R3463,Region_3463
R3464,Region_3464
R3465,Region_3465
R3466,Region_3466
R3467,Region_3467
R3468,Region_3468
R3469,Region_3469
R3470,Region_3470
R3471,Region_3471
R3472,Region_3472
R3473,Region_3473
R3474,Region_3474
R3475,Region_3475
R3476,Region_3476
R3477,Region_3477
R3478,Region_3478
R3479,Region_3479
R3480,Region_3480
R3481,Region_3481
R3482,Region_3482
R3483,Region_3483
R3484,Region_3484
R3485,Region_3485
R3486,Region_3486
R3487,Region_3487
R3488,Region_3488
R3489,Region_3489
R3490,Region_3490
R3491,Region_3491
R3492,Region_3492
R3493,Region_3493
R3494,Region_3494
R3495,Region_3495
R3496,Region_3496
R3497,Region_3497
R3498,Region_3498
R3499,Region_3499
R3500,Region_3500
R3501,Region_3501
R3502,Region_3502
R3503,Region_3503
R3504,Region_3504
R3505,Region_3505
R3506,Region_3506
R3507,Region_3507
R3508,Region_3508
R3509,Region_3509
R3510,Region_3510
R3511,Region_3511
R3512,Region_3512
R3513,Region_3513
R3514,Region_3514
R3515,Region_3515
R3516,Region_3516
R3517,Region_3517
R3518,Region_3518
R3519,Region_3519
R3520,Region_3520
R3521,Region_3521
R3522,Region_3522
R3523,Region_3523
R3524,Region_3524
R3525,Region_3525
R3526,Region_3526
R3527,Region_3527
R3528,Region_3528
R3529,Region_3529
R3530,Region_3530
R3531,Region_3531
R3532,Region_3532
R3533,Region_3533
R3534,Region_3534
R3535,Region_3535
R3536,Region_3536
R3537,Region_3537
R3538,Region_3538
R3539,Region_3539
R3540,Region_3540
R3541,Region_3541
R3542,Region_3542
R3543,Region_3543
R3544,Region_3544
R3545,Region_3545
R3546,Region_3546
R3547,Region_3547
R3548,Region_3548
R3549,Region_3549
R3550,Region_3550
R3551,Region_3551
R3552,Region_3552
R3553,Region_3553
R3554,Region_3554
R3555,Region_3555
R3556,Region_3556
R3557,Region_3557
R3558,Region_3558
R3559,Region_3559
R3560,Region_3560
R3561,Region_3561
R3562,Region_3562
R3563,Region_3563
R3564,Region_3564
R3565,Region_3565
R3566,Region_3566
R3567,Region_3567
R3568,Region_3568
R3569,Region_3569
R3570,Region_3570
R3571,Region_3571
R3572,Region_3572
R3573,Region_3573
R3574,Region_3574
R3575,Region_3575
R3576,Region_3576
R3577,Region_3577
R3578,Region_3578
R3579,Region_3579
R3580,Region_3580
R3581,Region_3581
R3582,Region_3582
R3583,Region_3583
R3584,Region_3584
R3585,Region_3585
R3586,Region_3586
R3587,Region_3587
R3588,Region_3588
R3589,Region_3589
R3590,Region_3590
R3591,Region_3591
R3592,Region_3592
R3593,Region_3593
R3594,Region_3594
R3595,Region_3595
R3596,Region_3596
R3597,Region_3597
R3598,Region_3598
R3599,Region_3599
R3600,Region_3600
R3601,Region_3601
R3602,Region_3602
R3603,Region_3603
R3604,Region_3604
R3605,Region_3605
R3606,Region_3606
R3607,Region_3607
R3608,Region_3608
R3609,Region_3609
R3610,Region_3610
R3611,Region_3611
R3612,Region_3612
R3613,Region_3613
R3614,Region_3614
R3615,Region_3615
R3616,Region_3616
R3617,Region_3617
R3618,Region_3618
R3619,Region_3619
R3620,Region_3620
R3621,Region_3621
R3622,Region_3622
R3623,Region_3623
R3624,Region_3624
R3625,Region_3625
R3626,Region_3626
R3627,Region_3627
R3628,Region_3628
R3629,Region_3629
R3630,Region_3630
R3631,Region_3631
R3632,Region_3632
R3633,Region_3633
R3634,Region_3634
R3635,Region_3635
R3636,Region_3636
R3637,Region_3637
R3638,Region_3638
R3639,Region_3639
R3640,Region_3640
R3641,Region_3641
R3642,Region_3642
R3643,Region_3643
R3644,Region_3644
R3645,Region_3645
R3646,Region_3646
R3647,Region_3647
R3648,Region_3648
R3649,Region_3649
R3650,Region_3650
R3651,Region_3651
R3652,Region_3652
R3653,Region_3653
R3654,Region_3654
R3655,Region_3655
R3656,Region_3656
R3657,Region_3657
R3658,Region_3658
R3659,Region_3659
R3660,Region_3660
R3661,Region_3661
R3662,Region_3662
R3663,Region_3663
R3664,Region_3664
R3665,Region_3665
R3666,Region_3666
R3667,Region_3667
R3668,Region_3668
R3669,Region_3669
R3670,Region_3670
R3671,Region_3671
R3672,Region_3672
R3673,Region_3673
R3674,Region_3674
R3675,Region_3675
R3676,Region_3676
R3677,Region_3677
R3678,Region_3678
R3679,Region_3679
R3680,Region_3680
R3681,Region_3681
R3682,Region_3682
R3683,Region_3683
R3684,Region_3684
R3685,Region_3685
R3686,Region_3686
R3687,Region_3687
R3688,Region_3688
R3689,Region_3689
R3690,Region_3690
R3691,Region_3691
R3692,Region_3692
R3693,Region_3693
R3694,Region_3694
R3695,Region_3695
R3696,Region_3696
R3697,Region_3697
R3698,Region_3698
R3699,Region_3699
R3700,Region_3700
R3701,Region_3701
R3702,Region_3702
R3703,Region_3703
R3704,Region_3704
R3705,Region_3705
R3706,Region_3706
R3707,Region_3707
R3708,Region_3708
R3709,Region_3709
R3710,Region_3710
R3711,Region_3711
R3712,Region_3712
R3713,Region_3713
R3714,Region_3714
R3715,Region_3715
R3716,Region_3716
R3717,Region_3717
R3718,Region_3718
R3719,Region_3719
R3720,Region_3720
R3721,Region_3721
R3722,Region_3722
R3723,Region_3723
R3724,Region_3724
R3725,Region_3725
R3726,Region_3726
R3727,Region_3727
R3728,Region_3728
R3729,Region_3729
R3730,Region_3730
R3731,Region_3731
R3732,Region_3732
R3733,Region_3733
R3734,Region_3734
R3735,Region_3735
R3736,Region_3736
R3737,Region_3737
R3738,Region_3738
R3739,Region_3739
R3740,Region_3740
R3741,Region_3741
R3742,Region_3742
R3743,Region_3743
R3744,Region_3744
R3745,Region_3745
R3746,Region_3746
R3747,Region_3747
R3748,Region_3748
R3749,Region_3749
R3750,Region_3750
R3751,Region_3751
R3752,Region_3752
R3753,Region_3753
R3754,Region_3754
R3755,Region_3755
R3756,Region_3756
R3757,Region_3757
R3758,Region_3758
R3759,Region_3759
R3760,Region_3760
R3761,Region_3761
R3762,Region_3762
R3763,Region_3763
R3764,Region_3764
R3765,Region_3765
R3766,Region_3766
R3767,Region_3767
R3768,Region_3768
R3769,Region_3769
R3770,Region_3770
R3771,Region_3771
R3772,Region_3772
R3773,Region_3773
R3774,Region_3774
R3775,Region_3775
R3776,Region_3776
R3777,Region_3777
R3778,Region_3778
R3779,Region_3779
R3780,Region_3780
R3781,Region_3781
R3782,Region_3782
R3783,Region_3783
R3784,Region_3784
R3785,Region_3785
R3786,Region_3786
R3787,Region_3787
R3788,Region_3788
R3789,Region_3789
R3790,Region_3790
R3791,Region_3791
R3792,Region_3792
R3793,Region_3793
R3794,Region_3794
R3795,Region_3795
R3796,Region_3796
R3797,Region_3797
R3798,Region_3798
R3799,Region_3799
R3800,Region_3800
R3801,Region_3801
R3802,Region_3802
R3803,Region_3803
R3804,Region_3804
R3805,Region_3805
R3806,Region_3806
R3807,Region_3807
R3808,Region_3808
R3809,Region_3809
R3810,Region_3810
R3811,Region_3811
R3812,Region_3812
R3813,Region_3813
R3814,Region_3814
R3815,Region_3815
R3816,Region_3816
R3817,Region_3817
R3818,Region_3818
R3819,Region_3819
R3820,Region_3820
R3821,Region_3821
R3822,Region_3822
R3823,Region_3823
R3824,Region_3824
R3825,Region_3825
R3826,Region_3826
R3827,Region_3827
R3828,Region_3828
R3829,Region_3829
R3830,Region_3830
R3831,Region_3831
R3832,Region_3832
R3833,Region_3833
R3834,Region_3834
R3835,Region_3835
R3836,Region_3836
R3837,Region_3837
R3838,Region_3838
R3839,Region_3839
R3840,Region_3840
R3841,Region_3841
R3842,Region_3842
R3843,Region_3843
R3844,Region_3844
R3845,Region_3845
R3846,Region_3846
R3847,Region_3847
R3848,Region_3848
R3849,Region_3849
R3850,Region_3850
R3851,Region_3851
R3852,Region_3852
R3853,Region_3853
R3854,Region_3854
R3855,Region_3855
R3856,Region_3856
R3857,Region_3857
R3858,Region_3858
R3859,Region_3859
R3860,Region_3860
R3861,Region_3861
R3862,Region_3862
R3863,Region_3863
R3864,Region_3864
R3865,Region_3865
R3866,Region_3866
R3867,Region_3867
R3868,Region_3868
R3869,Region_3869
R3870,Region_3870
R3871,Region_3871
R3872,Region_3872
R3873,Region_3873
R3874,Region_3874
R3875,Region_3875
R3876,Region_3876
R3877,Region_3877
R3878,Region_3878
R3879,Region_3879
R3880,Region_3880
R3881,Region_3881
R3882,Region_3882
R3883,Region_3883
R3884,Region_3884
R3885,Region_3885
R3886,Region_3886
R3887,Region_3887
R3888,Region_3888
R3889,Region_3889
R3890,Region_3890
R3891,Region_3891
R3892,Region_3892
R3893,Region_3893
R3894,Region_3894
R3895,Region_3895
R3896,Region_3896
R3897,Region_3897
R3898,Region_3898
R3899,Region_3899
R3900,Region_3900
R3901,Region_3901
R3902,Region_3902
R3903,Region_3903
R3904,Region_3904
R3905,Region_3905
R3906,Region_3906
R3907,Region_3907
R3908,Region_3908
R3909,Region_3909
R3910,Region_3910
R3911,Region_3911
R3912,Region_3912
R3913,Region_3913
R3914,Region_3914
R3915,Region_3915
R3916,Region_3916
R3917,Region_3917
R3918,Region_3918
R3919,Region_3919
R3920,Region_3920
R3921,Region_3921
R3922,Region_3922
R3923,Region_3923
R3924,Region_3924
R3925,Region_3925
R3926,Region_3926
R3927,Region_3927
R3928,Region_3928
R3929,Region_3929
R3930,Region_3930
R3931,Region_3931
R3932,Region_3932
R3933,Region_3933
R3934,Region_3934
R3935,Region_3935
R3936,Region_3936
R3937,Region_3937
R3938,Region_3938
R3939,Region_3939
R3940,Region_3940
R3941,Region_3941
R3942,Region_3942
R3943,Region_3943
R3944,Region_3944
R3945,Region_3945
R3946,Region_3946
R3947,Region_3947
R3948,Region_3948
R3949,Region_3949
R3950,Region_3950
R3951,Region_3951
R3952,Region_3952
R3953,Region_3953
R3954,Region_3954
R3955,Region_3955
R3956,Region_3956
R3957,Region_3957
R3958,Region_3958
R3959,Region_3959
R3960,Region_3960
R3961,Region_3961
R3962,Region_3962
R3963,Region_3963
R3964,Region_3964
R3965,Region_3965
R3966,Region_3966
R3967,Region_3967
R3968,Region_3968
R3969,Region_3969
R3970,Region_3970
R3971,Region_3971
R3972,Region_3972
R3973,Region_3973
R3974,Region_3974
R3975,Region_3975
R3976,Region_3976
R3977,Region_3977
R3978,Region_3978
R3979,Region_3979
R3980,Region_3980
R3981,Region_3981
R3982,Region_3982
R3983,Region_3983
R3984,Region_3984
R3985,Region_3985
R3986,Region_3986
R3987,Region_3987
R3988,Region_3988
R3989,Region_3989
R3990,Region_3990
R3991,Region_3991
R3992,Region_3992
R3993,Region_3993
R3994,Region_3994
R3995,Region_3995
R3996,Region_3996
R3997,Region_3997
R3998,Region_3998
R3999,Region_3999
R4000,Region_4000
R4001,Region_4001
R4002,Region_4002
R4003,Region_4003
R4004,Region_4004
R4005,Region_4005
R4006,Region_4006
R4007,Region_4007
R4008,Region_4008
R4009,Region_4009
R4010,Region_4010
R4011,Region_4011
R4012,Region_4012
R4013,Region_4013
R4014,Region_4014
R4015,Region_4015
R4016,Region_4016
R4017,Region_4017
R4018,Region_4018
R4019,Region_4019
R4020,Region_4020
R4021,Region_4021
R4022,Region_4022
R4023,Region_4023
R4024,Region_4024
R4025,Region_4025
R4026,Region_4026
R4027,Region_4027
R4028,Region_4028
R4029,Region_4029
R4030,Region_4030
R4031,Region_4031
R4032,Region_4032
R4033,Region_4033
R4034,Region_4034
R4035,Region_4035
R4036,Region_4036
R4037,Region_4037
R4038,Region_4038
R4039,Region_4039
R4040,Region_4040
R4041,Region_4041
R4042,Region_4042
R4043,Region_4043
R4044,Region_4044
R4045,Region_4045
R4046,Region_4046
R4047,Region_4047
R4048,Region_4048
R4049,Region_4049
R4050,Region_4050
R4051,Region_4051
R4052,Region_4052
R4053,Region_4053
R4054,Region_4054
R4055,Region_4055
R4056,Region_4056
R4057,Region_4057
R4058,Region_4058
R4059,Region_4059
R4060,Region_4060
R4061,Region_4061
R4062,Region_4062
R4063,Region_4063
R4064,Region_4064
R4065,Region_4065
R4066,Region_4066
R4067,Region_4067
R4068,Region_4068
R4069,Region_4069
R4070,Region_4070
R4071,Region_4071
R4072,Region_4072
R4073,Region_4073
R4074,Region_4074
R4075,Region_4075
R4076,Region_4076
R4077,Region_4077
R4078,Region_4078
R4079,Region_4079
R4080,Region_4080
R4081,Region_4081
R4082,Region_4082
R4083,Region_4083
R4084,Region_4084
R4085,Region_4085
R4086,Region_4086
R4087,Region_4087
R4088,Region_4088
R4089,Region_4089
R4090,Region_4090
R4091,Region_4091
R4092,Region_4092
R4093,Region_4093
R4094,Region_4094
R4095,Region_4095
R4096,Region_4096
R4097,Region_4097
R4098,Region_4098
R4099,Region_4099
R4100,Region_4100
R4101,Region_4101
R4102,Region_4102
R4103,Region_4103
R4104,Region_4104
R4105,Region_4105
R4106,Region_4106
R4107,Region_4107
R4108,Region_4108
R4109,Region_4109
R4110,Region_4110
R4111,Region_4111
R4112,Region_4112
R4113,Region_4113
R4114,Region_4114
R4115,Region_4115
R4116,Region_4116
R4117,Region_4117
R4118,Region_4118
R4119,Region_4119
R4120,Region_4120
R4121,Region_4121
R4122,Region_4122
R4123,Region_4123
R4124,Region_4124
R4125,Region_4125
R4126,Region_4126
R4127,Region_4127
R4128,Region_4128
R4129,Region_4129
R4130,Region_4130
R4131,Region_4131
R4132,Region_4132
R4133,Region_4133
R4134,Region_4134
R4135,Region_4135
R4136,Region_4136
R4137,Region_4137
R4138,Region_4138
R4139,Region_4139
R4140,Region_4140
R4141,Region_4141
R4142,Region_4142
R4143,Region_4143
R4144,Region_4144
R4145,Region_4145
R4146,Region_4146
R4147,Region_4147
R4148,Region_4148
R4149,Region_4149
R4150,Region_4150
R4151,Region_4151
R4152,Region_4152
R4153,Region_4153
R4154,Region_4154
R4155,Region_4155
R4156,Region_4156
R4157,Region_4157
R4158,Region_4158
R4159,Region_4159
R4160,Region_4160
R4161,Region_4161
R4162,Region_4162
R4163,Region_4163
R4164,Region_4164
R4165,Region_4165
R4166,Region_4166
R4167,Region_4167
R4168,Region_4168
R4169,Region_4169
R4170,Region_4170
R4171,Region_4171
R4172,Region_4172
R4173,Region_4173
R4174,Region_4174
R4175,Region_4175
R4176,Region_4176
R4177,Region_4177
R4178,Region_4178
R4179,Region_4179
R4180,Region_4180
R4181,Region_4181
R4182,Region_4182
R4183,Region_4183
R4184,Region_4184
R4185,Region_4185
R4186,Region_4186
R4187,Region_4187
R4188,Region_4188
R4189,Region_4189
R4190,Region_4190
R4191,Region_4191
R4192,Region_4192
R4193,Region_4193
R4194,Region_4194
R4195,Region_4195
R4196,Region_4196
R4197,Region_4197
R4198,Region_4198
R4199,Region_4199
R4200,Region_4200
R4201,Region_4201
R4202,Region_4202
R4203,Region_4203
R4204,Region_4204
R4205,Region_4205
R4206,Region_4206
R4207,Region_4207
R4208,Region_4208
R4209,Region_4209
R4210,Region_4210
R4211,Region_4211
R4212,Region_4212
R4213,Region_4213
R4214,Region_4214
R4215,Region_4215
R4216,Region_4216
R4217,Region_4217
R4218,Region_4218
R4219,Region_4219
R4220,Region_4220
R4221,Region_4221
R4222,Region_4222
R4223,Region_4223
R4224,Region_4224
R4225,Region_4225
R4226,Region_4226
R4227,Region_4227
R4228,Region_4228
R4229,Region_4229
R4230,Region_4230
R4231,Region_4231
R4232,Region_4232
R4233,Region_4233
R4234,Region_4234
R4235,Region_4235
R4236,Region_4236
R4237,Region_4237
R4238,Region_4238
R4239,Region_4239
R4240,Region_4240
R4241,Region_4241
R4242,Region_4242
R4243,Region_4243
R4244,Region_4244
R4245,Region_4245
R4246,Region_4246
R4247,Region_4247
R4248,Region_4248
R4249,Region_4249
R4250,Region_4250
R4251,Region_4251
R4252,Region_4252
R4253,Region_4253
R4254,Region_4254
R4255,Region_4255
R4256,Region_4256
R4257,Region_4257
R4258,Region_4258
R4259,Region_4259
R4260,Region_4260
R4261,Region_4261
R4262,Region_4262
R4263,Region_4263
R4264,Region_4264
R4265,Region_4265
R4266,Region_4266
R4267,Region_4267
R4268,Region_4268
R4269,Region_4269
R4270,Region_4270
R4271,Region_4271
R4272,Region_4272
R4273,Region_4273
R4274,Region_4274
R4275,Region_4275
R4276,Region_4276
R4277,Region_4277
R4278,Region_4278
R4279,Region_4279
R4280,Region_4280
R4281,Region_4281
R4282,Region_4282
R4283,Region_4283
R4284,Region_4284
R4285,Region_4285
R4286,Region_4286
R4287,Region_4287
R4288,Region_4288
R4289,Region_4289
R4290,Region_4290
R4291,Region_4291
R4292,Region_4292
R4293,Region_4293
R4294,Region_4294
R4295,Region_4295
R4296,Region_4296
R4297,Region_4297
R4298,Region_4298
R4299,Region_4299
R4300,Region_4300
R4301,Region_4301
R4302,Region_4302
R4303,Region_4303
R4304,Region_4304
R4305,Region_4305
R4306,Region_4306
R4307,Region_4307
R4308,Region_4308
R4309,Region_4309
R4310,Region_4310
R4311,Region_4311
R4312,Region_4312
R4313,Region_4313
R4314,Region_4314
R4315,Region_4315
R4316,Region_4316
R4317,Region_4317
R4318,Region_4318
R4319,Region_4319
R4320,Region_4320
R4321,Region_4321
R4322,Region_4322
R4323,Region_4323
R4324,Region_4324
R4325,Region_4325
R4326,Region_4326
R4327,Region_4327
R4328,Region_4328
R4329,Region_4329
R4330,Region_4330
R4331,Region_4331
R4332,Region_4332
R4333,Region_4333
R4334,Region_4334
R4335,Region_4335
R4336,Region_4336
R4337,Region_4337
R4338,Region_4338
R4339,Region_4339
R4340,Region_4340
R4341,Region_4341
R4342,Region_4342
R4343,Region_4343
R4344,Region_4344
R4345,Region_4345
R4346,Region_4346
R4347,Region_4347
R4348,Region_4348
R4349,Region_4349
R4350,Region_4350
R4351,Region_4351
R4352,Region_4352
R4353,Region_4353
R4354,Region_4354
R4355,Region_4355
R4356,Region_4356
R4357,Region_4357
R4358,Region_4358
R4359,Region_4359
R4360,Region_4360
R4361,Region_4361
R4362,Region_4362
R4363,Region_4363
R4364,Region_4364
R4365,Region_4365
R4366,Region_4366
R4367,Region_4367
R4368,Region_4368
R4369,Region_4369
R4370,Region_4370
R4371,Region_4371
R4372,Region_4372
R4373,Region_4373
R4374,Region_4374
R4375,Region_4375
R4376,Region_4376
R4377,Region_4377
R4378,Region_4378
R4379,Region_4379
R4380,Region_4380
R4381,Region_4381
R4382,Region_4382
R4383,Region_4383
R4384,Region_4384
R4385,Region_4385
R4386,Region_4386
R4387,Region_4387
R4388,Region_4388
R4389,Region_4389
R4390,Region_4390
R4391,Region_4391
R4392,Region_4392
R4393,Region_4393
R4394,Region_4394
R4395,Region_4395
R4396,Region_4396
R4397,Region_4397
R4398,Region_4398
R4399,Region_4399
R4400,Region_4400
R4401,Region_4401
R4402,Region_4402
R4403,Region_4403
R4404,Region_4404
R4405,Region_4405
R4406,Region_4406
R4407,Region_4407
R4408,Region_4408
R4409,Region_4409
R4410,Region_4410
R4411,Region_4411
R4412,Region_4412
R4413,Region_4413
R4414,Region_4414
R4415,Region_4415
R4416,Region_4416
R4417,Region_4417
R4418,Region_4418
R4419,Region_4419
R4420,Region_4420
R4421,Region_4421
R4422,Region_4422
R4423,Region_4423
R4424,Region_4424
R4425,Region_4425
R4426,Region_4426
R4427,Region_4427
R4428,Region_4428
R4429,Region_4429
R4430,Region_4430
R4431,Region_4431
R4432,Region_4432
R4433,Region_4433
R4434,Region_4434
R4435,Region_4435
R4436,Region_4436
R4437,Region_4437
R4438,Region_4438
R4439,Region_4439
R4440,Region_4440
R4441,Region_4441
R4442,Region_4442
R4443,Region_4443
R4444,Region_4444
R4445,Region_4445
R4446,Region_4446
R4447,Region_4447
R4448,Region_4448
R4449,Region_4449
R4450,Region_4450
R4451,Region_4451
R4452,Region_4452
R4453,Region_4453
R4454,Region_4454
R4455,Region_4455
R4456,Region_4456
R4457,Region_4457
R4458,Region_4458
R4459,Region_4459
R4460,Region_4460
R4461,Region_4461
R4462,Region_4462
R4463,Region_4463
R4464,Region_4464
R4465,Region_4465
R4466,Region_4466
R4467,Region_4467
R4468,Region_4468
R4469,Region_4469
R4470,Region_4470
R4471,Region_4471
R4472,Region_4472
R4473,Region_4473
R4474,Region_4474
R4475,Region_4475
R4476,Region_4476
R4477,Region_4477
R4478,Region_4478
R4479,Region_4479
R4480,Region_4480
R4481,Region_4481
R4482,Region_4482
R4483,Region_4483
R4484,Region_4484
R4485,Region_4485
R4486,Region_4486
R4487,Region_4487
R4488,Region_4488
R4489,Region_4489
R4490,Region_4490
R4491,Region_4491
R4492,Region_4492
R4493,Region_4493
R4494,Region_4494
R4495,Region_4495
R4496,Region_4496
R4497,Region_4497
R4498,Region_4498
R4499,Region_4499
R4500,Region_4500
R4501,Region_4501
R4502,Region_4502
R4503,Region_4503
R4504,Region_4504
R4505,Region_4505
R4506,Region_4506
R4507,Region_4507
R4508,Region_4508
R4509,Region_4509
R4510,Region_4510
R4511,Region_4511
R4512,Region_4512
R4513,Region_4513
R4514,Region_4514
R4515,Region_4515
R4516,Region_4516
R4517,Region_4517
R4518,Region_4518
R4519,Region_4519
R4520,Region_4520
R4521,Region_4521
R4522,Region_4522
R4523,Region_4523
R4524,Region_4524
R4525,Region_4525
R4526,Region_4526
R4527,Region_4527
R4528,Region_4528
R4529,Region_4529
R4530,Region_4530
R4531,Region_4531
R4532,Region_4532
R4533,Region_4533
R4534,Region_4534
R4535,Region_4535
R4536,Region_4536
R4537,Region_4537
R4538,Region_4538
R4539,Region_4539
R4540,Region_4540
R4541,Region_4541
R4542,Region_4542
R4543,Region_4543
R4544,Region_4544
R4545,Region_4545
R4546,Region_4546
R4547,Region_4547
R4548,Region_4548
R4549,Region_4549
R4550,Region_4550
R4551,Region_4551
R4552,Region_4552
R4553,Region_4553
R4554,Region_4554
R4555,Region_4555
R4556,Region_4556
R4557,Region_4557
R4558,Region_4558
R4559,Region_4559
R4560,Region_4560
R4561,Region_4561
R4562,Region_4562
R4563,Region_4563
R4564,Region_4564
R4565,Region_4565
R4566,Region_4566
R4567,Region_4567
R4568,Region_4568
R4569,Region_4569
R4570,Region_4570
R4571,Region_4571
R4572,Region_4572
R4573,Region_4573
R4574,Region_4574
R4575,Region_4575
R4576,Region_4576
R4577,Region_4577
R4578,Region_4578
R4579,Region_4579
R4580,Region_4580
R4581,Region_4581
R4582,Region_4582
R4583,Region_4583
R4584,Region_4584
R4585,Region_4585
R4586,Region_4586
R4587,Region_4587
R4588,Region_4588
R4589,Region_4589
R4590,Region_4590
R4591,Region_4591
R4592,Region_4592
R4593,Region_4593
R4594,Region_4594
R4595,Region_4595
R4596,Region_4596
R4597,Region_4597
R4598,Region_4598
R4599,Region_4599
R4600,Region_4600
R4601,Region_4601
R4602,Region_4602
R4603,Region_4603
R4604,Region_4604
R4605,Region_4605
R4606,Region_4606
R4607,Region_4607
R4608,Region_4608
R4609,Region_4609
R4610,Region_4610
R4611,Region_4611
R4612,Region_4612
R4613,Region_4613
R4614,Region_4614
R4615,Region_4615
R4616,Region_4616
R4617,Region_4617
R4618,Region_4618
R4619,Region_4619
R4620,Region_4620
R4621,Region_4621
R4622,Region_4622
R4623,Region_4623
R4624,Region_4624
R4625,Region_4625
R4626,Region_4626
R4627,Region_4627
R4628,Region_4628
R4629,Region_4629
R4630,Region_4630
R4631,Region_4631
R4632,Region_4632
R4633,Region_4633
R4634,Region_4634
R4635,Region_4635
R4636,Region_4636
R4637,Region_4637
R4638,Region_4638
R4639,Region_4639
R4640,Region_4640
R4641,Region_4641
R4642,Region_4642
R4643,Region_4643
R4644,Region_4644
R4645,Region_4645
R4646,Region_4646
R4647,Region_4647
R4648,Region_4648
R4649,Region_4649
R4650,Region_4650
R4651,Region_4651
R4652,Region_4652
R4653,Region_4653
R4654,Region_4654
R4655,Region_4655
R4656,Region_4656
R4657,Region_4657
R4658,Region_4658
R4659,Region_4659
R4660,Region_4660
R4661,Region_4661
R4662,Region_4662
R4663,Region_4663
R4664,Region_4664
R4665,Region_4665
R4666,Region_4666
R4667,Region_4667
R4668,Region_4668
R4669,Region_4669
R4670,Region_4670
R4671,Region_4671
R4672,Region_4672
R4673,Region_4673
R4674,Region_4674
R4675,Region_4675
R4676,Region_4676
R4677,Region_4677
R4678,Region_4678
R4679,Region_4679
R4680,Region_4680
R4681,Region_4681
R4682,Region_4682
R4683,Region_4683
R4684,Region_4684
R4685,Region_4685
R4686,Region_4686
R4687,Region_4687
R4688,Region_4688
R4689,Region_4689
R4690,Region_4690
R4691,Region_4691
R4692,Region_4692
R4693,Region_4693
R4694,Region_4694
R4695,Region_4695
R4696,Region_4696
R4697,Region_4697
R4698,Region_4698
R4699,Region_4699
R4700,Region_4700
R4701,Region_4701
R4702,Region_4702
R4703,Region_4703
R4704,Region_4704
R4705,Region_4705
R4706,Region_4706
R4707,Region_4707
R4708,Region_4708
R4709,Region_4709
R4710,Region_4710
R4711,Region_4711
R4712,Region_4712
R4713,Region_4713
R4714,Region_4714
R4715,Region_4715
R4716,Region_4716
R4717,Region_4717
R4718,Region_4718
R4719,Region_4719
R4720,Region_4720
R4721,Region_4721
R4722,Region_4722
R4723,Region_4723
R4724,Region_4724
R4725,Region_4725
R4726,Region_4726
R4727,Region_4727
R4728,Region_4728
R4729,Region_4729
R4730,Region_4730
R4731,Region_4731
R4732,Region_4732
R4733,Region_4733
R4734,Region_4734
R4735,Region_4735
R4736,Region_4736
R4737,Region_4737
R4738,Region_4738
R4739,Region_4739
R4740,Region_4740
R4741,Region_4741
R4742,Region_4742
R4743,Region_4743
R4744,Region_4744
R4745,Region_4745
R4746,Region_4746
R4747,Region_4747
R4748,Region_4748
R4749,Region_4749
R4750,Region_4750
R4751,Region_4751
R4752,Region_4752
R4753,Region_4753
R4754,Region_4754
R4755,Region_4755
R4756,Region_4756
R4757,Region_4757
R4758,Region_4758
R4759,Region_4759
R4760,Region_4760
R4761,Region_4761
R4762,Region_4762
R4763,Region_4763
R4764,Region_4764
R4765,Region_4765
R4766,Region_4766
R4767,Region_4767
R4768,Region_4768
R4769,Region_4769
R4770,Region_4770
R4771,Region_4771
R4772,Region_4772
R4773,Region_4773
R4774,Region_4774
R4775,Region_4775
R4776,Region_4776
R4777,Region_4777
R4778,Region_4778
R4779,Region_4779
R4780,Region_4780
R4781,Region_4781
R4782,Region_4782
R4783,Region_4783
R4784,Region_4784
R4785,Region_4785
R4786,Region_4786
R4787,Region_4787
R4788,Region_4788
R4789,Region_4789
R4790,Region_4790
R4791,Region_4791
R4792,Region_4792
R4793,Region_4793
R4794,Region_4794
R4795,Region_4795
R4796,Region_4796
R4797,Region_4797
R4798,Region_4798
R4799,Region_4799
R4800,Region_4800
R4801,Region_4801
R4802,Region_4802
R4803,Region_4803
R4804,Region_4804
R4805,Region_4805
R4806,Region_4806
R4807,Region_4807
R4808,Region_4808
R4809,Region_4809
R4810,Region_4810
R4811,Region_4811
R4812,Region_4812
R4813,Region_4813
R4814,Region_4814
R4815,Region_4815
R4816,Region_4816
R4817,Region_4817
R4818,Region_4818
R4819,Region_4819
R4820,Region_4820
R4821,Region_4821
R4822,Region_4822
R4823,Region_4823
R4824,Region_4824
R4825,Region_4825
R4826,Region_4826
R4827,Region_4827
R4828,Region_4828
R4829,Region_4829
R4830,Region_4830
R4831,Region_4831
R4832,Region_4832
R4833,Region_4833
R4834,Region_4834
R4835,Region_4835
R4836,Region_4836
R4837,Region_4837
R4838,Region_4838
R4839,Region_4839
R4840,Region_4840
R4841,Region_4841
R4842,Region_4842
R4843,Region_4843
R4844,Region_4844
R4845,Region_4845
R4846,Region_4846
R4847,Region_4847
R4848,Region_4848
R4849,Region_4849
R4850,Region_4850
R4851,Region_4851
R4852,Region_4852
R4853,Region_4853
R4854,Region_4854
R4855,Region_4855
R4856,Region_4856
R4857,Region_4857
R4858,Region_4858
R4859,Region_4859
R4860,Region_4860
R4861,Region_4861
R4862,Region_4862
R4863,Region_4863
R4864,Region_4864
R4865,Region_4865
R4866,Region_4866
R4867,Region_4867
R4868,Region_4868
R4869,Region_4869
R4870,Region_4870
R4871,Region_4871
R4872,Region_4872
R4873,Region_4873
R4874,Region_4874
R4875,Region_4875
R4876,Region_4876
R4877,Region_4877
R4878,Region_4878
R4879,Region_4879
R4880,Region_4880
R4881,Region_4881
R4882,Region_4882
R4883,Region_4883
R4884,Region_4884
R4885,Region_4885
R4886,Region_4886
R4887,Region_4887
R4888,Region_4888
R4889,Region_4889
R4890,Region_4890
R4891,Region_4891
R4892,Region_4892
R4893,Region_4893
R4894,Region_4894
R4895,Region_4895
R4896,Region_4896
R4897,Region_4897
R4898,Region_4898
R4899,Region_4899
R4900,Region_4900
R4901,Region_4901
R4902,Region_4902
R4903,Region_4903
R4904,Region_4904
R4905,Region_4905
R4906,Region_4906
R4907,Region_4907
R4908,Region_4908
R4909,Region_4909
R4910,Region_4910
R4911,Region_4911
R4912,Region_4912
R4913,Region_4913
R4914,Region_4914
R4915,Region_4915
R4916,Region_4916
R4917,Region_4917
R4918,Region_4918
R4919,Region_4919
R4920,Region_4920
R4921,Region_4921
R4922,Region_4922
R4923,Region_4923
R4924,Region_4924
R4925,Region_4925
R4926,Region_4926
R4927,Region_4927
R4928,Region_4928
R4929,Region_4929
R4930,Region_4930
R4931,Region_4931
R4932,Region_4932
R4933,Region_4933
R4934,Region_4934
R4935,Region_4935
R4936,Region_4936
R4937,Region_4937
R4938,Region_4938
R4939,Region_4939
R4940,Region_4940
R4941,Region_4941
R4942,Region_4942
R4943,Region_4943
R4944,Region_4944
R4945,Region_4945
R4946,Region_4946
R4947,Region_4947
R4948,Region_4948
R4949,Region_4949
R4950,Region_4950
R4951,Region_4951
R4952,Region_4952
R4953,Region_4953
R4954,Region_4954
R4955,Region_4955
R4956,Region_4956
R4957,Region_4957
R4958,Region_4958
R4959,Region_4959
R4960,Region_4960
R4961,Region_4961
R4962,Region_4962
R4963,Region_4963
R4964,Region_4964
R4965,Region_4965
R4966,Region_4966
R4967,Region_4967
R4968,Region_4968
R4969,Region_4969
R4970,Region_4970
R4971,Region_4971
R4972,Region_4972
R4973,Region_4973
R4974,Region_4974
R4975,Region_4975
R4976,Region_4976
R4977,Region_4977
R4978,Region_4978
R4979,Region_4979
R4980,Region_4980
R4981,Region_4981
R4982,Region_4982
R4983,Region_4983
R4984,Region_4984
R4985,Region_4985
R4986,Region_4986
R4987,Region_4987
R4988,Region_4988
R4989,Region_4989
R4990,Region_4990
R4991,Region_4991
R4992,Region_4992
R4993,Region_4993
R4994,Region_4994
R4995,Region_4995
R4996,Region_4996
R4997,Region_4997
R4998,Region_4998
R4999,Region_4999
R5000,Region_5000
R5001,Region_5001
R5002,Region_5002
R5003,Region_5003
R5004,Region_5004
R5005,Region_5005
R5006,Region_5006
R5007,Region_5007
R5008,Region_5008
R5009,Region_5009
R5010,Region_5010
R5011,Region_5011
R5012,Region_5012
R5013,Region_5013
R5014,Region_5014
R5015,Region_5015
R5016,Region_5016
R5017,Region_5017
R5018,Region_5018
R5019,Region_5019
R5020,Region_5020
R5021,Region_5021
R5022,Region_5022
R5023,Region_5023
R5024,Region_5024
R5025,Region_5025
R5026,Region_5026
R5027,Region_5027
R5028,Region_5028
R5029,Region_5029
R5030,Region_5030
R5031,Region_5031
R5032,Region_5032
R5033,Region_5033
R5034,Region_5034
R5035,Region_5035
R5036,Region_5036
R5037,Region_5037
R5038,Region_5038
R5039,Region_5039
R5040,Region_5040
R5041,Region_5041
R5042,Region_5042
R5043,Region_5043
R5044,Region_5044
R5045,Region_5045
R5046,Region_5046
R5047,Region_5047
R5048,Region_5048
R5049,Region_5049
R5050,Region_5050
R5051,Region_5051
R5052,Region_5052
R5053,Region_5053
R5054,Region_5054
R5055,Region_5055
R5056,Region_5056
R5057,Region_5057
R5058,Region_5058
R5059,Region_5059
R5060,Region_5060
R5061,Region_5061
R5062,Region_5062
R5063,Region_5063
R5064,Region_5064
R5065,Region_5065
R5066,Region_5066
R5067,Region_5067
R5068,Region_5068
R5069,Region_5069
R5070,Region_5070
R5071,Region_5071
R5072,Region_5072
R5073,Region_5073
R5074,Region_5074
R5075,Region_5075
R5076,Region_5076
R5077,Region_5077
R5078,Region_5078
R5079,Region_5079
R5080,Region_5080
R5081,Region_5081
R5082,Region_5082
R5083,Region_5083
R5084,Region_5084
R5085,Region_5085
R5086,Region_5086
R5087,Region_5087
R5088,Region_5088
R5089,Region_5089
R5090,Region_5090
R5091,Region_5091
R5092,Region_5092
R5093,Region_5093
R5094,Region_5094
R5095,Region_5095
R5096,Region_5096
R5097,Region_5097
R5098,Region_5098
R5099,Region_5099
R5100,Region_5100
R5101,Region_5101
R5102,Region_5102
R5103,Region_5103
R5104,Region_5104
R5105,Region_5105
R5106,Region_5106
R5107,Region_5107
R5108,Region_5108
R5109,Region_5109
R5110,Region_5110
R5111,Region_5111
R5112,Region_5112
R5113,Region_5113
R5114,Region_5114
R5115,Region_5115
R5116,Region_5116
R5117,Region_5117
R5118,Region_5118
R5119,Region_5119
R5120,Region_5120
R5121,Region_5121
R5122,Region_5122
R5123,Region_5123
R5124,Region_5124
R5125,Region_5125
R5126,Region_5126
R5127,Region_5127
R5128,Region_5128
R5129,Region_5129
R5130,Region_5130
R5131,Region_5131
R5132,Region_5132
R5133,Region_5133
R5134,Region_5134
R5135,Region_5135
R5136,Region_5136
R5137,Region_5137
R5138,Region_5138
R5139,Region_5139
R5140,Region_5140
R5141,Region_5141
R5142,Region_5142
R5143,Region_5143
R5144,Region_5144
R5145,Region_5145
R5146,Region_5146
R5147,Region_5147
R5148,Region_5148
R5149,Region_5149
R5150,Region_5150
R5151,Region_5151
R5152,Region_5152
R5153,Region_5153
R5154,Region_5154
R5155,Region_5155
R5156,Region_5156
R5157,Region_5157
R5158,Region_5158
R5159,Region_5159
R5160,Region_5160
R5161,Region_5161
R5162,Region_5162
R5163,Region_5163
R5164,Region_5164
R5165,Region_5165
R5166,Region_5166
R5167,Region_5167
R5168,Region_5168
R5169,Region_5169
R5170,Region_5170
R5171,Region_5171
R5172,Region_5172
R5173,Region_5173
R5174,Region_5174
R5175,Region_5175
R5176,Region_5176
R5177,Region_5177
R5178,Region_5178
R5179,Region_5179
R5180,Region_5180
R5181,Region_5181
R5182,Region_5182
R5183,Region_5183
R5184,Region_5184
R5185,Region_5185
R5186,Region_5186
R5187,Region_5187
R5188,Region_5188
R5189,Region_5189
R5190,Region_5190
R5191,Region_5191
R5192,Region_5192
R5193,Region_5193
R5194,Region_5194
R5195,Region_5195
R5196,Region_5196
R5197,Region_5197
R5198,Region_5198
R5199,Region_5199
R5200,Region_5200
R5201,Region_5201
R5202,Region_5202
R5203,Region_5203
R5204,Region_5204
R5205,Region_5205
R5206,Region_5206
R5207,Region_5207
R5208,Region_5208
R5209,Region_5209
R5210,Region_5210
R5211,Region_5211
R5212,Region_5212
R5213,Region_5213
R5214,Region_5214
R5215,Region_5215
R5216,Region_5216
R5217,Region_5217
R5218,Region_5218
R5219,Region_5219
R5220,Region_5220
R5221,Region_5221
R5222,Region_5222
R5223,Region_5223
R5224,Region_5224
R5225,Region_5225
R5226,Region_5226
R5227,Region_5227
R5228,Region_5228
R5229,Region_5229
R5230,Region_5230
R5231,Region_5231
R5232,Region_5232
R5233,Region_5233
R5234,Region_5234
R5235,Region_5235
R5236,Region_5236
R5237,Region_5237
R5238,Region_5238
R5239,Region_5239
R5240,Region_5240
R5241,Region_5241
R5242,Region_5242
R5243,Region_5243
R5244,Region_5244
R5245,Region_5245
R5246,Region_5246
R5247,Region_5247
R5248,Region_5248
R5249,Region_5249
R5250,Region_5250
R5251,Region_5251
R5252,Region_5252
R5253,Region_5253
R5254,Region_5254
R5255,Region_5255
R5256,Region_5256
R5257,Region_5257
R5258,Region_5258
R5259,Region_5259
R5260,Region_5260
R5261,Region_5261
R5262,Region_5262
R5263,Region_5263
R5264,Region_5264
R5265,Region_5265
R5266,Region_5266
R5267,Region_5267
R5268,Region_5268
R5269,Region_5269
R5270,Region_5270
R5271,Region_5271
R5272,Region_5272
R5273,Region_5273
R5274,Region_5274
R5275,Region_5275
R5276,Region_5276
R5277,Region_5277
R5278,Region_5278
R5279,Region_5279
R5280,Region_5280
R5281,Region_5281
R5282,Region_5282
R5283,Region_5283
R5284,Region_5284
R5285,Region_5285
R5286,Region_5286
R5287,Region_5287
R5288,Region_5288
R5289,Region_5289
R5290,Region_5290
R5291,Region_5291
R5292,Region_5292
R5293,Region_5293
R5294,Region_5294
R5295,Region_5295
R5296,Region_5296
R5297,Region_5297
R5298,Region_5298
R5299,Region_5299
R5300,Region_5300
R5301,Region_5301
R5302,Region_5302
R5303,Region_5303
R5304,Region_5304
R5305,Region_5305
R5306,Region_5306
R5307,Region_5307
R5308,Region_5308
R5309,Region_5309
R5310,Region_5310
R5311,Region_5311
R5312,Region_5312
R5313,Region_5313
R5314,Region_5314
R5315,Region_5315
R5316,Region_5316
R5317,Region_5317
R5318,Region_5318
R5319,Region_5319
R5320,Region_5320
R5321,Region_5321
R5322,Region_5322
R5323,Region_5323
R5324,Region_5324
R5325,Region_5325
R5326,Region_5326
R5327,Region_5327
R5328,Region_5328
R5329,Region_5329
R5330,Region_5330
R5331,Region_5331
R5332,Region_5332
R5333,Region_5333
R5334,Region_5334
R5335,Region_5335
R5336,Region_5336
R5337,Region_5337
R5338,Region_5338
R5339,Region_5339
R5340,Region_5340
R5341,Region_5341
R5342,Region_5342
R5343,Region_5343
R5344,Region_5344
R5345,Region_5345
R5346,Region_5346
R5347,Region_5347
R5348,Region_5348
R5349,Region_5349
R5350,Region_5350
R5351,Region_5351
R5352,Region_5352
R5353,Region_5353
R5354,Region_5354
R5355,Region_5355
R5356,Region_5356
R5357,Region_5357
R5358,Region_5358
R5359,Region_5359
R5360,Region_5360
R5361,Region_5361
R5362,Region_5362
R5363,Region_5363
R5364,Region_5364
R5365,Region_5365
R5366,Region_5366
R5367,Region_5367
R5368,Region_5368
R5369,Region_5369
R5370,Region_5370
R5371,Region_5371
R5372,Region_5372
R5373,Region_5373
R5374,Region_5374
R5375,Region_5375
R5376,Region_5376
R5377,Region_5377
R5378,Region_5378
R5379,Region_5379
R5380,Region_5380
R5381,Region_5381
R5382,Region_5382
R5383,Region_5383
R5384,Region_5384
R5385,Region_5385
R5386,Region_5386
R5387,Region_5387
R5388,Region_5388
R5389,Region_5389
R5390,Region_5390
R5391,Region_5391
R5392,Region_5392
R5393,Region_5393
R5394,Region_5394
R5395,Region_5395
R5396,Region_5396
R5397,Region_5397
R5398,Region_5398
R5399,Region_5399
R5400,Region_5400
R5401,Region_5401
R5402,Region_5402
R5403,Region_5403
R5404,Region_5404
R5405,Region_5405
R5406,Region_5406
R5407,Region_5407
R5408,Region_5408
R5409,Region_5409
R5410,Region_5410
R5411,Region_5411
R5412,Region_5412
R5413,Region_5413
R5414,Region_5414
R5415,Region_5415
R5416,Region_5416
R5417,Region_5417
R5418,Region_5418
R5419,Region_5419
R5420,Region_5420
R5421,Region_5421
R5422,Region_5422
R5423,Region_5423
R5424,Region_5424
R5425,Region_5425
R5426,Region_5426
R5427,Region_5427
R5428,Region_5428
R5429,Region_5429
R5430,Region_5430
R5431,Region_5431
R5432,Region_5432
R5433,Region_5433
R5434,Region_5434
R5435,Region_5435
R5436,Region_5436
R5437,Region_5437
R5438,Region_5438
R5439,Region_5439
R5440,Region_5440
R5441,Region_5441
R5442,Region_5442
R5443,Region_5443
R5444,Region_5444
R5445,Region_5445
R5446,Region_5446
R5447,Region_5447
R5448,Region_5448
R5449,Region_5449
R5450,Region_5450
R5451,Region_5451
R5452,Region_5452
R5453,Region_5453
R5454,Region_5454
R5455,Region_5455
R5456,Region_5456
R5457,Region_5457
R5458,Region_5458
R5459,Region_5459
R5460,Region_5460
R5461,Region_5461
R5462,Region_5462
R5463,Region_5463
R5464,Region_5464
R5465,Region_5465
R5466,Region_5466
R5467,Region_5467
R5468,Region_5468
R5469,Region_5469
R5470,Region_5470
R5471,Region_5471
R5472,Region_5472
R5473,Region_5473
R5474,Region_5474
R5475,Region_5475
R5476,Region_5476
R5477,Region_5477
R5478,Region_5478
R5479,Region_5479
R5480,Region_5480
R5481,Region_5481
R5482,Region_5482
R5483,Region_5483
R5484,Region_5484
R5485,Region_5485
R5486,Region_5486
R5487,Region_5487
R5488,Region_5488
R5489,Region_5489
R5490,Region_5490
R5491,Region_5491
R5492,Region_5492
R5493,Region_5493
R5494,Region_5494
R5495,Region_5495
R5496,Region_5496
R5497,Region_5497
R5498,Region_5498
R5499,Region_5499
R5500,Region_5500
R5501,Region_5501
R5502,Region_5502
R5503,Region_5503
R5504,Region_5504
R5505,Region_5505
R5506,Region_5506
R5507,Region_5507
R5508,Region_5508
R5509,Region_5509
R5510,Region_5510
R5511,Region_5511
R5512,Region_5512
R5513,Region_5513
R5514,Region_5514
R5515,Region_5515
R5516,Region_5516
R5517,Region_5517
R5518,Region_5518
R5519,Region_5519
R5520,Region_5520
R5521,Region_5521
R5522,Region_5522
R5523,Region_5523
R5524,Region_5524
R5525,Region_5525
R5526,Region_5526
R5527,Region_5527
R5528,Region_5528
R5529,Region_5529
R5530,Region_5530
R5531,Region_5531
R5532,Region_5532
R5533,Region_5533
R5534,Region_5534
R5535,Region_5535
R5536,Region_5536
R5537,Region_5537
R5538,Region_5538
R5539,Region_5539
R5540,Region_5540
R5541,Region_5541
R5542,Region_5542
R5543,Region_5543
R5544,Region_5544
R5545,Region_5545
R5546,Region_5546
R5547,Region_5547
R5548,Region_5548
R5549,Region_5549
R5550,Region_5550
R5551,Region_5551
R5552,Region_5552
R5553,Region_5553
R5554,Region_5554
R5555,Region_5555
R5556,Region_5556
R5557,Region_5557
R5558,Region_5558
R5559,Region_5559
R5560,Region_5560
R5561,Region_5561
R5562,Region_5562
R5563,Region_5563
R5564,Region_5564
R5565,Region_5565
R5566,Region_5566
R5567,Region_5567
R5568,Region_5568
R5569,Region_5569
R5570,Region_5570
R5571,Region_5571
R5572,Region_5572
R5573,Region_5573
R5574,Region_5574
R5575,Region_5575
R5576,Region_5576
R5577,Region_5577
R5578,Region_5578
R5579,Region_5579
R5580,Region_5580
R5581,Region_5581
R5582,Region_5582
R5583,Region_5583
R5584,Region_5584
R5585,Region_5585
R5586,Region_5586
R5587,Region_5587
R5588,Region_5588
R5589,Region_5589
R5590,Region_5590
R5591,Region_5591
R5592,Region_5592
R5593,Region_5593
R5594,Region_5594
R5595,Region_5595
R5596,Region_5596
R5597,Region_5597
R5598,Region_5598
R5599,Region_5599
R5600,Region_5600
R5601,Region_5601
R5602,Region_5602
R5603,Region_5603
R5604,Region_5604
R5605,Region_5605
R5606,Region_5606
R5607,Region_5607
R5608,Region_5608
R5609,Region_5609
R5610,Region_5610
R5611,Region_5611
R5612,Region_5612
R5613,Region_5613
R5614,Region_5614
R5615,Region_5615
R5616,Region_5616
R5617,Region_5617
R5618,Region_5618
R5619,Region_5619
R5620,Region_5620
R5621,Region_5621
R5622,Region_5622
R5623,Region_5623
R5624,Region_5624
R5625,Region_5625
R5626,Region_5626
R5627,Region_5627
R5628,Region_5628
R5629,Region_5629
R5630,Region_5630
R5631,Region_5631
R5632,Region_5632
R5633,Region_5633
R5634,Region_5634
R5635,Region_5635
R5636,Region_5636
R5637,Region_5637
R5638,Region_5638
R5639,Region_5639
R5640,Region_5640
R5641,Region_5641
R5642,Region_5642
R5643,Region_5643
R5644,Region_5644
R5645,Region_5645
R5646,Region_5646
R5647,Region_5647
R5648,Region_5648
R5649,Region_5649
R5650,Region_5650
R5651,Region_5651
R5652,Region_5652
R5653,Region_5653
R5654,Region_5654
R5655,Region_5655
R5656,Region_5656
R5657,Region_5657
R5658,Region_5658
R5659,Region_5659
R5660,Region_5660
R5661,Region_5661
R5662,Region_5662
R5663,Region_5663
R5664,Region_5664
R5665,Region_5665
R5666,Region_5666
R5667,Region_5667
R5668,Region_5668
R5669,Region_5669
R5670,Region_5670
R5671,Region_5671
R5672,Region_5672
R5673,Region_5673
R5674,Region_5674
R5675,Region_5675
R5676,Region_5676
R5677,Region_5677
R5678,Region_5678
R5679,Region_5679
R5680,Region_5680
R5681,Region_5681
R5682,Region_5682
R5683,Region_5683
R5684,Region_5684
R5685,Region_5685
R5686,Region_5686
R5687,Region_5687
R5688,Region_5688
R5689,Region_5689
R5690,Region_5690
R5691,Region_5691
R5692,Region_5692
R5693,Region_5693
R5694,Region_5694
R5695,Region_5695
R5696,Region_5696
R5697,Region_5697
R5698,Region_5698
R5699,Region_5699
R5700,Region_5700
R5701,Region_5701
R5702,Region_5702
R5703,Region_5703
R5704,Region_5704
R5705,Region_5705
R5706,Region_5706
R5707,Region_5707
R5708,Region_5708
R5709,Region_5709
R5710,Region_5710
R5711,Region_5711
R5712,Region_5712
R5713,Region_5713
R5714,Region_5714
R5715,Region_5715
R5716,Region_5716
R5717,Region_5717
R5718,Region_5718
R5719,Region_5719
R5720,Region_5720
R5721,Region_5721
R5722,Region_5722
R5723,Region_5723
R5724,Region_5724
R5725,Region_5725
R5726,Region_5726
R5727,Region_5727
R5728,Region_5728
R5729,Region_5729
R5730,Region_5730
R5731,Region_5731
R5732,Region_5732
R5733,Region_5733
R5734,Region_5734
R5735,Region_5735
R5736,Region_5736
R5737,Region_5737
R5738,Region_5738
R5739,Region_5739
R5740,Region_5740
R5741,Region_5741
R5742,Region_5742
R5743,Region_5743
R5744,Region_5744
R5745,Region_5745
R5746,Region_5746
R5747,Region_5747
R5748,Region_5748
R5749,Region_5749
R5750,Region_5750
R5751,Region_5751
R5752,Region_5752
R5753,Region_5753
R5754,Region_5754
R5755,Region_5755
R5756,Region_5756
R5757,Region_5757
R5758,Region_5758
R5759,Region_5759
R5760,Region_5760
R5761,Region_5761
R5762,Region_5762
R5763,Region_5763
R5764,Region_5764
R5765,Region_5765
R5766,Region_5766
R5767,Region_5767
R5768,Region_5768
R5769,Region_5769
R5770,Region_5770
R5771,Region_5771
R5772,Region_5772
R5773,Region_5773
R5774,Region_5774
R5775,Region_5775
R5776,Region_5776
R5777,Region_5777
R5778,Region_5778
R5779,Region_5779
R5780,Region_5780
R5781,Region_5781
R5782,Region_5782
R5783,Region_5783
R5784,Region_5784
R5785,Region_5785
R5786,Region_5786
R5787,Region_5787
R5788,Region_5788
R5789,Region_5789
R5790,Region_5790
R5791,Region_5791
R5792,Region_5792
R5793,Region_5793
R5794,Region_5794
R5795,Region_5795
R5796,Region_5796
R5797,Region_5797
R5798,Region_5798
R5799,Region_5799
R5800,Region_5800
R5801,Region_5801
R5802,Region_5802
R5803,Region_5803
R5804,Region_5804
R5805,Region_5805
R5806,Region_5806
R5807,Region_5807
R5808,Region_5808
R5809,Region_5809
R5810,Region_5810
R5811,Region_5811
R5812,Region_5812
R5813,Region_5813
R5814,Region_5814
R5815,Region_5815
R5816,Region_5816
R5817,Region_5817
R5818,Region_5818
R5819,Region_5819
R5820,Region_5820
R5821,Region_5821
R5822,Region_5822
R5823,Region_5823
R5824,Region_5824
R5825,Region_5825
R5826,Region_5826
R5827,Region_5827
R5828,Region_5828
R5829,Region_5829
R5830,Region_5830
R5831,Region_5831
R5832,Region_5832
R5833,Region_5833
R5834,Region_5834
R5835,Region_5835
R5836,Region_5836
R5837,Region_5837
R5838,Region_5838
R5839,Region_5839
R5840,Region_5840
R5841,Region_5841
R5842,Region_5842
R5843,Region_5843
R5844,Region_5844
R5845,Region_5845
R5846,Region_5846
R5847,Region_5847
R5848,Region_5848
R5849,Region_5849
R5850,Region_5850
R5851,Region_5851
R5852,Region_5852
R5853,Region_5853
R5854,Region_5854
R5855,Region_5855
R5856,Region_5856
R5857,Region_5857
R5858,Region_5858
R5859,Region_5859
R5860,Region_5860
R5861,Region_5861
R5862,Region_5862
R5863,Region_5863
R5864,Region_5864
R5865,Region_5865
R5866,Region_5866
R5867,Region_5867
R5868,Region_5868
R5869,Region_5869
R5870,Region_5870
R5871,Region_5871
R5872,Region_5872
R5873,Region_5873
R5874,Region_5874
R5875,Region_5875
R5876,Region_5876
R5877,Region_5877
R5878,Region_5878
R5879,Region_5879
R5880,Region_5880
R5881,Region_5881
R5882,Region_5882
R5883,Region_5883
R5884,Region_5884
R5885,Region_5885
R5886,Region_5886
R5887,Region_5887
R5888,Region_5888
R5889,Region_5889
R5890,Region_5890
R5891,Region_5891
R5892,Region_5892
R5893,Region_5893
R5894,Region_5894
R5895,Region_5895
R5896,Region_5896
R5897,Region_5897
R5898,Region_5898
R5899,Region_5899
R5900,Region_5900
R5901,Region_5901
R5902,Region_5902
R5903,Region_5903
R5904,Region_5904
R5905,Region_5905
R5906,Region_5906
R5907,Region_5907
R5908,Region_5908
R5909,Region_5909
R5910,Region_5910
R5911,Region_5911
R5912,Region_5912
R5913,Region_5913
R5914,Region_5914
R5915,Region_5915
R5916,Region_5916
R5917,Region_5917
R5918,Region_5918
R5919,Region_5919
R5920,Region_5920
R5921,Region_5921
R5922,Region_5922
R5923,Region_5923
R5924,Region_5924
R5925,Region_5925
R5926,Region_5926
R5927,Region_5927
R5928,Region_5928
R5929,Region_5929
R5930,Region_5930
R5931,Region_5931
R5932,Region_5932
R5933,Region_5933
R5934,Region_5934
R5935,Region_5935
R5936,Region_5936
R5937,Region_5937
R5938,Region_5938
R5939,Region_5939
R5940,Region_5940
R5941,Region_5941
R5942,Region_5942
R5943,Region_5943
R5944,Region_5944
R5945,Region_5945
R5946,Region_5946
R5947,Region_5947
R5948,Region_5948
R5949,Region_5949
R5950,Region_5950
R5951,Region_5951
R5952,Region_5952
R5953,Region_5953
R5954,Region_5954
R5955,Region_5955
R5956,Region_5956
R5957,Region_5957
R5958,Region_5958
R5959,Region_5959
R5960,Region_5960
R5961,Region_5961
R5962,Region_5962
R5963,Region_5963
R5964,Region_5964
R5965,Region_5965
R5966,Region_5966
R5967,Region_5967
R5968,Region_5968
R5969,Region_5969
R5970,Region_5970
R5971,Region_5971
R5972,Region_5972
R5973,Region_5973
R5974,Region_5974
R5975,Region_5975
R5976,Region_5976
R5977,Region_5977
R5978,Region_5978
R5979,Region_5979
R5980,Region_5980
R5981,Region_5981
R5982,Region_5982
R5983,Region_5983
R5984,Region_5984
R5985,Region_5985
R5986,Region_5986
R5987,Region_5987
R5988,Region_5988
R5989,Region_5989
R5990,Region_5990
R5991,Region_5991
R5992,Region_5992
R5993,Region_5993
R5994,Region_5994
R5995,Region_5995
R5996,Region_5996
R5997,Region_5997
R5998,Region_5998
R5999,Region_5999
R6000,Region_6000
R6001,Region_6001
R6002,Region_6002
R6003,Region_6003
R6004,Region_6004
R6005,Region_6005
R6006,Region_6006
R6007,Region_6007
R6008,Region_6008
R6009,Region_6009
R6010,Region_6010
R6011,Region_6011
R6012,Region_6012
R6013,Region_6013
R6014,Region_6014
R6015,Region_6015
R6016,Region_6016
R6017,Region_6017
R6018,Region_6018
R6019,Region_6019
R6020,Region_6020
R6021,Region_6021
R6022,Region_6022
R6023,Region_6023
R6024,Region_6024
R6025,Region_6025
R6026,Region_6026
R6027,Region_6027
R6028,Region_6028
R6029,Region_6029
R6030,Region_6030
R6031,Region_6031
R6032,Region_6032
R6033,Region_6033
R6034,Region_6034
R6035,Region_6035
R6036,Region_6036
R6037,Region_6037
R6038,Region_6038
R6039,Region_6039
R6040,Region_6040
R6041,Region_6041
R6042,Region_6042
R6043,Region_6043
R6044,Region_6044
R6045,Region_6045
R6046,Region_6046
R6047,Region_6047
R6048,Region_6048
R6049,Region_6049
R6050,Region_6050
R6051,Region_6051
R6052,Region_6052
R6053,Region_6053
R6054,Region_6054
R6055,Region_6055
R6056,Region_6056
R6057,Region_6057
R6058,Region_6058
R6059,Region_6059
R6060,Region_6060
R6061,Region_6061
R6062,Region_6062
R6063,Region_6063
R6064,Region_6064
R6065,Region_6065
R6066,Region_6066
R6067,Region_6067
R6068,Region_6068
R6069,Region_6069
R6070,Region_6070
R6071,Region_6071
R6072,Region_6072
R6073,Region_6073
R6074,Region_6074
R6075,Region_6075
R6076,Region_6076
R6077,Region_6077
R6078,Region_6078
R6079,Region_6079
R6080,Region_6080
R6081,Region_6081
R6082,Region_6082
R6083,Region_6083
R6084,Region_6084
R6085,Region_6085
R6086,Region_6086
R6087,Region_6087
R6088,Region_6088
R6089,Region_6089
R6090,Region_6090
R6091,Region_6091
R6092,Region_6092
R6093,Region_6093
R6094,Region_6094
R6095,Region_6095
R6096,Region_6096
R6097,Region_6097
R6098,Region_6098
R6099,Region_6099
R6100,Region_6100
R6101,Region_6101
R6102,Region_6102
R6103,Region_6103
R6104,Region_6104
R6105,Region_6105
R6106,Region_6106
R6107,Region_6107
R6108,Region_6108
R6109,Region_6109
R6110,Region_6110
R6111,Region_6111
R6112,Region_6112
R6113,Region_6113
R6114,Region_6114
R6115,Region_6115
R6116,Region_6116
R6117,Region_6117
R6118,Region_6118
R6119,Region_6119
R6120,Region_6120
R6121,Region_6121
R6122,Region_6122
R6123,Region_6123
R6124,Region_6124
R6125,Region_6125
R6126,Region_6126
R6127,Region_6127
R6128,Region_6128
R6129,Region_6129
R6130,Region_6130
R6131,Region_6131
R6132,Region_6132
R6133,Region_6133
R6134,Region_6134
R6135,Region_6135
R6136,Region_6136
R6137,Region_6137
R6138,Region_6138
R6139,Region_6139
R6140,Region_6140
R6141,Region_6141
R6142,Region_6142
R6143,Region_6143
R6144,Region_6144
R6145,Region_6145
R6146,Region_6146
R6147,Region_6147
R6148,Region_6148
R6149,Region_6149
R6150,Region_6150
R6151,Region_6151
R6152,Region_6152
R6153,Region_6153
R6154,Region_6154
R6155,Region_6155
R6156,Region_6156
R6157,Region_6157
R6158,Region_6158
R6159,Region_6159
R6160,Region_6160
R6161,Region_6161
R6162,Region_6162
R6163,Region_6163
R6164,Region_6164
R6165,Region_6165
R6166,Region_6166
R6167,Region_6167
R6168,Region_6168
R6169,Region_6169
R6170,Region_6170
R6171,Region_6171
R6172,Region_6172
R6173,Region_6173
R6174,Region_6174
R6175,Region_6175
R6176,Region_6176
R6177,Region_6177
R6178,Region_6178
R6179,Region_6179
R6180,Region_6180
R6181,Region_6181
R6182,Region_6182
R6183,Region_6183
R6184,Region_6184
R6185,Region_6185
R6186,Region_6186
R6187,Region_6187
R6188,Region_6188
R6189,Region_6189
R6190,Region_6190
R6191,Region_6191
R6192,Region_6192
R6193,Region_6193
R6194,Region_6194
R6195,Region_6195
R6196,Region_6196
R6197,Region_6197
R6198,Region_6198
R6199,Region_6199
R6200,Region_6200
R6201,Region_6201
R6202,Region_6202
R6203,Region_6203
R6204,Region_6204
R6205,Region_6205
R6206,Region_6206
R6207,Region_6207
R6208,Region_6208
R6209,Region_6209
R6210,Region_6210
R6211,Region_6211
R6212,Region_6212
R6213,Region_6213
R6214,Region_6214
R6215,Region_6215
R6216,Region_6216
R6217,Region_6217
R6218,Region_6218
R6219,Region_6219
R6220,Region_6220
R6221,Region_6221
R6222,Region_6222
R6223,Region_6223
R6224,Region_6224
R6225,Region_6225
R6226,Region_6226
R6227,Region_6227
R6228,Region_6228
R6229,Region_6229
R6230,Region_6230
R6231,Region_6231
R6232,Region_6232
R6233,Region_6233
R6234,Region_6234
R6235,Region_6235
R6236,Region_6236
R6237,Region_6237
R6238,Region_6238
R6239,Region_6239
R6240,Region_6240
R6241,Region_6241
R6242,Region_6242
R6243,Region_6243
R6244,Region_6244
R6245,Region_6245
R6246,Region_6246
R6247,Region_6247
R6248,Region_6248
R6249,Region_6249
R6250,Region_6250
R6251,Region_6251
R6252,Region_6252
R6253,Region_6253
R6254,Region_6254
R6255,Region_6255
R6256,Region_6256
R6257,Region_6257
R6258,Region_6258
R6259,Region_6259
R6260,Region_6260
R6261,Region_6261
R6262,Region_6262
R6263,Region_6263
R6264,Region_6264
R6265,Region_6265
R6266,Region_6266
R6267,Region_6267
R6268,Region_6268
R6269,Region_6269
R6270,Region_6270
R6271,Region_6271
R6272,Region_6272
R6273,Region_6273
R6274,Region_6274
R6275,Region_6275
R6276,Region_6276
R6277,Region_6277
R6278,Region_6278
R6279,Region_6279
R6280,Region_6280
R6281,Region_6281
R6282,Region_6282
R6283,Region_6283
R6284,Region_6284
R6285,Region_6285
R6286,Region_6286
R6287,Region_6287
R6288,Region_6288
R6289,Region_6289
R6290,Region_6290
R6291,Region_6291
R6292,Region_6292
R6293,Region_6293
R6294,Region_6294
R6295,Region_6295
R6296,Region_6296
R6297,Region_6297
R6298,Region_6298
R6299,Region_6299
R6300,Region_6300
R6301,Region_6301
R6302,Region_6302
R6303,Region_6303
R6304,Region_6304
R6305,Region_6305
R6306,Region_6306
R6307,Region_6307
R6308,Region_6308
R6309,Region_6309
R6310,Region_6310
R6311,Region_6311
R6312,Region_6312
R6313,Region_6313
R6314,Region_6314
R6315,Region_6315
R6316,Region_6316
R6317,Region_6317
R6318,Region_6318
R6319,Region_6319
R6320,Region_6320
R6321,Region_6321
R6322,Region_6322
R6323,Region_6323
R6324,Region_6324
R6325,Region_6325
R6326,Region_6326
R6327,Region_6327
R6328,Region_6328
R6329,Region_6329
R6330,Region_6330
R6331,Region_6331
R6332,Region_6332
R6333,Region_6333
R6334,Region_6334
R6335,Region_6335
R6336,Region_6336
R6337,Region_6337
R6338,Region_6338
R6339,Region_6339
R6340,Region_6340
R6341,Region_6341
R6342,Region_6342
R6343,Region_6343
R6344,Region_6344
R6345,Region_6345
R6346,Region_6346
R6347,Region_6347
R6348,Region_6348
R6349,Region_6349
R6350,Region_6350
R6351,Region_6351
R6352,Region_6352
R6353,Region_6353
R6354,Region_6354
R6355,Region_6355
R6356,Region_6356
R6357,Region_6357
R6358,Region_6358
R6359,Region_6359
R6360,Region_6360
R6361,Region_6361
R6362,Region_6362
R6363,Region_6363
R6364,Region_6364
R6365,Region_6365
R6366,Region_6366
R6367,Region_6367
R6368,Region_6368
R6369,Region_6369
R6370,Region_6370
R6371,Region_6371
R6372,Region_6372
R6373,Region_6373
R6374,Region_6374
R6375,Region_6375
R6376,Region_6376
R6377,Region_6377
R6378,Region_6378
R6379,Region_6379
R6380,Region_6380
R6381,Region_6381
R6382,Region_6382
R6383,Region_6383
R6384,Region_6384
R6385,Region_6385
R6386,Region_6386
R6387,Region_6387
R6388,Region_6388
R6389,Region_6389
R6390,Region_6390
R6391,Region_6391
R6392,Region_6392
R6393,Region_6393
R6394,Region_6394
R6395,Region_6395
R6396,Region_6396
R6397,Region_6397
R6398,Region_6398
R6399,Region_6399
R6400,Region_6400
R6401,Region_6401
R6402,Region_6402
R6403,Region_6403
R6404,Region_6404
R6405,Region_6405
R6406,Region_6406
R6407,Region_6407
R6408,Region_6408
R6409,Region_6409
R6410,Region_6410
R6411,Region_6411
R6412,Region_6412
R6413,Region_6413
R6414,Region_6414
R6415,Region_6415
R6416,Region_6416
R6417,Region_6417
R6418,Region_6418
R6419,Region_6419
R6420,Region_6420
R6421,Region_6421
R6422,Region_6422
R6423,Region_6423
R6424,Region_6424
R6425,Region_6425
R6426,Region_6426
R6427,Region_6427
R6428,Region_6428
R6429,Region_6429
R6430,Region_6430
R6431,Region_6431
R6432,Region_6432
R6433,Region_6433
R6434,Region_6434
R6435,Region_6435
R6436,Region_6436
R6437,Region_6437
R6438,Region_6438
R6439,Region_6439
R6440,Region_6440
R6441,Region_6441
R6442,Region_6442
R6443,Region_6443
R6444,Region_6444
R6445,Region_6445
R6446,Region_6446
R6447,Region_6447
R6448,Region_6448
R6449,Region_6449
R6450,Region_6450
R6451,Region_6451
R6452,Region_6452
R6453,Region_6453
R6454,Region_6454
R6455,Region_6455
R6456,Region_6456
R6457,Region_6457
R6458,Region_6458
R6459,Region_6459
R6460,Region_6460
R6461,Region_6461
R6462,Region_6462
R6463,Region_6463
R6464,Region_6464
R6465,Region_6465
R6466,Region_6466
R6467,Region_6467
R6468,Region_6468
R6469,Region_6469
R6470,Region_6470
R6471,Region_6471
R6472,Region_6472
R6473,Region_6473
R6474,Region_6474
R6475,Region_6475
R6476,Region_6476
R6477,Region_6477
R6478,Region_6478
R6479,Region_6479
R6480,Region_6480
R6481,Region_6481
R6482,Region_6482
R6483,Region_6483
R6484,Region_6484
R6485,Region_6485
R6486,Region_6486
R6487,Region_6487
R6488,Region_6488
R6489,Region_6489
R6490,Region_6490
R6491,Region_6491
R6492,Region_6492
R6493,Region_6493
R6494,Region_6494
R6495,Region_6495
R6496,Region_6496
R6497,Region_6497
R6498,Region_6498
R6499,Region_6499
R6500,Region_6500
R6501,Region_6501
R6502,Region_6502
R6503,Region_6503
R6504,Region_6504
R6505,Region_6505
R6506,Region_6506
R6507,Region_6507
R6508,Region_6508
R6509,Region_6509
R6510,Region_6510
R6511,Region_6511
R6512,Region_6512
R6513,Region_6513
R6514,Region_6514
R6515,Region_6515
R6516,Region_6516
R6517,Region_6517
R6518,Region_6518
R6519,Region_6519
R6520,Region_6520
R6521,Region_6521
R6522,Region_6522
R6523,Region_6523
R6524,Region_6524
R6525,Region_6525
R6526,Region_6526
R6527,Region_6527
R6528,Region_6528
R6529,Region_6529
R6530,Region_6530
R6531,Region_6531
R6532,Region_6532
R6533,Region_6533
R6534,Region_6534
R6535,Region_6535
R6536,Region_6536
R6537,Region_6537
R6538,Region_6538
R6539,Region_6539
R6540,Region_6540
R6541,Region_6541
R6542,Region_6542
R6543,Region_6543
R6544,Region_6544
R6545,Region_6545
R6546,Region_6546
R6547,Region_6547
R6548,Region_6548
R6549,Region_6549
R6550,Region_6550
R6551,Region_6551
R6552,Region_6552
R6553,Region_6553
R6554,Region_6554
R6555,Region_6555
R6556,Region_6556
R6557,Region_6557
R6558,Region_6558
R6559,Region_6559
R6560,Region_6560
R6561,Region_6561
R6562,Region_6562
R6563,Region_6563
R6564,Region_6564
R6565,Region_6565
R6566,Region_6566
R6567,Region_6567
R6568,Region_6568
R6569,Region_6569
R6570,Region_6570
R6571,Region_6571
R6572,Region_6572
R6573,Region_6573
R6574,Region_6574
R6575,Region_6575
R6576,Region_6576
R6577,Region_6577
R6578,Region_6578
R6579,Region_6579
R6580,Region_6580
R6581,Region_6581
R6582,Region_6582
R6583,Region_6583
R6584,Region_6584
R6585,Region_6585
R6586,Region_6586
R6587,Region_6587
R6588,Region_6588
R6589,Region_6589
R6590,Region_6590
R6591,Region_6591
R6592,Region_6592
R6593,Region_6593
R6594,Region_6594
R6595,Region_6595
R6596,Region_6596
R6597,Region_6597
R6598,Region_6598
R6599,Region_6599
R6600,Region_6600
R6601,Region_6601
R6602,Region_6602
R6603,Region_6603
R6604,Region_6604
R6605,Region_6605
R6606,Region_6606
R6607,Region_6607
R6608,Region_6608
R6609,Region_6609
R6610,Region_6610
R6611,Region_6611
R6612,Region_6612
R6613,Region_6613
R6614,Region_6614
R6615,Region_6615
R6616,Region_6616
R6617,Region_6617
R6618,Region_6618
R6619,Region_6619
R6620,Region_6620
R6621,Region_6621
R6622,Region_6622
R6623,Region_6623
R6624,Region_6624
R6625,Region_6625
R6626,Region_6626
R6627,Region_6627
R6628,Region_6628
R6629,Region_6629
R6630,Region_6630
R6631,Region_6631
R6632,Region_6632
R6633,Region_6633
R6634,Region_6634
R6635,Region_6635
R6636,Region_6636
R6637,Region_6637
R6638,Region_6638
R6639,Region_6639
R6640,Region_6640
R6641,Region_6641
R6642,Region_6642
R6643,Region_6643
R6644,Region_6644
R6645,Region_6645
R6646,Region_6646
R6647,Region_6647
R6648,Region_6648
R6649,Region_6649
R6650,Region_6650
R6651,Region_6651
R6652,Region_6652
R6653,Region_6653
R6654,Region_6654
R6655,Region_6655
R6656,Region_6656
R6657,Region_6657
R6658,Region_6658
R6659,Region_6659
R6660,Region_6660
R6661,Region_6661
R6662,Region_6662
R6663,Region_6663
R6664,Region_6664
R6665,Region_6665
R6666,Region_6666
R6667,Region_6667
R6668,Region_6668
R6669,Region_6669
R6670,Region_6670
R6671,Region_6671
R6672,Region_6672
R6673,Region_6673
R6674,Region_6674
R6675,Region_6675
R6676,Region_6676
R6677,Region_6677
R6678,Region_6678
R6679,Region_6679
R6680,Region_6680
R6681,Region_6681
R6682,Region_6682
R6683,Region_6683
R6684,Region_6684
R6685,Region_6685
R6686,Region_6686
R6687,Region_6687
R6688,Region_6688
R6689,Region_6689
R6690,Region_6690
R6691,Region_6691
R6692,Region_6692
R6693,Region_6693
R6694,Region_6694
R6695,Region_6695
R6696,Region_6696
R6697,Region_6697
R6698,Region_6698
R6699,Region_6699
R6700,Region_6700
R6701,Region_6701
R6702,Region_6702
R6703,Region_6703
R6704,Region_6704
R6705,Region_6705
R6706,Region_6706
R6707,Region_6707
R6708,Region_6708
R6709,Region_6709
R6710,Region_6710
R6711,Region_6711
R6712,Region_6712
R6713,Region_6713
R6714,Region_6714
R6715,Region_6715
R6716,Region_6716
R6717,Region_6717
R6718,Region_6718
R6719,Region_6719
R6720,Region_6720
R6721,Region_6721
R6722,Region_6722
R6723,Region_6723
R6724,Region_6724
R6725,Region_6725
R6726,Region_6726
R6727,Region_6727
R6728,Region_6728
R6729,Region_6729
R6730,Region_6730
R6731,Region_6731
R6732,Region_6732
R6733,Region_6733
R6734,Region_6734
R6735,Region_6735
R6736,Region_6736
R6737,Region_6737
R6738,Region_6738
R6739,Region_6739
R6740,Region_6740
R6741,Region_6741
R6742,Region_6742
R6743,Region_6743
R6744,Region_6744
R6745,Region_6745
R6746,Region_6746
R6747,Region_6747
R6748,Region_6748
R6749,Region_6749
R6750,Region_6750
R6751,Region_6751
R6752,Region_6752
R6753,Region_6753
R6754,Region_6754
R6755,Region_6755
R6756,Region_6756
R6757,Region_6757
R6758,Region_6758
R6759,Region_6759
R6760,Region_6760
R6761,Region_6761
R6762,Region_6762
R6763,Region_6763
R6764,Region_6764
R6765,Region_6765
R6766,Region_6766
R6767,Region_6767
R6768,Region_6768
R6769,Region_6769
R6770,Region_6770
R6771,Region_6771
R6772,Region_6772
R6773,Region_6773
R6774,Region_6774
R6775,Region_6775
R6776,Region_6776
R6777,Region_6777
R6778,Region_6778
R6779,Region_6779
R6780,Region_6780
R6781,Region_6781
R6782,Region_6782
R6783,Region_6783
R6784,Region_6784
R6785,Region_6785
R6786,Region_6786
R6787,Region_6787
R6788,Region_6788
R6789,Region_6789
R6790,Region_6790
R6791,Region_6791
R6792,Region_6792
R6793,Region_6793
R6794,Region_6794
R6795,Region_6795
R6796,Region_6796
R6797,Region_6797
R6798,Region_6798
R6799,Region_6799
R6800,Region_6800
R6801,Region_6801
R6802,Region_6802
R6803,Region_6803
R6804,Region_6804
R6805,Region_6805
R6806,Region_6806
R6807,Region_6807
R6808,Region_6808
R6809,Region_6809
R6810,Region_6810
R6811,Region_6811
R6812,Region_6812
R6813,Region_6813
R6814,Region_6814
R6815,Region_6815
R6816,Region_6816
R6817,Region_6817
R6818,Region_6818
R6819,Region_6819
R6820,Region_6820
R6821,Region_6821
R6822,Region_6822
R6823,Region_6823
R6824,Region_6824
R6825,Region_6825
R6826,Region_6826
R6827,Region_6827
R6828,Region_6828
R6829,Region_6829
R6830,Region_6830
R6831,Region_6831
R6832,Region_6832
R6833,Region_6833
R6834,Region_6834
R6835,Region_6835
R6836,Region_6836
R6837,Region_6837
R6838,Region_6838
R6839,Region_6839
R6840,Region_6840
R6841,Region_6841
R6842,Region_6842
R6843,Region_6843
R6844,Region_6844
R6845,Region_6845
R6846,Region_6846
R6847,Region_6847
R6848,Region_6848
R6849,Region_6849
R6850,Region_6850
R6851,Region_6851
R6852,Region_6852
R6853,Region_6853
R6854,Region_6854
R6855,Region_6855
R6856,Region_6856
R6857,Region_6857
R6858,Region_6858
R6859,Region_6859
R6860,Region_6860
R6861,Region_6861
R6862,Region_6862
R6863,Region_6863
R6864,Region_6864
R6865,Region_6865
R6866,Region_6866
R6867,Region_6867
R6868,Region_6868
R6869,Region_6869
R6870,Region_6870
R6871,Region_6871
R6872,Region_6872
R6873,Region_6873
R6874,Region_6874
R6875,Region_6875
R6876,Region_6876
R6877,Region_6877
R6878,Region_6878
R6879,Region_6879
R6880,Region_6880
R6881,Region_6881
R6882,Region_6882
R6883,Region_6883
R6884,Region_6884
R6885,Region_6885
R6886,Region_6886
R6887,Region_6887
R6888,Region_6888
R6889,Region_6889
R6890,Region_6890
R6891,Region_6891
R6892,Region_6892
R6893,Region_6893
R6894,Region_6894
R6895,Region_6895
R6896,Region_6896
R6897,Region_6897
R6898,Region_6898
R6899,Region_6899
R6900,Region_6900
R6901,Region_6901
R6902,Region_6902
R6903,Region_6903
R6904,Region_6904
R6905,Region_6905
R6906,Region_6906
R6907,Region_6907
R6908,Region_6908
R6909,Region_6909
R6910,Region_6910
R6911,Region_6911
R6912,Region_6912
R6913,Region_6913
R6914,Region_6914
R6915,Region_6915
R6916,Region_6916
R6917,Region_6917
R6918,Region_6918
R6919,Region_6919
R6920,Region_6920
R6921,Region_6921
R6922,Region_6922
R6923,Region_6923
R6924,Region_6924
R6925,Region_6925
R6926,Region_6926
R6927,Region_6927
R6928,Region_6928
R6929,Region_6929
R6930,Region_6930
R6931,Region_6931
R6932,Region_6932
R6933,Region_6933
R6934,Region_6934
R6935,Region_6935
R6936,Region_6936
R6937,Region_6937
R6938,Region_6938
R6939,Region_6939
R6940,Region_6940
R6941,Region_6941
R6942,Region_6942
R6943,Region_6943
R6944,Region_6944
R6945,Region_6945
R6946,Region_6946
R6947,Region_6947
R6948,Region_6948
R6949,Region_6949
R6950,Region_6950
R6951,Region_6951
R6952,Region_6952
R6953,Region_6953
R6954,Region_6954
R6955,Region_6955
R6956,Region_6956
R6957,Region_6957
R6958,Region_6958
R6959,Region_6959
R6960,Region_6960
R6961,Region_6961
R6962,Region_6962
R6963,Region_6963
R6964,Region_6964
R6965,Region_6965
R6966,Region_6966
R6967,Region_6967
R6968,Region_6968
R6969,Region_6969
R6970,Region_6970
R6971,Region_6971
R6972,Region_6972
R6973,Region_6973
R6974,Region_6974
R6975,Region_6975
R6976,Region_6976
R6977,Region_6977
R6978,Region_6978
R6979,Region_6979
R6980,Region_6980
R6981,Region_6981
R6982,Region_6982
R6983,Region_6983
R6984,Region_6984
R6985,Region_6985
R6986,Region_6986
R6987,Region_6987
R6988,Region_6988
R6989,Region_6989
R6990,Region_6990
R6991,Region_6991
R6992,Region_6992
R6993,Region_6993
R6994,Region_6994
R6995,Region_6995
R6996,Region_6996
R6997,Region_6997
R6998,Region_6998
R6999,Region_6999
R7000,Region_7000
R7001,Region_7001
R7002,Region_7002
R7003,Region_7003
R7004,Region_7004
R7005,Region_7005
R7006,Region_7006
R7007,Region_7007
R7008,Region_7008
R7009,Region_7009
R7010,Region_7010
R7011,Region_7011
R7012,Region_7012
R7013,Region_7013
R7014,Region_7014
R7015,Region_7015
R7016,Region_7016
R7017,Region_7017
R7018,Region_7018
R7019,Region_7019
R7020,Region_7020
R7021,Region_7021
R7022,Region_7022
R7023,Region_7023
R7024,Region_7024
R7025,Region_7025
R7026,Region_7026
R7027,Region_7027
R7028,Region_7028
R7029,Region_7029
R7030,Region_7030
R7031,Region_7031
R7032,Region_7032
R7033,Region_7033
R7034,Region_7034
R7035,Region_7035
R7036,Region_7036
R7037,Region_7037
R7038,Region_7038
R7039,Region_7039
R7040,Region_7040
R7041,Region_7041
R7042,Region_7042
R7043,Region_7043
R7044,Region_7044
R7045,Region_7045
R7046,Region_7046
R7047,Region_7047
R7048,Region_7048
R7049,Region_7049
R7050,Region_7050
R7051,Region_7051
R7052,Region_7052
R7053,Region_7053
R7054,Region_7054
R7055,Region_7055
R7056,Region_7056
R7057,Region_7057
R7058,Region_7058
R7059,Region_7059
R7060,Region_7060
R7061,Region_7061
R7062,Region_7062
R7063,Region_7063
R7064,Region_7064
R7065,Region_7065
R7066,Region_7066
R7067,Region_7067
R7068,Region_7068
R7069,Region_7069
R7070,Region_7070
R7071,Region_7071
R7072,Region_7072
R7073,Region_7073
R7074,Region_7074
R7075,Region_7075
R7076,Region_7076
R7077,Region_7077
R7078,Region_7078
R7079,Region_7079
R7080,Region_7080
R7081,Region_7081
R7082,Region_7082
R7083,Region_7083
R7084,Region_7084
R7085,Region_7085
R7086,Region_7086
R7087,Region_7087
R7088,Region_7088
R7089,Region_7089
R7090,Region_7090
R7091,Region_7091
R7092,Region_7092
R7093,Region_7093
R7094,Region_7094
R7095,Region_7095
R7096,Region_7096
R7097,Region_7097
R7098,Region_7098
R7099,Region_7099
R7100,Region_7100
R7101,Region_7101
R7102,Region_7102
R7103,Region_7103
R7104,Region_7104
R7105,Region_7105
R7106,Region_7106
R7107,Region_7107
R7108,Region_7108
R7109,Region_7109
R7110,Region_7110
R7111,Region_7111
R7112,Region_7112
R7113,Region_7113
R7114,Region_7114
R7115,Region_7115
R7116,Region_7116
R7117,Region_7117
R7118,Region_7118
R7119,Region_7119
R7120,Region_7120
R7121,Region_7121
R7122,Region_7122
R7123,Region_7123
R7124,Region_7124
R7125,Region_7125
R7126,Region_7126
R7127,Region_7127
R7128,Region_7128
R7129,Region_7129
R7130,Region_7130
R7131,Region_7131
R7132,Region_7132
R7133,Region_7133
R7134,Region_7134
R7135,Region_7135
R7136,Region_7136
R7137,Region_7137
R7138,Region_7138
R7139,Region_7139
R7140,Region_7140
R7141,Region_7141
R7142,Region_7142
R7143,Region_7143
R7144,Region_7144
R7145,Region_7145
R7146,Region_7146
R7147,Region_7147
R7148,Region_7148
R7149,Region_7149
R7150,Region_7150
R7151,Region_7151
R7152,Region_7152
R7153,Region_7153
R7154,Region_7154
R7155,Region_7155
R7156,Region_7156
R7157,Region_7157
R7158,Region_7158
R7159,Region_7159
R7160,Region_7160
R7161,Region_7161
R7162,Region_7162
R7163,Region_7163
R7164,Region_7164
R7165,Region_7165
R7166,Region_7166
R7167,Region_7167
R7168,Region_7168
R7169,Region_7169
R7170,Region_7170
R7171,Region_7171
R7172,Region_7172
R7173,Region_7173
R7174,Region_7174
R7175,Region_7175
R7176,Region_7176
R7177,Region_7177
R7178,Region_7178
R7179,Region_7179
R7180,Region_7180
R7181,Region_7181
R7182,Region_7182
R7183,Region_7183
R7184,Region_7184
R7185,Region_7185
R7186,Region_7186
R7187,Region_7187
R7188,Region_7188
R7189,Region_7189
R7190,Region_7190
R7191,Region_7191
R7192,Region_7192
R7193,Region_7193
R7194,Region_7194
R7195,Region_7195
R7196,Region_7196
R7197,Region_7197
R7198,Region_7198
R7199,Region_7199
R7200,Region_7200
R7201,Region_7201
R7202,Region_7202
R7203,Region_7203
R7204,Region_7204
R7205,Region_7205
R7206,Region_7206
R7207,Region_7207
R7208,Region_7208
R7209,Region_7209
R7210,Region_7210
R7211,Region_7211
R7212,Region_7212
R7213,Region_7213
R7214,Region_7214
R7215,Region_7215
R7216,Region_7216
R7217,Region_7217
R7218,Region_7218
R7219,Region_7219
R7220,Region_7220
R7221,Region_7221
R7222,Region_7222
R7223,Region_7223
R7224,Region_7224
R7225,Region_7225
R7226,Region_7226
R7227,Region_7227
R7228,Region_7228
R7229,Region_7229
R7230,Region_7230
R7231,Region_7231
R7232,Region_7232
R7233,Region_7233
R7234,Region_7234
R7235,Region_7235
R7236,Region_7236
R7237,Region_7237
R7238,Region_7238
R7239,Region_7239
R7240,Region_7240
R7241,Region_7241
R7242,Region_7242
R7243,Region_7243
R7244,Region_7244
R7245,Region_7245
R7246,Region_7246
R7247,Region_7247
R7248,Region_7248
R7249,Region_7249
R7250,Region_7250
R7251,Region_7251
R7252,Region_7252
R7253,Region_7253
R7254,Region_7254
R7255,Region_7255
R7256,Region_7256
R7257,Region_7257
R7258,Region_7258
R7259,Region_7259
R7260,Region_7260
R7261,Region_7261
R7262,Region_7262
R7263,Region_7263
R7264,Region_7264
R7265,Region_7265
R7266,Region_7266
R7267,Region_7267
R7268,Region_7268
R7269,Region_7269
R7270,Region_7270
R7271,Region_7271
R7272,Region_7272
R7273,Region_7273
R7274,Region_7274
R7275,Region_7275
R7276,Region_7276
R7277,Region_7277
R7278,Region_7278
R7279,Region_7279
R7280,Region_7280
R7281,Region_7281
R7282,Region_7282
R7283,Region_7283
R7284,Region_7284
R7285,Region_7285
R7286,Region_7286
R7287,Region_7287
R7288,Region_7288
R7289,Region_7289
R7290,Region_7290
R7291,Region_7291
R7292,Region_7292
R7293,Region_7293
R7294,Region_7294
R7295,Region_7295
R7296,Region_7296
R7297,Region_7297
R7298,Region_7298
R7299,Region_7299
R7300,Region_7300
R7301,Region_7301
R7302,Region_7302
R7303,Region_7303
R7304,Region_7304
R7305,Region_7305
R7306,Region_7306
R7307,Region_7307
R7308,Region_7308
R7309,Region_7309
R7310,Region_7310
R7311,Region_7311
R7312,Region_7312
R7313,Region_7313
R7314,Region_7314
R7315,Region_7315
R7316,Region_7316
R7317,Region_7317
R7318,Region_7318
R7319,Region_7319
R7320,Region_7320
R7321,Region_7321
R7322,Region_7322
R7323,Region_7323
R7324,Region_7324
R7325,Region_7325
R7326,Region_7326
R7327,Region_7327
R7328,Region_7328
R7329,Region_7329
R7330,Region_7330
R7331,Region_7331
R7332,Region_7332
R7333,Region_7333
R7334,Region_7334
R7335,Region_7335
R7336,Region_7336
R7337,Region_7337
R7338,Region_7338
R7339,Region_7339
R7340,Region_7340
R7341,Region_7341
R7342,Region_7342
R7343,Region_7343
R7344,Region_7344
R7345,Region_7345
R7346,Region_7346
R7347,Region_7347
R7348,Region_7348
R7349,Region_7349
R7350,Region_7350
R7351,Region_7351
R7352,Region_7352
R7353,Region_7353
R7354,Region_7354
R7355,Region_7355
R7356,Region_7356
R7357,Region_7357
R7358,Region_7358
R7359,Region_7359
R7360,Region_7360
R7361,Region_7361
R7362,Region_7362
R7363,Region_7363
R7364,Region_7364
R7365,Region_7365
R7366,Region_7366
R7367,Region_7367
R7368,Region_7368
R7369,Region_7369
R7370,Region_7370
R7371,Region_7371
R7372,Region_7372
R7373,Region_7373
R7374,Region_7374
R7375,Region_7375
R7376,Region_7376
R7377,Region_7377
R7378,Region_7378
R7379,Region_7379
R7380,Region_7380
R7381,Region_7381
R7382,Region_7382
R7383,Region_7383
R7384,Region_7384
R7385,Region_7385
R7386,Region_7386
R7387,Region_7387
R7388,Region_7388
R7389,Region_7389
R7390,Region_7390
R7391,Region_7391
R7392,Region_7392
R7393,Region_7393
R7394,Region_7394
R7395,Region_7395
R7396,Region_7396
R7397,Region_7397
R7398,Region_7398
R7399,Region_7399
R7400,Region_7400
R7401,Region_7401
R7402,Region_7402
R7403,Region_7403
R7404,Region_7404
R7405,Region_7405
R7406,Region_7406
R7407,Region_7407
R7408,Region_7408
R7409,Region_7409
R7410,Region_7410
R7411,Region_7411
R7412,Region_7412
R7413,Region_7413
R7414,Region_7414
R7415,Region_7415
R7416,Region_7416
R7417,Region_7417
R7418,Region_7418
R7419,Region_7419
R7420,Region_7420
R7421,Region_7421
R7422,Region_7422
R7423,Region_7423
R7424,Region_7424
R7425,Region_7425
R7426,Region_7426
R7427,Region_7427
R7428,Region_7428
R7429,Region_7429
R7430,Region_7430
R7431,Region_7431
R7432,Region_7432
R7433,Region_7433
R7434,Region_7434
R7435,Region_7435
R7436,Region_7436
R7437,Region_7437
R7438,Region_7438
R7439,Region_7439
R7440,Region_7440
R7441,Region_7441
R7442,Region_7442
R7443,Region_7443
R7444,Region_7444
R7445,Region_7445
R7446,Region_7446
R7447,Region_7447
R7448,Region_7448
R7449,Region_7449
R7450,Region_7450
R7451,Region_7451
R7452,Region_7452
R7453,Region_7453
R7454,Region_7454
R7455,Region_7455
R7456,Region_7456
R7457,Region_7457
R7458,Region_7458
R7459,Region_7459
R7460,Region_7460
R7461,Region_7461
R7462,Region_7462
R7463,Region_7463
R7464,Region_7464
R7465,Region_7465
R7466,Region_7466
R7467,Region_7467
R7468,Region_7468
R7469,Region_7469
R7470,Region_7470
R7471,Region_7471
R7472,Region_7472
R7473,Region_7473
R7474,Region_7474
R7475,Region_7475
R7476,Region_7476
R7477,Region_7477
R7478,Region_7478
R7479,Region_7479
R7480,Region_7480
R7481,Region_7481
R7482,Region_7482
R7483,Region_7483
R7484,Region_7484
R7485,Region_7485
R7486,Region_7486
R7487,Region_7487
R7488,Region_7488
R7489,Region_7489
R7490,Region_7490
R7491,Region_7491
R7492,Region_7492
R7493,Region_7493
R7494,Region_7494
R7495,Region_7495
R7496,Region_7496
R7497,Region_7497
R7498,Region_7498
R7499,Region_7499
R7500,Region_7500
R7501,Region_7501
R7502,Region_7502
R7503,Region_7503
R7504,Region_7504
R7505,Region_7505
R7506,Region_7506
R7507,Region_7507
R7508,Region_7508
R7509,Region_7509
R7510,Region_7510
R7511,Region_7511
R7512,Region_7512
R7513,Region_7513
R7514,Region_7514
R7515,Region_7515
R7516,Region_7516
R7517,Region_7517
R7518,Region_7518
R7519,Region_7519
R7520,Region_7520
R7521,Region_7521
R7522,Region_7522
R7523,Region_7523
R7524,Region_7524
R7525,Region_7525
R7526,Region_7526
R7527,Region_7527
R7528,Region_7528
R7529,Region_7529
R7530,Region_7530
R7531,Region_7531
R7532,Region_7532
R7533,Region_7533
R7534,Region_7534
R7535,Region_7535
R7536,Region_7536
R7537,Region_7537
R7538,Region_7538
R7539,Region_7539
R7540,Region_7540
R7541,Region_7541
R7542,Region_7542
R7543,Region_7543
R7544,Region_7544
R7545,Region_7545
R7546,Region_7546
R7547,Region_7547
R7548,Region_7548
R7549,Region_7549
R7550,Region_7550
R7551,Region_7551
R7552,Region_7552
R7553,Region_7553
R7554,Region_7554
R7555,Region_7555
R7556,Region_7556
R7557,Region_7557
R7558,Region_7558
R7559,Region_7559
R7560,Region_7560
R7561,Region_7561
R7562,Region_7562
R7563,Region_7563
R7564,Region_7564
R7565,Region_7565
R7566,Region_7566
R7567,Region_7567
R7568,Region_7568
R7569,Region_7569
R7570,Region_7570
R7571,Region_7571
R7572,Region_7572
R7573,Region_7573
R7574,Region_7574
R7575,Region_7575
R7576,Region_7576
R7577,Region_7577
R7578,Region_7578
R7579,Region_7579
R7580,Region_7580
R7581,Region_7581
R7582,Region_7582
R7583,Region_7583
R7584,Region_7584
R7585,Region_7585
R7586,Region_7586
R7587,Region_7587
R7588,Region_7588
R7589,Region_7589
R7590,Region_7590
R7591,Region_7591
R7592,Region_7592
R7593,Region_7593
R7594,Region_7594
R7595,Region_7595
R7596,Region_7596
R7597,Region_7597
R7598,Region_7598
R7599,Region_7599
R7600,Region_7600
R7601,Region_7601
R7602,Region_7602
R7603,Region_7603
R7604,Region_7604
R7605,Region_7605
R7606,Region_7606
R7607,Region_7607
R7608,Region_7608
R7609,Region_7609
R7610,Region_7610
R7611,Region_7611
R7612,Region_7612
R7613,Region_7613
R7614,Region_7614
R7615,Region_7615
R7616,Region_7616
R7617,Region_7617
R7618,Region_7618
R7619,Region_7619
R7620,Region_7620
R7621,Region_7621
R7622,Region_7622
R7623,Region_7623
R7624,Region_7624
R7625,Region_7625
R7626,Region_7626
R7627,Region_7627
R7628,Region_7628
R7629,Region_7629
R7630,Region_7630
R7631,Region_7631
R7632,Region_7632
R7633,Region_7633
R7634,Region_7634
R7635,Region_7635
R7636,Region_7636
R7637,Region_7637
R7638,Region_7638
R7639,Region_7639
R7640,Region_7640
R7641,Region_7641
R7642,Region_7642
R7643,Region_7643
R7644,Region_7644
R7645,Region_7645
R7646,Region_7646
R7647,Region_7647
R7648,Region_7648
R7649,Region_7649
R7650,Region_7650
R7651,Region_7651
R7652,Region_7652
R7653,Region_7653
R7654,Region_7654
R7655,Region_7655
R7656,Region_7656
R7657,Region_7657
R7658,Region_7658
R7659,Region_7659
R7660,Region_7660
R7661,Region_7661
R7662,Region_7662
R7663,Region_7663
R7664,Region_7664
R7665,Region_7665
R7666,Region_7666
R7667,Region_7667
R7668,Region_7668
R7669,Region_7669
R7670,Region_7670
R7671,Region_7671
R7672,Region_7672
R7673,Region_7673
R7674,Region_7674
R7675,Region_7675
R7676,Region_7676
R7677,Region_7677
R7678,Region_7678
R7679,Region_7679
R7680,Region_7680
R7681,Region_7681
R7682,Region_7682
R7683,Region_7683
R7684,Region_7684
R7685,Region_7685
R7686,Region_7686
R7687,Region_7687
R7688,Region_7688
R7689,Region_7689
R7690,Region_7690
R7691,Region_7691
R7692,Region_7692
R7693,Region_7693
R7694,Region_7694
R7695,Region_7695
R7696,Region_7696
R7697,Region_7697
R7698,Region_7698
R7699,Region_7699
R7700,Region_7700
R7701,Region_7701
R7702,Region_7702
R7703,Region_7703
R7704,Region_7704
R7705,Region_7705
R7706,Region_7706
R7707,Region_7707
R7708,Region_7708
R7709,Region_7709
R7710,Region_7710
R7711,Region_7711
R7712,Region_7712
R7713,Region_7713
R7714,Region_7714
R7715,Region_7715
R7716,Region_7716
R7717,Region_7717
R7718,Region_7718
R7719,Region_7719
R7720,Region_7720
R7721,Region_7721
R7722,Region_7722
R7723,Region_7723
R7724,Region_7724
R7725,Region_7725
R7726,Region_7726
R7727,Region_7727
R7728,Region_7728
R7729,Region_7729
R7730,Region_7730
R7731,Region_7731
R7732,Region_7732
R7733,Region_7733
R7734,Region_7734
R7735,Region_7735
R7736,Region_7736
R7737,Region_7737
R7738,Region_7738
R7739,Region_7739
R7740,Region_7740
R7741,Region_7741
R7742,Region_7742
R7743,Region_7743
R7744,Region_7744
R7745,Region_7745
R7746,Region_7746
R7747,Region_7747
R7748,Region_7748
R7749,Region_7749
R7750,Region_7750
R7751,Region_7751
R7752,Region_7752
R7753,Region_7753
R7754,Region_7754
R7755,Region_7755
R7756,Region_7756
R7757,Region_7757
R7758,Region_7758
R7759,Region_7759
R7760,Region_7760
R7761,Region_7761
R7762,Region_7762
R7763,Region_7763
R7764,Region_7764
R7765,Region_7765
R7766,Region_7766
R7767,Region_7767
R7768,Region_7768
R7769,Region_7769
R7770,Region_7770
R7771,Region_7771
R7772,Region_7772
R7773,Region_7773
R7774,Region_7774
R7775,Region_7775
R7776,Region_7776
R7777,Region_7777
R7778,Region_7778
R7779,Region_7779
R7780,Region_7780
R7781,Region_7781
R7782,Region_7782
R7783,Region_7783
R7784,Region_7784
R7785,Region_7785
R7786,Region_7786
R7787,Region_7787
R7788,Region_7788
R7789,Region_7789
R7790,Region_7790
R7791,Region_7791
R7792,Region_7792
R7793,Region_7793
R7794,Region_7794
R7795,Region_7795
R7796,Region_7796
R7797,Region_7797
R7798,Region_7798
R7799,Region_7799
R7800,Region_7800
R7801,Region_7801
R7802,Region_7802
R7803,Region_7803
R7804,Region_7804
R7805,Region_7805
R7806,Region_7806
R7807,Region_7807
R7808,Region_7808
R7809,Region_7809
R7810,Region_7810
R7811,Region_7811
R7812,Region_7812
R7813,Region_7813
R7814,Region_7814
R7815,Region_7815
R7816,Region_7816
R7817,Region_7817
R7818,Region_7818
R7819,Region_7819
R7820,Region_7820
R7821,Region_7821
R7822,Region_7822
R7823,Region_7823
R7824,Region_7824
R7825,Region_7825
R7826,Region_7826
R7827,Region_7827
R7828,Region_7828
R7829,Region_7829
R7830,Region_7830
R7831,Region_7831
R7832,Region_7832
R7833,Region_7833
R7834,Region_7834
R7835,Region_7835
R7836,Region_7836
R7837,Region_7837
R7838,Region_7838
R7839,Region_7839
R7840,Region_7840
R7841,Region_7841
R7842,Region_7842
R7843,Region_7843
R7844,Region_7844
R7845,Region_7845
R7846,Region_7846
R7847,Region_7847
R7848,Region_7848
R7849,Region_7849
R7850,Region_7850
R7851,Region_7851
R7852,Region_7852
R7853,Region_7853
R7854,Region_7854
R7855,Region_7855
R7856,Region_7856
R7857,Region_7857
R7858,Region_7858
R7859,Region_7859
R7860,Region_7860
R7861,Region_7861
R7862,Region_7862
R7863,Region_7863
R7864,Region_7864
R7865,Region_7865
R7866,Region_7866
R7867,Region_7867
R7868,Region_7868
R7869,Region_7869
R7870,Region_7870
R7871,Region_7871
R7872,Region_7872
R7873,Region_7873
R7874,Region_7874
R7875,Region_7875
R7876,Region_7876
R7877,Region_7877
R7878,Region_7878
R7879,Region_7879
R7880,Region_7880
R7881,Region_7881
R7882,Region_7882
R7883,Region_7883
R7884,Region_7884
R7885,Region_7885
R7886,Region_7886
R7887,Region_7887
R7888,Region_7888
R7889,Region_7889
R7890,Region_7890
R7891,Region_7891
R7892,Region_7892
R7893,Region_7893
R7894,Region_7894
R7895,Region_7895
R7896,Region_7896
R7897,Region_7897
R7898,Region_7898
R7899,Region_7899
R7900,Region_7900
R7901,Region_7901
R7902,Region_7902
R7903,Region_7903
R7904,Region_7904
R7905,Region_7905
R7906,Region_7906
R7907,Region_7907
R7908,Region_7908
R7909,Region_7909
R7910,Region_7910
R7911,Region_7911
R7912,Region_7912
R7913,Region_7913
R7914,Region_7914
R7915,Region_7915
R7916,Region_7916
R7917,Region_7917
R7918,Region_7918
R7919,Region_7919
R7920,Region_7920
R7921,Region_7921
R7922,Region_7922
R7923,Region_7923
R7924,Region_7924
R7925,Region_7925
R7926,Region_7926
R7927,Region_7927
R7928,Region_7928
R7929,Region_7929
R7930,Region_7930
R7931,Region_7931
R7932,Region_7932
R7933,Region_7933
R7934,Region_7934
R7935,Region_7935
R7936,Region_7936
R7937,Region_7937
R7938,Region_7938
R7939,Region_7939
R7940,Region_7940
R7941,Region_7941
R7942,Region_7942
R7943,Region_7943
R7944,Region_7944
R7945,Region_7945
R7946,Region_7946
R7947,Region_7947
R7948,Region_7948
R7949,Region_7949
R7950,Region_7950
R7951,Region_7951
R7952,Region_7952
R7953,Region_7953
R7954,Region_7954
R7955,Region_7955
R7956,Region_7956
R7957,Region_7957
R7958,Region_7958
R7959,Region_7959
R7960,Region_7960
R7961,Region_7961
R7962,Region_7962
R7963,Region_7963
R7964,Region_7964
R7965,Region_7965
R7966,Region_7966
R7967,Region_7967
R7968,Region_7968
R7969,Region_7969
R7970,Region_7970
R7971,Region_7971
R7972,Region_7972
R7973,Region_7973
R7974,Region_7974
R7975,Region_7975
R7976,Region_7976
R7977,Region_7977
R7978,Region_7978
R7979,Region_7979
R7980,Region_7980
R7981,Region_7981
R7982,Region_7982
R7983,Region_7983
R7984,Region_7984
R7985,Region_7985
R7986,Region_7986
R7987,Region_7987
R7988,Region_7988
R7989,Region_7989
R7990,Region_7990
R7991,Region_7991
R7992,Region_7992
R7993,Region_7993
R7994,Region_7994
R7995,Region_7995
R7996,Region_7996
R7997,Region_7997
R7998,Region_7998
R7999,Region_7999
R8000,Region_8000
R8001,Region_8001
R8002,Region_8002
R8003,Region_8003
R8004,Region_8004
R8005,Region_8005
R8006,Region_8006
R8007,Region_8007
R8008,Region_8008
R8009,Region_8009
R8010,Region_8010
R8011,Region_8011
R8012,Region_8012
R8013,Region_8013
R8014,Region_8014
R8015,Region_8015
R8016,Region_8016
R8017,Region_8017
R8018,Region_8018
R8019,Region_8019
R8020,Region_8020
R8021,Region_8021
R8022,Region_8022
R8023,Region_8023
R8024,Region_8024
R8025,Region_8025
R8026,Region_8026
R8027,Region_8027
R8028,Region_8028
R8029,Region_8029
R8030,Region_8030
R8031,Region_8031
R8032,Region_8032
R8033,Region_8033
R8034,Region_8034
R8035,Region_8035
R8036,Region_8036
R8037,Region_8037
R8038,Region_8038
R8039,Region_8039
R8040,Region_8040
R8041,Region_8041
R8042,Region_8042
R8043,Region_8043
R8044,Region_8044
R8045,Region_8045
R8046,Region_8046
R8047,Region_8047
R8048,Region_8048
R8049,Region_8049
R8050,Region_8050
R8051,Region_8051
R8052,Region_8052
R8053,Region_8053
R8054,Region_8054
R8055,Region_8055
R8056,Region_8056
R8057,Region_8057
R8058,Region_8058
R8059,Region_8059
R8060,Region_8060
R8061,Region_8061
R8062,Region_8062
R8063,Region_8063
R8064,Region_8064
R8065,Region_8065
R8066,Region_8066
R8067,Region_8067
R8068,Region_8068
R8069,Region_8069
R8070,Region_8070
R8071,Region_8071
R8072,Region_8072
R8073,Region_8073
R8074,Region_8074
R8075,Region_8075
R8076,Region_8076
R8077,Region_8077
R8078,Region_8078
R8079,Region_8079
R8080,Region_8080
R8081,Region_8081
R8082,Region_8082
R8083,Region_8083
R8084,Region_8084
R8085,Region_8085
R8086,Region_8086
R8087,Region_8087
R8088,Region_8088
R8089,Region_8089
R8090,Region_8090
R8091,Region_8091
R8092,Region_8092
R8093,Region_8093
R8094,Region_8094
R8095,Region_8095
R8096,Region_8096
R8097,Region_8097
R8098,Region_8098
R8099,Region_8099
R8100,Region_8100
R8101,Region_8101
R8102,Region_8102
R8103,Region_8103
R8104,Region_8104
R8105,Region_8105
R8106,Region_8106
R8107,Region_8107
R8108,Region_8108
R8109,Region_8109
R8110,Region_8110
R8111,Region_8111
R8112,Region_8112
R8113,Region_8113
R8114,Region_8114
R8115,Region_8115
R8116,Region_8116
R8117,Region_8117
R8118,Region_8118
R8119,Region_8119
R8120,Region_8120
R8121,Region_8121
R8122,Region_8122
R8123,Region_8123
R8124,Region_8124
R8125,Region_8125
R8126,Region_8126
R8127,Region_8127
R8128,Region_8128
R8129,Region_8129
R8130,Region_8130
R8131,Region_8131
R8132,Region_8132
R8133,Region_8133
R8134,Region_8134
R8135,Region_8135
R8136,Region_8136
R8137,Region_8137
R8138,Region_8138
R8139,Region_8139
R8140,Region_8140
R8141,Region_8141
R8142,Region_8142
R8143,Region_8143
R8144,Region_8144
R8145,Region_8145
R8146,Region_8146
R8147,Region_8147
R8148,Region_8148
R8149,Region_8149
R8150,Region_8150
R8151,Region_8151
R8152,Region_8152
R8153,Region_8153
R8154,Region_8154
R8155,Region_8155
R8156,Region_8156
R8157,Region_8157
R8158,Region_8158
R8159,Region_8159
R8160,Region_8160
R8161,Region_8161
R8162,Region_8162
R8163,Region_8163
R8164,Region_8164
R8165,Region_8165
R8166,Region_8166
R8167,Region_8167
R8168,Region_8168
R8169,Region_8169
R8170,Region_8170
R8171,Region_8171
R8172,Region_8172
R8173,Region_8173
R8174,Region_8174
R8175,Region_8175
R8176,Region_8176
R8177,Region_8177
R8178,Region_8178
R8179,Region_8179
R8180,Region_8180
R8181,Region_8181
R8182,Region_8182
R8183,Region_8183
R8184,Region_8184
R8185,Region_8185
R8186,Region_8186
R8187,Region_8187
R8188,Region_8188
R8189,Region_8189
R8190,Region_8190
R8191,Region_8191
R8192,Region_8192
R8193,Region_8193
R8194,Region_8194
R8195,Region_8195
R8196,Region_8196
R8197,Region_8197
R8198,Region_8198
R8199,Region_8199
R8200,Region_8200
R8201,Region_8201
R8202,Region_8202
R8203,Region_8203
R8204,Region_8204
R8205,Region_8205
R8206,Region_8206
R8207,Region_8207
R8208,Region_8208
R8209,Region_8209
R8210,Region_8210
R8211,Region_8211
R8212,Region_8212
R8213,Region_8213
R8214,Region_8214
R8215,Region_8215
R8216,Region_8216
R8217,Region_8217
R8218,Region_8218
R8219,Region_8219
R8220,Region_8220
R8221,Region_8221
R8222,Region_8222
R8223,Region_8223
R8224,Region_8224
R8225,Region_8225
R8226,Region_8226
R8227,Region_8227
R8228,Region_8228
R8229,Region_8229
R8230,Region_8230
R8231,Region_8231
R8232,Region_8232
R8233,Region_8233
R8234,Region_8234
R8235,Region_8235
R8236,Region_8236
R8237,Region_8237
R8238,Region_8238
R8239,Region_8239
R8240,Region_8240
R8241,Region_8241
R8242,Region_8242
R8243,Region_8243
R8244,Region_8244
R8245,Region_8245
R8246,Region_8246
R8247,Region_8247
R8248,Region_8248
R8249,Region_8249
R8250,Region_8250
R8251,Region_8251
R8252,Region_8252
R8253,Region_8253
R8254,Region_8254
R8255,Region_8255
R8256,Region_8256
R8257,Region_8257
R8258,Region_8258
R8259,Region_8259
R8260,Region_8260
R8261,Region_8261
R8262,Region_8262
R8263,Region_8263
R8264,Region_8264
R8265,Region_8265
R8266,Region_8266
R8267,Region_8267
R8268,Region_8268
R8269,Region_8269
R8270,Region_8270
R8271,Region_8271
R8272,Region_8272
R8273,Region_8273
R8274,Region_8274
R8275,Region_8275
R8276,Region_8276
R8277,Region_8277
R8278,Region_8278
R8279,Region_8279
R8280,Region_8280
R8281,Region_8281
R8282,Region_8282
R8283,Region_8283
R8284,Region_8284
R8285,Region_8285
R8286,Region_8286
R8287,Region_8287
R8288,Region_8288
R8289,Region_8289
R8290,Region_8290
R8291,Region_8291
R8292,Region_8292
R8293,Region_8293
R8294,Region_8294
R8295,Region_8295
R8296,Region_8296
R8297,Region_8297
R8298,Region_8298
R8299,Region_8299
R8300,Region_8300
R8301,Region_8301
R8302,Region_8302
R8303,Region_8303
R8304,Region_8304
R8305,Region_8305
R8306,Region_8306
R8307,Region_8307
R8308,Region_8308
R8309,Region_8309
R8310,Region_8310
R8311,Region_8311
R8312,Region_8312
R8313,Region_8313
R8314,Region_8314
R8315,Region_8315
R8316,Region_8316
R8317,Region_8317
R8318,Region_8318
R8319,Region_8319
R8320,Region_8320
R8321,Region_8321
R8322,Region_8322
R8323,Region_8323
R8324,Region_8324
R8325,Region_8325
R8326,Region_8326
R8327,Region_8327
R8328,Region_8328
R8329,Region_8329
R8330,Region_8330
R8331,Region_8331
R8332,Region_8332
R8333,Region_8333
R8334,Region_8334
R8335,Region_8335
R8336,Region_8336
R8337,Region_8337
R8338,Region_8338
R8339,Region_8339
R8340,Region_8340
R8341,Region_8341
R8342,Region_8342
R8343,Region_8343
R8344,Region_8344
R8345,Region_8345
R8346,Region_8346
R8347,Region_8347
R8348,Region_8348
R8349,Region_8349
R8350,Region_8350
R8351,Region_8351
R8352,Region_8352
R8353,Region_8353
R8354,Region_8354
R8355,Region_8355
R8356,Region_8356
R8357,Region_8357
R8358,Region_8358
R8359,Region_8359
R8360,Region_8360
R8361,Region_8361
R8362,Region_8362
R8363,Region_8363
R8364,Region_8364
R8365,Region_8365
R8366,Region_8366
R8367,Region_8367
R8368,Region_8368
R8369,Region_8369
R8370,Region_8370
R8371,Region_8371
R8372,Region_8372
R8373,Region_8373
R8374,Region_8374
R8375,Region_8375
R8376,Region_8376
R8377,Region_8377
R8378,Region_8378
R8379,Region_8379
R8380,Region_8380
R8381,Region_8381
R8382,Region_8382
R8383,Region_8383
R8384,Region_8384
R8385,Region_8385
R8386,Region_8386
R8387,Region_8387
R8388,Region_8388
R8389,Region_8389
R8390,Region_8390
R8391,Region_8391
R8392,Region_8392
R8393,Region_8393
R8394,Region_8394
R8395,Region_8395
R8396,Region_8396
R8397,Region_8397
R8398,Region_8398
R8399,Region_8399
R8400,Region_8400
R8401,Region_8401
R8402,Region_8402
R8403,Region_8403
R8404,Region_8404
R8405,Region_8405
R8406,Region_8406
R8407,Region_8407
R8408,Region_8408
R8409,Region_8409
R8410,Region_8410
R8411,Region_8411
R8412,Region_8412
R8413,Region_8413
R8414,Region_8414
R8415,Region_8415
R8416,Region_8416
R8417,Region_8417
R8418,Region_8418
R8419,Region_8419
R8420,Region_8420
R8421,Region_8421
R8422,Region_8422
R8423,Region_8423
R8424,Region_8424
R8425,Region_8425
R8426,Region_8426
R8427,Region_8427
R8428,Region_8428
R8429,Region_8429
R8430,Region_8430
R8431,Region_8431
R8432,Region_8432
R8433,Region_8433
R8434,Region_8434
R8435,Region_8435
R8436,Region_8436
R8437,Region_8437
R8438,Region_8438
R8439,Region_8439
R8440,Region_8440
R8441,Region_8441
R8442,Region_8442
R8443,Region_8443
R8444,Region_8444
R8445,Region_8445
R8446,Region_8446
R8447,Region_8447
R8448,Region_8448
R8449,Region_8449
R8450,Region_8450
R8451,Region_8451
R8452,Region_8452
R8453,Region_8453
R8454,Region_8454
R8455,Region_8455
R8456,Region_8456
R8457,Region_8457
R8458,Region_8458
R8459,Region_8459
R8460,Region_8460
R8461,Region_8461
R8462,Region_8462
R8463,Region_8463
R8464,Region_8464
R8465,Region_8465
R8466,Region_8466
R8467,Region_8467
R8468,Region_8468
R8469,Region_8469
R8470,Region_8470
R8471,Region_8471
R8472,Region_8472
R8473,Region_8473
R8474,Region_8474
R8475,Region_8475
R8476,Region_8476
R8477,Region_8477
R8478,Region_8478
R8479,Region_8479
R8480,Region_8480
R8481,Region_8481
R8482,Region_8482
R8483,Region_8483
R8484,Region_8484
R8485,Region_8485
R8486,Region_8486
R8487,Region_8487
R8488,Region_8488
R8489,Region_8489
R8490,Region_8490
R8491,Region_8491
R8492,Region_8492
R8493,Region_8493
R8494,Region_8494
R8495,Region_8495
R8496,Region_8496
R8497,Region_8497
R8498,Region_8498
R8499,Region_8499
R8500,Region_8500
R8501,Region_8501
R8502,Region_8502
R8503,Region_8503
R8504,Region_8504
R8505,Region_8505
R8506,Region_8506
R8507,Region_8507
R8508,Region_8508
R8509,Region_8509
R8510,Region_8510
R8511,Region_8511
R8512,Region_8512
R8513,Region_8513
R8514,Region_8514
R8515,Region_8515
R8516,Region_8516
R8517,Region_8517
R8518,Region_8518
R8519,Region_8519
R8520,Region_8520
R8521,Region_8521
R8522,Region_8522
R8523,Region_8523
R8524,Region_8524
R8525,Region_8525
R8526,Region_8526
R8527,Region_8527
R8528,Region_8528
R8529,Region_8529
R8530,Region_8530
R8531,Region_8531
R8532,Region_8532
R8533,Region_8533
R8534,Region_8534
R8535,Region_8535
R8536,Region_8536
R8537,Region_8537
R8538,Region_8538
R8539,Region_8539
R8540,Region_8540
R8541,Region_8541
R8542,Region_8542
R8543,Region_8543
R8544,Region_8544
R8545,Region_8545
R8546,Region_8546
R8547,Region_8547
R8548,Region_8548
R8549,Region_8549
R8550,Region_8550
R8551,Region_8551
R8552,Region_8552
R8553,Region_8553
R8554,Region_8554
R8555,Region_8555
R8556,Region_8556
R8557,Region_8557
R8558,Region_8558
R8559,Region_8559
R8560,Region_8560
R8561,Region_8561
R8562,Region_8562
R8563,Region_8563
R8564,Region_8564
R8565,Region_8565
R8566,Region_8566
R8567,Region_8567
R8568,Region_8568
R8569,Region_8569
R8570,Region_8570
R8571,Region_8571
R8572,Region_8572
R8573,Region_8573
R8574,Region_8574
R8575,Region_8575
R8576,Region_8576
R8577,Region_8577
R8578,Region_8578
R8579,Region_8579
R8580,Region_8580
R8581,Region_8581
R8582,Region_8582
R8583,Region_8583
R8584,Region_8584
R8585,Region_8585
R8586,Region_8586
R8587,Region_8587
R8588,Region_8588
R8589,Region_8589
R8590,Region_8590
R8591,Region_8591
R8592,Region_8592
R8593,Region_8593
R8594,Region_8594
R8595,Region_8595
R8596,Region_8596
R8597,Region_8597
R8598,Region_8598
R8599,Region_8599
R8600,Region_8600
R8601,Region_8601
R8602,Region_8602
R8603,Region_8603
R8604,Region_8604
R8605,Region_8605
R8606,Region_8606
R8607,Region_8607
R8608,Region_8608
R8609,Region_8609
R8610,Region_8610
R8611,Region_8611
R8612,Region_8612
R8613,Region_8613
R8614,Region_8614
R8615,Region_8615
R8616,Region_8616
R8617,Region_8617
R8618,Region_8618
R8619,Region_8619
R8620,Region_8620
R8621,Region_8621
R8622,Region_8622
R8623,Region_8623
R8624,Region_8624
R8625,Region_8625
R8626,Region_8626
R8627,Region_8627
R8628,Region_8628
R8629,Region_8629
R8630,Region_8630
R8631,Region_8631
R8632,Region_8632
R8633,Region_8633
R8634,Region_8634
R8635,Region_8635
R8636,Region_8636
R8637,Region_8637
R8638,Region_8638
R8639,Region_8639
R8640,Region_8640
R8641,Region_8641
R8642,Region_8642
R8643,Region_8643
R8644,Region_8644
R8645,Region_8645
R8646,Region_8646
R8647,Region_8647
R8648,Region_8648
R8649,Region_8649
R8650,Region_8650
R8651,Region_8651
R8652,Region_8652
R8653,Region_8653
R8654,Region_8654
R8655,Region_8655
R8656,Region_8656
R8657,Region_8657
R8658,Region_8658
R8659,Region_8659
R8660,Region_8660
R8661,Region_8661
R8662,Region_8662
R8663,Region_8663
R8664,Region_8664
R8665,Region_8665
R8666,Region_8666
R8667,Region_8667
R8668,Region_8668
R8669,Region_8669
R8670,Region_8670
R8671,Region_8671
R8672,Region_8672
R8673,Region_8673
R8674,Region_8674
R8675,Region_8675
R8676,Region_8676
R8677,Region_8677
R8678,Region_8678
R8679,Region_8679
R8680,Region_8680
R8681,Region_8681
R8682,Region_8682
R8683,Region_8683
R8684,Region_8684
R8685,Region_8685
R8686,Region_8686
R8687,Region_8687
R8688,Region_8688
R8689,Region_8689
R8690,Region_8690
R8691,Region_8691
R8692,Region_8692
R8693,Region_8693
R8694,Region_8694
R8695,Region_8695
R8696,Region_8696
R8697,Region_8697
R8698,Region_8698
R8699,Region_8699
R8700,Region_8700
R8701,Region_8701
R8702,Region_8702
R8703,Region_8703
R8704,Region_8704
R8705,Region_8705
R8706,Region_8706
R8707,Region_8707
R8708,Region_8708
R8709,Region_8709
R8710,Region_8710
R8711,Region_8711
R8712,Region_8712
R8713,Region_8713
R8714,Region_8714
R8715,Region_8715
R8716,Region_8716
R8717,Region_8717
R8718,Region_8718
R8719,Region_8719
R8720,Region_8720
R8721,Region_8721
R8722,Region_8722
R8723,Region_8723
R8724,Region_8724
R8725,Region_8725
R8726,Region_8726
R8727,Region_8727
R8728,Region_8728
R8729,Region_8729
R8730,Region_8730
R8731,Region_8731
R8732,Region_8732
R8733,Region_8733
R8734,Region_8734
R8735,Region_8735
R8736,Region_8736
R8737,Region_8737
R8738,Region_8738
R8739,Region_8739
R8740,Region_8740
R8741,Region_8741
R8742,Region_8742
R8743,Region_8743
R8744,Region_8744
R8745,Region_8745
R8746,Region_8746
R8747,Region_8747
R8748,Region_8748
R8749,Region_8749
R8750,Region_8750
R8751,Region_8751
R8752,Region_8752
R8753,Region_8753
R8754,Region_8754
R8755,Region_8755
R8756,Region_8756
R8757,Region_8757
R8758,Region_8758
R8759,Region_8759
R8760,Region_8760
R8761,Region_8761
R8762,Region_8762
R8763,Region_8763
R8764,Region_8764
R8765,Region_8765
R8766,Region_8766
R8767,Region_8767
R8768,Region_8768
R8769,Region_8769
R8770,Region_8770
R8771,Region_8771
R8772,Region_8772
R8773,Region_8773
R8774,Region_8774
R8775,Region_8775
R8776,Region_8776
R8777,Region_8777
R8778,Region_8778
R8779,Region_8779
R8780,Region_8780
R8781,Region_8781
R8782,Region_8782
R8783,Region_8783
R8784,Region_8784
R8785,Region_8785
R8786,Region_8786
R8787,Region_8787
R8788,Region_8788
R8789,Region_8789
R8790,Region_8790
R8791,Region_8791
R8792,Region_8792
R8793,Region_8793
R8794,Region_8794
R8795,Region_8795
R8796,Region_8796
R8797,Region_8797
R8798,Region_8798
R8799,Region_8799
R8800,Region_8800
R8801,Region_8801
R8802,Region_8802
R8803,Region_8803
R8804,Region_8804
R8805,Region_8805
R8806,Region_8806
R8807,Region_8807
R8808,Region_8808
R8809,Region_8809
R8810,Region_8810
R8811,Region_8811
R8812,Region_8812
R8813,Region_8813
R8814,Region_8814
R8815,Region_8815
R8816,Region_8816
R8817,Region_8817
R8818,Region_8818
R8819,Region_8819
R8820,Region_8820
R8821,Region_8821
R8822,Region_8822
R8823,Region_8823
R8824,Region_8824
R8825,Region_8825
R8826,Region_8826
R8827,Region_8827
R8828,Region_8828
R8829,Region_8829
R8830,Region_8830
R8831,Region_8831
R8832,Region_8832
R8833,Region_8833
R8834,Region_8834
R8835,Region_8835
R8836,Region_8836
R8837,Region_8837
R8838,Region_8838
R8839,Region_8839
R8840,Region_8840
R8841,Region_8841
R8842,Region_8842
R8843,Region_8843
R8844,Region_8844
R8845,Region_8845
R8846,Region_8846
R8847,Region_8847
R8848,Region_8848
R8849,Region_8849
R8850,Region_8850
R8851,Region_8851
R8852,Region_8852
R8853,Region_8853
R8854,Region_8854
R8855,Region_8855
R8856,Region_8856
R8857,Region_8857
R8858,Region_8858
R8859,Region_8859
R8860,Region_8860
R8861,Region_8861
R8862,Region_8862
R8863,Region_8863
R8864,Region_8864
R8865,Region_8865
R8866,Region_8866
R8867,Region_8867
R8868,Region_8868
R8869,Region_8869
R8870,Region_8870
R8871,Region_8871
R8872,Region_8872
R8873,Region_8873
R8874,Region_8874
R8875,Region_8875
R8876,Region_8876
R8877,Region_8877
R8878,Region_8878
R8879,Region_8879
R8880,Region_8880
R8881,Region_8881
R8882,Region_8882
R8883,Region_8883
R8884,Region_8884
R8885,Region_8885
R8886,Region_8886
R8887,Region_8887
R8888,Region_8888
R8889,Region_8889
R8890,Region_8890
R8891,Region_8891
R8892,Region_8892
R8893,Region_8893
R8894,Region_8894
R8895,Region_8895
R8896,Region_8896
R8897,Region_8897
R8898,Region_8898
R8899,Region_8899
R8900,Region_8900
R8901,Region_8901
R8902,Region_8902
R8903,Region_8903
R8904,Region_8904
R8905,Region_8905
R8906,Region_8906
R8907,Region_8907
R8908,Region_8908
R8909,Region_8909
R8910,Region_8910
R8911,Region_8911
R8912,Region_8912
R8913,Region_8913
R8914,Region_8914
R8915,Region_8915
R8916,Region_8916
R8917,Region_8917
R8918,Region_8918
R8919,Region_8919
R8920,Region_8920
R8921,Region_8921
R8922,Region_8922
R8923,Region_8923
R8924,Region_8924
R8925,Region_8925
R8926,Region_8926
R8927,Region_8927
R8928,Region_8928
R8929,Region_8929
R8930,Region_8930
R8931,Region_8931
R8932,Region_8932
R8933,Region_8933
R8934,Region_8934
R8935,Region_8935
R8936,Region_8936
R8937,Region_8937
R8938,Region_8938
R8939,Region_8939
R8940,Region_8940
R8941,Region_8941
R8942,Region_8942
R8943,Region_8943
R8944,Region_8944
R8945,Region_8945
R8946,Region_8946
R8947,Region_8947
R8948,Region_8948
R8949,Region_8949
R8950,Region_8950
R8951,Region_8951
R8952,Region_8952
R8953,Region_8953
R8954,Region_8954
R8955,Region_8955
R8956,Region_8956
R8957,Region_8957
R8958,Region_8958
R8959,Region_8959
R8960,Region_8960
R8961,Region_8961
R8962,Region_8962
R8963,Region_8963
R8964,Region_8964
R8965,Region_8965
R8966,Region_8966
R8967,Region_8967
R8968,Region_8968
R8969,Region_8969
R8970,Region_8970
R8971,Region_8971
R8972,Region_8972
R8973,Region_8973
R8974,Region_8974
R8975,Region_8975
R8976,Region_8976
R8977,Region_8977
R8978,Region_8978
R8979,Region_8979
R8980,Region_8980
R8981,Region_8981
R8982,Region_8982
R8983,Region_8983
R8984,Region_8984
R8985,Region_8985
R8986,Region_8986
R8987,Region_8987
R8988,Region_8988
R8989,Region_8989
R8990,Region_8990
R8991,Region_8991
R8992,Region_8992
R8993,Region_8993
R8994,Region_8994
R8995,Region_8995
R8996,Region_8996
R8997,Region_8997
R8998,Region_8998
R8999,Region_8999
R9000,Region_9000
R9001,Region_9001
R9002,Region_9002
R9003,Region_9003
R9004,Region_9004
R9005,Region_9005
R9006,Region_9006
R9007,Region_9007
R9008,Region_9008
R9009,Region_9009
R9010,Region_9010
R9011,Region_9011
R9012,Region_9012
R9013,Region_9013
R9014,Region_9014
R9015,Region_9015
R9016,Region_9016
R9017,Region_9017
R9018,Region_9018
R9019,Region_9019
R9020,Region_9020
R9021,Region_9021
R9022,Region_9022
R9023,Region_9023
R9024,Region_9024
R9025,Region_9025
R9026,Region_9026
R9027,Region_9027
R9028,Region_9028
R9029,Region_9029
R9030,Region_9030
R9031,Region_9031
R9032,Region_9032
R9033,Region_9033
R9034,Region_9034
R9035,Region_9035
R9036,Region_9036
R9037,Region_9037
R9038,Region_9038
R9039,Region_9039
R9040,Region_9040
R9041,Region_9041
R9042,Region_9042
R9043,Region_9043
R9044,Region_9044
R9045,Region_9045
R9046,Region_9046
R9047,Region_9047
R9048,Region_9048
R9049,Region_9049
R9050,Region_9050
R9051,Region_9051
R9052,Region_9052
R9053,Region_9053
R9054,Region_9054
R9055,Region_9055
R9056,Region_9056
R9057,Region_9057
R9058,Region_9058
R9059,Region_9059
R9060,Region_9060
R9061,Region_9061
R9062,Region_9062
R9063,Region_9063
R9064,Region_9064
R9065,Region_9065
R9066,Region_9066
R9067,Region_9067
R9068,Region_9068
R9069,Region_9069
R9070,Region_9070
R9071,Region_9071
R9072,Region_9072
R9073,Region_9073
R9074,Region_9074
R9075,Region_9075
R9076,Region_9076
R9077,Region_9077
R9078,Region_9078
R9079,Region_9079
R9080,Region_9080
R9081,Region_9081
R9082,Region_9082
R9083,Region_9083
R9084,Region_9084
R9085,Region_9085
R9086,Region_9086
R9087,Region_9087
R9088,Region_9088
R9089,Region_9089
R9090,Region_9090
R9091,Region_9091
R9092,Region_9092
R9093,Region_9093
R9094,Region_9094
R9095,Region_9095
R9096,Region_9096
R9097,Region_9097
R9098,Region_9098
R9099,Region_9099
R9100,Region_9100
R9101,Region_9101
R9102,Region_9102
R9103,Region_9103
R9104,Region_9104
R9105,Region_9105
R9106,Region_9106
R9107,Region_9107
R9108,Region_9108
R9109,Region_9109
R9110,Region_9110
R9111,Region_9111
R9112,Region_9112
R9113,Region_9113
R9114,Region_9114
R9115,Region_9115
R9116,Region_9116
R9117,Region_9117
R9118,Region_9118
R9119,Region_9119
R9120,Region_9120
R9121,Region_9121
R9122,Region_9122
R9123,Region_9123
R9124,Region_9124
R9125,Region_9125
R9126,Region_9126
R9127,Region_9127
R9128,Region_9128
R9129,Region_9129
R9130,Region_9130
R9131,Region_9131
R9132,Region_9132
R9133,Region_9133
R9134,Region_9134
R9135,Region_9135
R9136,Region_9136
R9137,Region_9137
R9138,Region_9138
R9139,Region_9139
R9140,Region_9140
R9141,Region_9141
R9142,Region_9142
R9143,Region_9143
R9144,Region_9144
R9145,Region_9145
R9146,Region_9146
R9147,Region_9147
R9148,Region_9148
R9149,Region_9149
R9150,Region_9150
R9151,Region_9151
R9152,Region_9152
R9153,Region_9153
R9154,Region_9154
R9155,Region_9155
R9156,Region_9156
R9157,Region_9157
R9158,Region_9158
R9159,Region_9159
R9160,Region_9160
R9161,Region_9161
R9162,Region_9162
R9163,Region_9163
R9164,Region_9164
R9165,Region_9165
R9166,Region_9166
R9167,Region_9167
R9168,Region_9168
R9169,Region_9169
R9170,Region_9170
R9171,Region_9171
R9172,Region_9172
R9173,Region_9173
R9174,Region_9174
R9175,Region_9175
R9176,Region_9176
R9177,Region_9177
R9178,Region_9178
R9179,Region_9179
R9180,Region_9180
R9181,Region_9181
R9182,Region_9182
R9183,Region_9183
R9184,Region_9184
R9185,Region_9185
R9186,Region_9186
R9187,Region_9187
R9188,Region_9188
R9189,Region_9189
R9190,Region_9190
R9191,Region_9191
R9192,Region_9192
R9193,Region_9193
R9194,Region_9194
R9195,Region_9195
R9196,Region_9196
R9197,Region_9197
R9198,Region_9198
R9199,Region_9199
R9200,Region_9200
R9201,Region_9201
R9202,Region_9202
R9203,Region_9203
R9204,Region_9204
R9205,Region_9205
R9206,Region_9206
R9207,Region_9207
R9208,Region_9208
R9209,Region_9209
R9210,Region_9210
R9211,Region_9211
R9212,Region_9212
R9213,Region_9213
R9214,Region_9214
R9215,Region_9215
R9216,Region_9216
R9217,Region_9217
R9218,Region_9218
R9219,Region_9219
R9220,Region_9220
R9221,Region_9221
R9222,Region_9222
R9223,Region_9223
R9224,Region_9224
R9225,Region_9225
R9226,Region_9226
R9227,Region_9227
R9228,Region_9228
R9229,Region_9229
R9230,Region_9230
R9231,Region_9231
R9232,Region_9232
R9233,Region_9233
R9234,Region_9234
R9235,Region_9235
R9236,Region_9236
R9237,Region_9237
R9238,Region_9238
R9239,Region_9239
R9240,Region_9240
R9241,Region_9241
R9242,Region_9242
R9243,Region_9243
R9244,Region_9244
R9245,Region_9245
R9246,Region_9246
R9247,Region_9247
R9248,Region_9248
R9249,Region_9249
R9250,Region_9250
R9251,Region_9251
R9252,Region_9252
R9253,Region_9253
R9254,Region_9254
R9255,Region_9255
R9256,Region_9256
R9257,Region_9257
R9258,Region_9258
R9259,Region_9259
R9260,Region_9260
R9261,Region_9261
R9262,Region_9262
R9263,Region_9263
R9264,Region_9264
R9265,Region_9265
R9266,Region_9266
R9267,Region_9267
R9268,Region_9268
R9269,Region_9269
R9270,Region_9270
R9271,Region_9271
R9272,Region_9272
R9273,Region_9273
R9274,Region_9274
R9275,Region_9275
R9276,Region_9276
R9277,Region_9277
R9278,Region_9278
R9279,Region_9279
R9280,Region_9280
R9281,Region_9281
R9282,Region_9282
R9283,Region_9283
R9284,Region_9284
R9285,Region_9285
R9286,Region_9286
R9287,Region_9287
R9288,Region_9288
R9289,Region_9289
R9290,Region_9290
R9291,Region_9291
R9292,Region_9292
R9293,Region_9293
R9294,Region_9294
R9295,Region_9295
R9296,Region_9296
R9297,Region_9297
R9298,Region_9298
R9299,Region_9299
R9300,Region_9300
R9301,Region_9301
R9302,Region_9302
R9303,Region_9303
R9304,Region_9304
R9305,Region_9305
R9306,Region_9306
R9307,Region_9307
R9308,Region_9308
R9309,Region_9309
R9310,Region_9310
R9311,Region_9311
R9312,Region_9312
R9313,Region_9313
R9314,Region_9314
R9315,Region_9315
R9316,Region_9316
R9317,Region_9317
R9318,Region_9318
R9319,Region_9319
R9320,Region_9320
R9321,Region_9321
R9322,Region_9322
R9323,Region_9323
R9324,Region_9324
R9325,Region_9325
R9326,Region_9326
R9327,Region_9327
R9328,Region_9328
R9329,Region_9329
R9330,Region_9330
R9331,Region_9331
R9332,Region_9332
R9333,Region_9333
R9334,Region_9334
R9335,Region_9335
R9336,Region_9336
R9337,Region_9337
R9338,Region_9338
R9339,Region_9339
R9340,Region_9340
R9341,Region_9341
R9342,Region_9342
R9343,Region_9343
R9344,Region_9344
R9345,Region_9345
R9346,Region_9346
R9347,Region_9347
R9348,Region_9348
R9349,Region_9349
R9350,Region_9350
R9351,Region_9351
R9352,Region_9352
R9353,Region_9353
R9354,Region_9354
R9355,Region_9355
R9356,Region_9356
R9357,Region_9357
R9358,Region_9358
R9359,Region_9359
R9360,Region_9360
R9361,Region_9361
R9362,Region_9362
R9363,Region_9363
R9364,Region_9364
R9365,Region_9365
R9366,Region_9366
R9367,Region_9367
R9368,Region_9368
R9369,Region_9369
R9370,Region_9370
R9371,Region_9371
R9372,Region_9372
R9373,Region_9373
R9374,Region_9374
R9375,Region_9375
R9376,Region_9376
R9377,Region_9377
R9378,Region_9378
R9379,Region_9379
R9380,Region_9380
R9381,Region_9381
R9382,Region_9382
R9383,Region_9383
R9384,Region_9384
R9385,Region_9385
R9386,Region_9386
R9387,Region_9387
R9388,Region_9388
R9389,Region_9389
R9390,Region_9390
R9391,Region_9391
R9392,Region_9392
R9393,Region_9393
R9394,Region_9394
R9395,Region_9395
R9396,Region_9396
R9397,Region_9397
R9398,Region_9398
R9399,Region_9399
R9400,Region_9400
R9401,Region_9401
R9402,Region_9402
R9403,Region_9403
R9404,Region_9404
R9405,Region_9405
R9406,Region_9406
R9407,Region_9407
R9408,Region_9408
R9409,Region_9409
R9410,Region_9410
R9411,Region_9411
R9412,Region_9412
R9413,Region_9413
R9414,Region_9414
R9415,Region_9415
R9416,Region_9416
R9417,Region_9417
R9418,Region_9418
R9419,Region_9419
R9420,Region_9420
R9421,Region_9421
R9422,Region_9422
R9423,Region_9423
R9424,Region_9424
R9425,Region_9425
R9426,Region_9426
R9427,Region_9427
R9428,Region_9428
R9429,Region_9429
R9430,Region_9430
R9431,Region_9431
R9432,Region_9432
R9433,Region_9433
R9434,Region_9434
R9435,Region_9435
R9436,Region_9436
R9437,Region_9437
R9438,Region_9438
R9439,Region_9439
R9440,Region_9440
R9441,Region_9441
R9442,Region_9442
R9443,Region_9443
R9444,Region_9444
R9445,Region_9445
R9446,Region_9446
R9447,Region_9447
R9448,Region_9448
R9449,Region_9449
R9450,Region_9450
R9451,Region_9451
R9452,Region_9452
R9453,Region_9453
R9454,Region_9454
R9455,Region_9455
R9456,Region_9456
R9457,Region_9457
R9458,Region_9458
R9459,Region_9459
R9460,Region_9460
R9461,Region_9461
R9462,Region_9462
R9463,Region_9463
R9464,Region_9464
R9465,Region_9465
R9466,Region_9466
R9467,Region_9467
R9468,Region_9468
R9469,Region_9469
R9470,Region_9470
R9471,Region_9471
R9472,Region_9472
R9473,Region_9473
R9474,Region_9474
R9475,Region_9475
R9476,Region_9476
R9477,Region_9477
R9478,Region_9478
R9479,Region_9479
R9480,Region_9480
R9481,Region_9481
R9482,Region_9482
R9483,Region_9483
R9484,Region_9484
R9485,Region_9485
R9486,Region_9486
R9487,Region_9487
R9488,Region_9488
R9489,Region_9489
R9490,Region_9490
R9491,Region_9491
R9492,Region_9492
R9493,Region_9493
R9494,Region_9494
R9495,Region_9495
R9496,Region_9496
R9497,Region_9497
R9498,Region_9498
R9499,Region_9499
R9500,Region_9500
R9501,Region_9501
R9502,Region_9502
R9503,Region_9503
R9504,Region_9504
R9505,Region_9505
R9506,Region_9506
R9507,Region_9507
R9508,Region_9508
R9509,Region_9509
R9510,Region_9510
R9511,Region_9511
R9512,Region_9512
R9513,Region_9513
R9514,Region_9514
R9515,Region_9515
R9516,Region_9516
R9517,Region_9517
R9518,Region_9518
R9519,Region_9519
R9520,Region_9520
R9521,Region_9521
R9522,Region_9522
R9523,Region_9523
R9524,Region_9524
R9525,Region_9525
R9526,Region_9526
R9527,Region_9527
R9528,Region_9528
R9529,Region_9529
R9530,Region_9530
R9531,Region_9531
R9532,Region_9532
R9533,Region_9533
R9534,Region_9534
R9535,Region_9535
R9536,Region_9536
R9537,Region_9537
R9538,Region_9538
R9539,Region_9539
R9540,Region_9540
R9541,Region_9541
R9542,Region_9542
R9543,Region_9543
R9544,Region_9544
R9545,Region_9545
R9546,Region_9546
R9547,Region_9547
R9548,Region_9548
R9549,Region_9549
R9550,Region_9550
R9551,Region_9551
R9552,Region_9552
R9553,Region_9553
R9554,Region_9554
R9555,Region_9555
R9556,Region_9556
R9557,Region_9557
R9558,Region_9558
R9559,Region_9559
R9560,Region_9560
R9561,Region_9561
R9562,Region_9562
R9563,Region_9563
R9564,Region_9564
R9565,Region_9565
R9566,Region_9566
R9567,Region_9567
R9568,Region_9568
R9569,Region_9569
R9570,Region_9570
R9571,Region_9571
R9572,Region_9572
R9573,Region_9573
R9574,Region_9574
R9575,Region_9575
R9576,Region_9576
R9577,Region_9577
R9578,Region_9578
R9579,Region_9579
R9580,Region_9580
R9581,Region_9581
R9582,Region_9582
R9583,Region_9583
R9584,Region_9584
R9585,Region_9585
R9586,Region_9586
R9587,Region_9587
R9588,Region_9588
R9589,Region_9589
R9590,Region_9590
R9591,Region_9591
R9592,Region_9592
R9593,Region_9593
R9594,Region_9594
R9595,Region_9595
R9596,Region_9596
R9597,Region_9597
R9598,Region_9598
R9599,Region_9599
R9600,Region_9600
R9601,Region_9601
R9602,Region_9602
R9603,Region_9603
R9604,Region_9604
R9605,Region_9605
R9606,Region_9606
R9607,Region_9607
R9608,Region_9608
R9609,Region_9609
R9610,Region_9610
R9611,Region_9611
R9612,Region_9612
R9613,Region_9613
R9614,Region_9614
R9615,Region_9615
R9616,Region_9616
R9617,Region_9617
R9618,Region_9618
R9619,Region_9619
R9620,Region_9620
R9621,Region_9621
R9622,Region_9622
R9623,Region_9623
R9624,Region_9624
R9625,Region_9625
R9626,Region_9626
R9627,Region_9627
R9628,Region_9628
R9629,Region_9629
R9630,Region_9630
R9631,Region_9631
R9632,Region_9632
R9633,Region_9633
R9634,Region_9634
R9635,Region_9635
R9636,Region_9636
R9637,Region_9637
R9638,Region_9638
R9639,Region_9639
R9640,Region_9640
R9641,Region_9641
R9642,Region_9642
R9643,Region_9643
R9644,Region_9644
R9645,Region_9645
R9646,Region_9646
R9647,Region_9647
R9648,Region_9648
R9649,Region_9649
R9650,Region_9650
R9651,Region_9651
R9652,Region_9652
R9653,Region_9653
R9654,Region_9654
R9655,Region_9655
R9656,Region_9656
R9657,Region_9657
R9658,Region_9658
R9659,Region_9659
R9660,Region_9660
R9661,Region_9661
R9662,Region_9662
R9663,Region_9663
R9664,Region_9664
R9665,Region_9665
R9666,Region_9666
R9667,Region_9667
R9668,Region_9668
R9669,Region_9669
R9670,Region_9670
R9671,Region_9671
R9672,Region_9672
R9673,Region_9673
R9674,Region_9674
R9675,Region_9675
R9676,Region_9676
R9677,Region_9677
R9678,Region_9678
R9679,Region_9679
R9680,Region_9680
R9681,Region_9681
R9682,Region_9682
R9683,Region_9683
R9684,Region_9684
R9685,Region_9685
R9686,Region_9686
R9687,Region_9687
R9688,Region_9688
R9689,Region_9689
R9690,Region_9690
R9691,Region_9691
R9692,Region_9692
R9693,Region_9693
R9694,Region_9694
R9695,Region_9695
R9696,Region_9696
R9697,Region_9697
R9698,Region_9698
R9699,Region_9699
R9700,Region_9700
R9701,Region_9701
R9702,Region_9702
R9703,Region_9703
R9704,Region_9704
R9705,Region_9705
R9706,Region_9706
R9707,Region_9707
R9708,Region_9708
R9709,Region_9709
R9710,Region_9710
R9711,Region_9711
R9712,Region_9712
R9713,Region_9713
R9714,Region_9714
R9715,Region_9715
R9716,Region_9716
R9717,Region_9717
R9718,Region_9718
R9719,Region_9719
R9720,Region_9720
R9721,Region_9721
R9722,Region_9722
R9723,Region_9723
R9724,Region_9724
R9725,Region_9725
R9726,Region_9726
R9727,Region_9727
R9728,Region_9728
R9729,Region_9729
R9730,Region_9730
R9731,Region_9731
R9732,Region_9732
R9733,Region_9733
R9734,Region_9734
R9735,Region_9735
R9736,Region_9736
R9737,Region_9737
R9738,Region_9738
R9739,Region_9739
R9740,Region_9740
R9741,Region_9741
R9742,Region_9742
R9743,Region_9743
R9744,Region_9744
R9745,Region_9745
R9746,Region_9746
R9747,Region_9747
R9748,Region_9748
R9749,Region_9749
R9750,Region_9750
R9751,Region_9751
R9752,Region_9752
R9753,Region_9753
R9754,Region_9754
R9755,Region_9755
R9756,Region_9756
R9757,Region_9757
R9758,Region_9758
R9759,Region_9759
R9760,Region_9760
R9761,Region_9761
R9762,Region_9762
R9763,Region_9763
R9764,Region_9764
R9765,Region_9765
R9766,Region_9766
R9767,Region_9767
R9768,Region_9768
R9769,Region_9769
R9770,Region_9770
R9771,Region_9771
R9772,Region_9772
R9773,Region_9773
R9774,Region_9774
R9775,Region_9775
R9776,Region_9776
R9777,Region_9777
R9778,Region_9778
R9779,Region_9779
R9780,Region_9780
R9781,Region_9781
R9782,Region_9782
R9783,Region_9783
R9784,Region_9784
R9785,Region_9785
R9786,Region_9786
R9787,Region_9787
R9788,Region_9788
R9789,Region_9789
R9790,Region_9790
R9791,Region_9791
R9792,Region_9792
R9793,Region_9793
R9794,Region_9794
R9795,Region_9795
R9796,Region_9796
R9797,Region_9797
R9798,Region_9798
R9799,Region_9799
R9800,Region_9800
R9801,Region_9801
R9802,Region_9802
R9803,Region_9803
R9804,Region_9804
R9805,Region_9805
R9806,Region_9806
R9807,Region_9807
R9808,Region_9808
R9809,Region_9809
R9810,Region_9810
R9811,Region_9811
R9812,Region_9812
R9813,Region_9813
R9814,Region_9814
R9815,Region_9815
R9816,Region_9816
R9817,Region_9817
R9818,Region_9818
R9819,Region_9819
R9820,Region_9820
R9821,Region_9821
R9822,Region_9822
R9823,Region_9823
R9824,Region_9824
R9825,Region_9825
R9826,Region_9826
R9827,Region_9827
R9828,Region_9828
R9829,Region_9829
R9830,Region_9830
R9831,Region_9831
R9832,Region_9832
R9833,Region_9833
R9834,Region_9834
R9835,Region_9835
R9836,Region_9836
R9837,Region_9837
R9838,Region_9838
R9839,Region_9839
R9840,Region_9840
R9841,Region_9841
R9842,Region_9842
R9843,Region_9843
R9844,Region_9844
R9845,Region_9845
R9846,Region_9846
R9847,Region_9847
R9848,Region_9848
R9849,Region_9849
R9850,Region_9850
R9851,Region_9851
R9852,Region_9852
R9853,Region_9853
R9854,Region_9854
R9855,Region_9855
R9856,Region_9856
R9857,Region_9857
R9858,Region_9858
R9859,Region_9859
R9860,Region_9860
R9861,Region_9861
R9862,Region_9862
R9863,Region_9863
R9864,Region_9864
R9865,Region_9865
R9866,Region_9866
R9867,Region_9867
R9868,Region_9868
R9869,Region_9869
R9870,Region_9870
R9871,Region_9871
R9872,Region_9872
R9873,Region_9873
R9874,Region_9874
R9875,Region_9875
R9876,Region_9876
R9877,Region_9877
R9878,Region_9878
R9879,Region_9879
R9880,Region_9880
R9881,Region_9881
R9882,Region_9882
R9883,Region_9883
R9884,Region_9884
R9885,Region_9885
R9886,Region_9886
R9887,Region_9887
R9888,Region_9888
R9889,Region_9889
R9890,Region_9890
R9891,Region_9891
R9892,Region_9892
R9893,Region_9893
R9894,Region_9894
R9895,Region_9895
R9896,Region_9896
R9897,Region_9897
R9898,Region_9898
R9899,Region_9899
R9900,Region_9900
R9901,Region_9901
R9902,Region_9902
R9903,Region_9903
R9904,Region_9904
R9905,Region_9905
R9906,Region_9906
R9907,Region_9907
R9908,Region_9908
R9909,Region_9909
R9910,Region_9910
R9911,Region_9911
R9912,Region_9912
R9913,Region_9913
R9914,Region_9914
R9915,Region_9915
R9916,Region_9916
R9917,Region_9917
R9918,Region_9918
R9919,Region_9919
R9920,Region_9920
R9921,Region_9921
R9922,Region_9922
R9923,Region_9923
R9924,Region_9924
R9925,Region_9925
R9926,Region_9926
R9927,Region_9927
R9928,Region_9928
R9929,Region_9929
R9930,Region_9930
R9931,Region_9931
R9932,Region_9932
R9933,Region_9933
R9934,Region_9934
R9935,Region_9935
R9936,Region_9936
R9937,Region_9937
R9938,Region_9938
R9939,Region_9939
R9940,Region_9940
R9941,Region_9941
R9942,Region_9942
R9943,Region_9943
R9944,Region_9944
R9945,Region_9945
R9946,Region_9946
R9947,Region_9947
R9948,Region_9948
R9949,Region_9949
R9950,Region_9950
R9951,Region_9951
R9952,Region_9952
R9953,Region_9953
R9954,Region_9954
R9955,Region_9955
R9956,Region_9956
R9957,Region_9957
R9958,Region_9958
R9959,Region_9959
R9960,Region_9960
R9961,Region_9961
R9962,Region_9962
R9963,Region_9963
R9964,Region_9964
R9965,Region_9965
R9966,Region_9966
R9967,Region_9967
R9968,Region_9968
R9969,Region_9969
R9970,Region_9970
R9971,Region_9971
R9972,Region_9972
R9973,Region_9973
R9974,Region_9974
R9975,Region_9975
R9976,Region_9976
R9977,Region_9977
R9978,Region_9978
R9979,Region_9979
R9980,Region_9980
R9981,Region_9981
R9982,Region_9982
R9983,Region_9983
R9984,Region_9984
R9985,Region_9985
R9986,Region_9986
R9987,Region_9987
R9988,Region_9988
R9989,Region_9989
R9990,Region_9990
R9991,Region_9991
R9992,Region_9992
R9993,Region_9993
R9994,Region_9994
R9995,Region_9995
R9996,Region_9996
R9997,Region_9997
R9998,Region_9998
R9999,Region_9999
R10000,Region_10000
R10001,Region_10001
R10002,Region_10002
R10003,Region_10003
R10004,Region_10004
R10005,Region_10005
R10006,Region_10006
R10007,Region_10007
R10008,Region_10008
R10009,Region_10009
R10010,Region_10010
R10011,Region_10011
R10012,Region_10012
R10013,Region_10013
R10014,Region_10014
R10015,Region_10015
R10016,Region_10016
R10017,Region_10017
R10018,Region_10018
R10019,Region_10019
R10020,Region_10020
R10021,Region_10021
R10022,Region_10022
R10023,Region_10023
R10024,Region_10024
R10025,Region_10025
R10026,Region_10026
R10027,Region_10027
R10028,Region_10028
R10029,Region_10029
R10030,Region_10030
R10031,Region_10031
R10032,Region_10032
R10033,Region_10033
R10034,Region_10034
R10035,Region_10035
R10036,Region_10036
R10037,Region_10037
R10038,Region_10038
R10039,Region_10039
R10040,Region_10040
R10041,Region_10041
R10042,Region_10042
R10043,Region_10043
R10044,Region_10044
R10045,Region_10045
R10046,Region_10046
R10047,Region_10047
R10048,Region_10048
R10049,Region_10049
R10050,Region_10050
R10051,Region_10051
R10052,Region_10052
R10053,Region_10053
R10054,Region_10054
R10055,Region_10055
R10056,Region_10056
R10057,Region_10057
R10058,Region_10058
R10059,Region_10059
R10060,Region_10060
R10061,Region_10061
R10062,Region_10062
R10063,Region_10063
R10064,Region_10064
R10065,Region_10065
R10066,Region_10066
R10067,Region_10067
R10068,Region_10068
R10069,Region_10069
R10070,Region_10070
R10071,Region_10071
R10072,Region_10072
R10073,Region_10073
R10074,Region_10074
R10075,Region_10075
R10076,Region_10076
R10077,Region_10077
R10078,Region_10078
R10079,Region_10079
R10080,Region_10080
R10081,Region_10081
R10082,Region_10082
R10083,Region_10083
R10084,Region_10084
R10085,Region_10085
R10086,Region_10086
R10087,Region_10087
R10088,Region_10088
R10089,Region_10089
R10090,Region_10090
R10091,Region_10091
R10092,Region_10092
R10093,Region_10093
R10094,Region_10094
R10095,Region_10095
R10096,Region_10096
R10097,Region_10097
R10098,Region_10098
R10099,Region_10099
R10100,Region_10100
R10101,Region_10101
R10102,Region_10102
R10103,Region_10103
R10104,Region_10104
R10105,Region_10105
R10106,Region_10106
R10107,Region_10107
R10108,Region_10108
R10109,Region_10109
R10110,Region_10110
R10111,Region_10111
R10112,Region_10112
R10113,Region_10113
R10114,Region_10114
R10115,Region_10115
R10116,Region_10116
R10117,Region_10117
R10118,Region_10118
R10119,Region_10119
R10120,Region_10120
R10121,Region_10121
R10122,Region_10122
R10123,Region_10123
R10124,Region_10124
R10125,Region_10125
R10126,Region_10126
R10127,Region_10127
R10128,Region_10128
R10129,Region_10129
R10130,Region_10130
R10131,Region_10131
R10132,Region_10132
R10133,Region_10133
R10134,Region_10134
R10135,Region_10135
R10136,Region_10136
R10137,Region_10137
R10138,Region_10138
R10139,Region_10139
R10140,Region_10140
R10141,Region_10141
R10142,Region_10142
R10143,Region_10143
R10144,Region_10144
R10145,Region_10145
R10146,Region_10146
R10147,Region_10147
R10148,Region_10148
R10149,Region_10149
R10150,Region_10150
R10151,Region_10151
R10152,Region_10152
R10153,Region_10153
R10154,Region_10154
R10155,Region_10155
R10156,Region_10156
R10157,Region_10157
R10158,Region_10158
R10159,Region_10159
R10160,Region_10160
R10161,Region_10161
R10162,Region_10162
R10163,Region_10163
R10164,Region_10164
R10165,Region_10165
R10166,Region_10166
R10167,Region_10167
R10168,Region_10168
R10169,Region_10169
R10170,Region_10170
R10171,Region_10171
R10172,Region_10172
R10173,Region_10173
R10174,Region_10174
R10175,Region_10175
R10176,Region_10176
R10177,Region_10177
R10178,Region_10178
R10179,Region_10179
R10180,Region_10180
R10181,Region_10181
R10182,Region_10182
R10183,Region_10183
R10184,Region_10184
R10185,Region_10185
R10186,Region_10186
R10187,Region_10187
R10188,Region_10188
R10189,Region_10189
R10190,Region_10190
R10191,Region_10191
R10192,Region_10192
R10193,Region_10193
R10194,Region_10194
R10195,Region_10195
R10196,Region_10196
R10197,Region_10197
R10198,Region_10198
R10199,Region_10199
R10200,Region_10200
R10201,Region_10201
R10202,Region_10202
R10203,Region_10203
R10204,Region_10204
R10205,Region_10205
R10206,Region_10206
R10207,Region_10207
R10208,Region_10208
R10209,Region_10209
R10210,Region_10210
R10211,Region_10211
R10212,Region_10212
R10213,Region_10213
R10214,Region_10214
R10215,Region_10215
R10216,Region_10216
R10217,Region_10217
R10218,Region_10218
R10219,Region_10219
R10220,Region_10220
R10221,Region_10221
R10222,Region_10222
R10223,Region_10223
R10224,Region_10224
R10225,Region_10225
R10226,Region_10226
R10227,Region_10227
R10228,Region_10228
R10229,Region_10229
R10230,Region_10230
R10231,Region_10231
R10232,Region_10232
R10233,Region_10233
R10234,Region_10234
R10235,Region_10235
R10236,Region_10236
R10237,Region_10237
R10238,Region_10238
R10239,Region_10239
R10240,Region_10240
R10241,Region_10241
R10242,Region_10242
R10243,Region_10243
R10244,Region_10244
R10245,Region_10245
R10246,Region_10246
R10247,Region_10247
R10248,Region_10248
R10249,Region_10249
R10250,Region_10250
R10251,Region_10251
R10252,Region_10252
R10253,Region_10253
R10254,Region_10254
R10255,Region_10255
R10256,Region_10256
R10257,Region_10257
R10258,Region_10258
R10259,Region_10259
R10260,Region_10260
R10261,Region_10261
R10262,Region_10262
R10263,Region_10263
R10264,Region_10264
R10265,Region_10265
R10266,Region_10266
R10267,Region_10267
R10268,Region_10268
R10269,Region_10269
R10270,Region_10270
R10271,Region_10271
R10272,Region_10272
R10273,Region_10273
R10274,Region_10274
R10275,Region_10275
R10276,Region_10276
R10277,Region_10277
R10278,Region_10278
R10279,Region_10279
R10280,Region_10280
R10281,Region_10281
R10282,Region_10282
R10283,Region_10283
R10284,Region_10284
R10285,Region_10285
R10286,Region_10286
R10287,Region_10287
R10288,Region_10288
R10289,Region_10289
R10290,Region_10290
R10291,Region_10291
R10292,Region_10292
R10293,Region_10293
R10294,Region_10294
R10295,Region_10295
R10296,Region_10296
R10297,Region_10297
R10298,Region_10298
R10299,Region_10299
R10300,Region_10300
R10301,Region_10301
R10302,Region_10302
R10303,Region_10303
R10304,Region_10304
R10305,Region_10305
R10306,Region_10306
R10307,Region_10307
R10308,Region_10308
R10309,Region_10309
R10310,Region_10310
R10311,Region_10311
R10312,Region_10312
R10313,Region_10313
R10314,Region_10314
R10315,Region_10315
R10316,Region_10316
R10317,Region_10317
R10318,Region_10318
R10319,Region_10319
R10320,Region_10320
R10321,Region_10321
R10322,Region_10322
R10323,Region_10323
R10324,Region_10324
R10325,Region_10325
R10326,Region_10326
R10327,Region_10327
R10328,Region_10328
R10329,Region_10329
R10330,Region_10330
R10331,Region_10331
R10332,Region_10332
R10333,Region_10333
R10334,Region_10334
R10335,Region_10335
R10336,Region_10336
R10337,Region_10337
R10338,Region_10338
R10339,Region_10339
R10340,Region_10340
R10341,Region_10341
R10342,Region_10342
R10343,Region_10343
R10344,Region_10344
R10345,Region_10345
R10346,Region_10346
R10347,Region_10347
R10348,Region_10348
R10349,Region_10349
R10350,Region_10350
R10351,Region_10351
R10352,Region_10352
R10353,Region_10353
R10354,Region_10354
R10355,Region_10355
R10356,Region_10356
R10357,Region_10357
R10358,Region_10358
R10359,Region_10359
R10360,Region_10360
R10361,Region_10361
R10362,Region_10362
R10363,Region_10363
R10364,Region_10364
R10365,Region_10365
R10366,Region_10366
R10367,Region_10367
R10368,Region_10368
R10369,Region_10369
R10370,Region_10370
R10371,Region_10371
R10372,Region_10372
R10373,Region_10373
R10374,Region_10374
R10375,Region_10375
R10376,Region_10376
R10377,Region_10377
R10378,Region_10378
R10379,Region_10379
R10380,Region_10380
R10381,Region_10381
R10382,Region_10382
R10383,Region_10383
R10384,Region_10384
R10385,Region_10385
R10386,Region_10386
R10387,Region_10387
R10388,Region_10388
R10389,Region_10389
R10390,Region_10390
R10391,Region_10391
R10392,Region_10392
R10393,Region_10393
R10394,Region_10394
R10395,Region_10395
R10396,Region_10396
R10397,Region_10397
R10398,Region_10398
R10399,Region_10399
R10400,Region_10400
R10401,Region_10401
R10402,Region_10402
R10403,Region_10403
R10404,Region_10404
R10405,Region_10405
R10406,Region_10406
R10407,Region_10407
R10408,Region_10408
R10409,Region_10409
R10410,Region_10410
R10411,Region_10411
R10412,Region_10412
R10413,Region_10413
R10414,Region_10414
R10415,Region_10415
R10416,Region_10416
R10417,Region_10417
R10418,Region_10418
R10419,Region_10419
R10420,Region_10420
R10421,Region_10421
R10422,Region_10422
R10423,Region_10423
R10424,Region_10424
R10425,Region_10425
R10426,Region_10426
R10427,Region_10427
R10428,Region_10428
R10429,Region_10429
R10430,Region_10430
R10431,Region_10431
R10432,Region_10432
R10433,Region_10433
R10434,Region_10434
R10435,Region_10435
R10436,Region_10436
R10437,Region_10437
R10438,Region_10438
R10439,Region_10439
R10440,Region_10440
R10441,Region_10441
R10442,Region_10442
R10443,Region_10443
R10444,Region_10444
R10445,Region_10445
R10446,Region_10446
R10447,Region_10447
R10448,Region_10448
R10449,Region_10449
R10450,Region_10450
R10451,Region_10451
R10452,Region_10452
R10453,Region_10453
R10454,Region_10454
R10455,Region_10455
R10456,Region_10456
R10457,Region_10457
R10458,Region_10458
R10459,Region_10459
R10460,Region_10460
R10461,Region_10461
R10462,Region_10462
R10463,Region_10463
R10464,Region_10464
R10465,Region_10465
R10466,Region_10466
R10467,Region_10467
R10468,Region_10468
R10469,Region_10469
R10470,Region_10470
R10471,Region_10471
R10472,Region_10472
R10473,Region_10473
R10474,Region_10474
R10475,Region_10475
R10476,Region_10476
R10477,Region_10477
R10478,Region_10478
R10479,Region_10479
R10480,Region_10480
R10481,Region_10481
R10482,Region_10482
R10483,Region_10483
R10484,Region_10484
R10485,Region_10485
R10486,Region_10486
R10487,Region_10487
R10488,Region_10488
R10489,Region_10489
R10490,Region_10490
R10491,Region_10491
R10492,Region_10492
R10493,Region_10493
R10494,Region_10494
R10495,Region_10495
R10496,Region_10496
R10497,Region_10497
R10498,Region_10498
R10499,Region_10499
R10500,Region_10500
R10501,Region_10501
R10502,Region_10502
R10503,Region_10503
R10504,Region_10504
R10505,Region_10505
R10506,Region_10506
R10507,Region_10507
R10508,Region_10508
R10509,Region_10509
R10510,Region_10510
R10511,Region_10511
R10512,Region_10512
R10513,Region_10513
R10514,Region_10514
R10515,Region_10515
R10516,Region_10516
R10517,Region_10517
R10518,Region_10518
R10519,Region_10519
R10520,Region_10520
R10521,Region_10521
R10522,Region_10522
R10523,Region_10523
R10524,Region_10524
R10525,Region_10525
R10526,Region_10526
R10527,Region_10527
R10528,Region_10528
R10529,Region_10529
R10530,Region_10530
R10531,Region_10531
R10532,Region_10532
R10533,Region_10533
R10534,Region_10534
R10535,Region_10535
R10536,Region_10536
R10537,Region_10537
R10538,Region_10538
R10539,Region_10539
R10540,Region_10540
R10541,Region_10541
R10542,Region_10542
R10543,Region_10543
R10544,Region_10544
R10545,Region_10545
R10546,Region_10546
R10547,Region_10547
R10548,Region_10548
R10549,Region_10549
R10550,Region_10550
R10551,Region_10551
R10552,Region_10552
R10553,Region_10553
R10554,Region_10554
R10555,Region_10555
R10556,Region_10556
R10557,Region_10557
R10558,Region_10558
R10559,Region_10559
R10560,Region_10560
R10561,Region_10561
R10562,Region_10562
R10563,Region_10563
R10564,Region_10564
R10565,Region_10565
R10566,Region_10566
R10567,Region_10567
R10568,Region_10568
R10569,Region_10569
R10570,Region_10570
R10571,Region_10571
R10572,Region_10572
R10573,Region_10573
R10574,Region_10574
R10575,Region_10575
R10576,Region_10576
R10577,Region_10577
R10578,Region_10578
R10579,Region_10579
R10580,Region_10580
R10581,Region_10581
R10582,Region_10582
R10583,Region_10583
R10584,Region_10584
R10585,Region_10585
R10586,Region_10586
R10587,Region_10587
R10588,Region_10588
R10589,Region_10589
R10590,Region_10590
R10591,Region_10591
R10592,Region_10592
R10593,Region_10593
R10594,Region_10594
R10595,Region_10595
R10596,Region_10596
R10597,Region_10597
R10598,Region_10598
R10599,Region_10599
R10600,Region_10600
R10601,Region_10601
R10602,Region_10602
R10603,Region_10603
R10604,Region_10604
R10605,Region_10605
R10606,Region_10606
R10607,Region_10607
R10608,Region_10608
R10609,Region_10609
R10610,Region_10610
R10611,Region_10611
R10612,Region_10612
R10613,Region_10613
R10614,Region_10614
R10615,Region_10615
R10616,Region_10616
R10617,Region_10617
R10618,Region_10618
R10619,Region_10619
R10620,Region_10620
R10621,Region_10621
R10622,Region_10622
R10623,Region_10623
R10624,Region_10624
R10625,Region_10625
R10626,Region_10626
R10627,Region_10627
R10628,Region_10628
R10629,Region_10629
R10630,Region_10630
R10631,Region_10631
R10632,Region_10632
R10633,Region_10633
R10634,Region_10634
R10635,Region_10635
R10636,Region_10636
R10637,Region_10637
R10638,Region_10638
R10639,Region_10639
R10640,Region_10640
R10641,Region_10641
R10642,Region_10642
R10643,Region_10643
R10644,Region_10644
R10645,Region_10645
R10646,Region_10646
R10647,Region_10647
R10648,Region_10648
R10649,Region_10649
R10650,Region_10650
R10651,Region_10651
R10652,Region_10652
R10653,Region_10653
R10654,Region_10654
R10655,Region_10655
R10656,Region_10656
R10657,Region_10657
R10658,Region_10658
R10659,Region_10659
R10660,Region_10660
R10661,Region_10661
R10662,Region_10662
R10663,Region_10663
R10664,Region_10664
R10665,Region_10665
R10666,Region_10666
R10667,Region_10667
R10668,Region_10668
R10669,Region_10669
R10670,Region_10670
R10671,Region_10671
R10672,Region_10672
R10673,Region_10673
R10674,Region_10674
R10675,Region_10675
R10676,Region_10676
R10677,Region_10677
R10678,Region_10678
R10679,Region_10679
R10680,Region_10680
R10681,Region_10681
R10682,Region_10682
R10683,Region_10683
R10684,Region_10684
R10685,Region_10685
R10686,Region_10686
R10687,Region_10687
R10688,Region_10688
R10689,Region_10689
R10690,Region_10690
R10691,Region_10691
R10692,Region_10692
R10693,Region_10693
R10694,Region_10694
R10695,Region_10695
R10696,Region_10696
R10697,Region_10697
R10698,Region_10698
R10699,Region_10699
R10700,Region_10700
R10701,Region_10701
R10702,Region_10702
R10703,Region_10703
R10704,Region_10704
R10705,Region_10705
R10706,Region_10706
R10707,Region_10707
R10708,Region_10708
R10709,Region_10709
R10710,Region_10710
R10711,Region_10711
R10712,Region_10712
R10713,Region_10713
R10714,Region_10714
R10715,Region_10715
R10716,Region_10716
R10717,Region_10717
R10718,Region_10718
R10719,Region_10719
R10720,Region_10720
R10721,Region_10721
R10722,Region_10722
R10723,Region_10723
R10724,Region_10724
R10725,Region_10725
R10726,Region_10726
R10727,Region_10727
R10728,Region_10728
R10729,Region_10729
R10730,Region_10730
R10731,Region_10731
R10732,Region_10732
R10733,Region_10733
R10734,Region_10734
R10735,Region_10735
R10736,Region_10736
R10737,Region_10737
R10738,Region_10738
R10739,Region_10739
R10740,Region_10740
R10741,Region_10741
R10742,Region_10742
R10743,Region_10743
R10744,Region_10744
R10745,Region_10745
R10746,Region_10746
R10747,Region_10747
R10748,Region_10748
R10749,Region_10749
R10750,Region_10750
R10751,Region_10751
R10752,Region_10752
R10753,Region_10753
R10754,Region_10754
R10755,Region_10755
R10756,Region_10756
R10757,Region_10757
R10758,Region_10758
R10759,Region_10759
R10760,Region_10760
R10761,Region_10761
R10762,Region_10762
R10763,Region_10763
R10764,Region_10764
R10765,Region_10765
R10766,Region_10766
R10767,Region_10767
R10768,Region_10768
R10769,Region_10769
R10770,Region_10770
R10771,Region_10771
R10772,Region_10772
R10773,Region_10773
R10774,Region_10774
R10775,Region_10775
R10776,Region_10776
R10777,Region_10777
R10778,Region_10778
R10779,Region_10779
R10780,Region_10780
R10781,Region_10781
R10782,Region_10782
R10783,Region_10783
R10784,Region_10784
R10785,Region_10785
R10786,Region_10786
R10787,Region_10787
R10788,Region_10788
R10789,Region_10789
R10790,Region_10790
R10791,Region_10791
R10792,Region_10792
R10793,Region_10793
R10794,Region_10794
R10795,Region_10795
R10796,Region_10796
R10797,Region_10797
R10798,Region_10798
R10799,Region_10799
R10800,Region_10800
R10801,Region_10801
R10802,Region_10802
R10803,Region_10803
R10804,Region_10804
R10805,Region_10805
R10806,Region_10806
R10807,Region_10807
R10808,Region_10808
R10809,Region_10809
R10810,Region_10810
R10811,Region_10811
R10812,Region_10812
R10813,Region_10813
R10814,Region_10814
R10815,Region_10815
R10816,Region_10816
R10817,Region_10817
R10818,Region_10818
R10819,Region_10819
R10820,Region_10820
R10821,Region_10821
R10822,Region_10822
R10823,Region_10823
R10824,Region_10824
R10825,Region_10825
R10826,Region_10826
R10827,Region_10827
R10828,Region_10828
R10829,Region_10829
R10830,Region_10830
R10831,Region_10831
R10832,Region_10832
R10833,Region_10833
R10834,Region_10834
R10835,Region_10835
R10836,Region_10836
R10837,Region_10837
R10838,Region_10838
R10839,Region_10839
R10840,Region_10840
R10841,Region_10841
R10842,Region_10842
R10843,Region_10843
R10844,Region_10844
R10845,Region_10845
R10846,Region_10846
R10847,Region_10847
R10848,Region_10848
R10849,Region_10849
R10850,Region_10850
R10851,Region_10851
R10852,Region_10852
R10853,Region_10853
R10854,Region_10854
R10855,Region_10855
R10856,Region_10856
R10857,Region_10857
R10858,Region_10858
R10859,Region_10859
R10860,Region_10860
R10861,Region_10861
R10862,Region_10862
R10863,Region_10863
R10864,Region_10864
R10865,Region_10865
R10866,Region_10866
R10867,Region_10867
R10868,Region_10868
R10869,Region_10869
R10870,Region_10870
R10871,Region_10871
R10872,Region_10872
R10873,Region_10873
R10874,Region_10874
R10875,Region_10875
R10876,Region_10876
R10877,Region_10877
R10878,Region_10878
R10879,Region_10879
R10880,Region_10880
R10881,Region_10881
R10882,Region_10882
R10883,Region_10883
R10884,Region_10884
R10885,Region_10885
R10886,Region_10886
R10887,Region_10887
R10888,Region_10888
R10889,Region_10889
R10890,Region_10890
R10891,Region_10891
R10892,Region_10892
R10893,Region_10893
R10894,Region_10894
R10895,Region_10895
R10896,Region_10896
R10897,Region_10897
R10898,Region_10898
R10899,Region_10899
R10900,Region_10900
R10901,Region_10901
R10902,Region_10902
R10903,Region_10903
R10904,Region_10904
R10905,Region_10905
R10906,Region_10906
R10907,Region_10907
R10908,Region_10908
R10909,Region_10909
R10910,Region_10910
R10911,Region_10911
R10912,Region_10912
R10913,Region_10913
R10914,Region_10914
R10915,Region_10915
R10916,Region_10916
R10917,Region_10917
R10918,Region_10918
R10919,Region_10919
R10920,Region_10920
R10921,Region_10921
R10922,Region_10922
R10923,Region_10923
R10924,Region_10924
R10925,Region_10925
R10926,Region_10926
R10927,Region_10927
R10928,Region_10928
R10929,Region_10929
R10930,Region_10930
R10931,Region_10931
R10932,Region_10932
R10933,Region_10933
R10934,Region_10934
R10935,Region_10935
R10936,Region_10936
R10937,Region_10937
R10938,Region_10938
R10939,Region_10939
R10940,Region_10940
R10941,Region_10941
R10942,Region_10942
R10943,Region_10943
R10944,Region_10944
R10945,Region_10945
R10946,Region_10946
R10947,Region_10947
R10948,Region_10948
R10949,Region_10949
R10950,Region_10950
R10951,Region_10951
R10952,Region_10952
R10953,Region_10953
R10954,Region_10954
R10955,Region_10955
R10956,Region_10956
R10957,Region_10957
R10958,Region_10958
R10959,Region_10959
R10960,Region_10960
R10961,Region_10961
R10962,Region_10962
R10963,Region_10963
R10964,Region_10964
R10965,Region_10965
R10966,Region_10966
R10967,Region_10967
R10968,Region_10968
R10969,Region_10969
R10970,Region_10970
R10971,Region_10971
R10972,Region_10972
R10973,Region_10973
R10974,Region_10974
R10975,Region_10975
R10976,Region_10976
R10977,Region_10977
R10978,Region_10978
R10979,Region_10979
R10980,Region_10980
R10981,Region_10981
R10982,Region_10982
R10983,Region_10983
R10984,Region_10984
R10985,Region_10985
R10986,Region_10986
R10987,Region_10987
R10988,Region_10988
R10989,Region_10989
R10990,Region_10990
R10991,Region_10991
R10992,Region_10992
R10993,Region_10993
R10994,Region_10994
R10995,Region_10995
R10996,Region_10996
R10997,Region_10997
R10998,Region_10998
R10999,Region_10999
R11000,Region_11000
R11001,Region_11001
R11002,Region_11002
R11003,Region_11003
R11004,Region_11004
R11005,Region_11005
R11006,Region_11006
R11007,Region_11007
R11008,Region_11008
R11009,Region_11009
R11010,Region_11010
R11011,Region_11011
R11012,Region_11012
R11013,Region_11013
R11014,Region_11014
R11015,Region_11015
R11016,Region_11016
R11017,Region_11017
R11018,Region_11018
R11019,Region_11019
R11020,Region_11020
R11021,Region_11021
R11022,Region_11022
R11023,Region_11023
R11024,Region_11024
R11025,Region_11025
R11026,Region_11026
R11027,Region_11027
R11028,Region_11028
R11029,Region_11029
R11030,Region_11030
R11031,Region_11031
R11032,Region_11032
R11033,Region_11033
R11034,Region_11034
R11035,Region_11035
R11036,Region_11036
R11037,Region_11037
R11038,Region_11038
R11039,Region_11039
R11040,Region_11040
R11041,Region_11041
R11042,Region_11042
R11043,Region_11043
R11044,Region_11044
R11045,Region_11045
R11046,Region_11046
R11047,Region_11047
R11048,Region_11048
R11049,Region_11049
R11050,Region_11050
R11051,Region_11051
R11052,Region_11052
R11053,Region_11053
R11054,Region_11054
R11055,Region_11055
R11056,Region_11056
R11057,Region_11057
R11058,Region_11058
R11059,Region_11059
R11060,Region_11060
R11061,Region_11061
R11062,Region_11062
R11063,Region_11063
R11064,Region_11064
R11065,Region_11065
R11066,Region_11066
R11067,Region_11067
R11068,Region_11068
R11069,Region_11069
R11070,Region_11070
R11071,Region_11071
R11072,Region_11072
R11073,Region_11073
R11074,Region_11074
R11075,Region_11075
R11076,Region_11076
R11077,Region_11077
R11078,Region_11078
R11079,Region_11079
R11080,Region_11080
R11081,Region_11081
R11082,Region_11082
R11083,Region_11083
R11084,Region_11084
R11085,Region_11085
R11086,Region_11086
R11087,Region_11087
R11088,Region_11088
R11089,Region_11089
R11090,Region_11090
R11091,Region_11091
R11092,Region_11092
R11093,Region_11093
R11094,Region_11094
R11095,Region_11095
R11096,Region_11096
R11097,Region_11097
R11098,Region_11098
R11099,Region_11099
R11100,Region_11100
R11101,Region_11101
R11102,Region_11102
R11103,Region_11103
R11104,Region_11104
R11105,Region_11105
R11106,Region_11106
R11107,Region_11107
R11108,Region_11108
R11109,Region_11109
R11110,Region_11110
R11111,Region_11111
R11112,Region_11112
R11113,Region_11113
R11114,Region_11114
R11115,Region_11115
R11116,Region_11116
R11117,Region_11117
R11118,Region_11118
R11119,Region_11119
R11120,Region_11120
R11121,Region_11121
R11122,Region_11122
R11123,Region_11123
R11124,Region_11124
R11125,Region_11125
R11126,Region_11126
R11127,Region_11127
R11128,Region_11128
R11129,Region_11129
R11130,Region_11130
R11131,Region_11131
R11132,Region_11132
R11133,Region_11133
R11134,Region_11134
R11135,Region_11135
R11136,Region_11136
R11137,Region_11137
R11138,Region_11138
R11139,Region_11139
R11140,Region_11140
R11141,Region_11141
R11142,Region_11142
R11143,Region_11143
R11144,Region_11144
R11145,Region_11145
R11146,Region_11146
R11147,Region_11147
R11148,Region_11148
R11149,Region_11149
R11150,Region_11150
R11151,Region_11151
R11152,Region_11152
R11153,Region_11153
R11154,Region_11154
R11155,Region_11155
R11156,Region_11156
R11157,Region_11157
R11158,Region_11158
R11159,Region_11159
R11160,Region_11160
R11161,Region_11161
R11162,Region_11162
R11163,Region_11163
R11164,Region_11164
R11165,Region_11165
R11166,Region_11166
R11167,Region_11167
R11168,Region_11168
R11169,Region_11169
R11170,Region_11170
R11171,Region_11171
R11172,Region_11172
R11173,Region_11173
R11174,Region_11174
R11175,Region_11175
R11176,Region_11176
R11177,Region_11177
R11178,Region_11178
R11179,Region_11179
R11180,Region_11180
R11181,Region_11181
R11182,Region_11182
R11183,Region_11183
R11184,Region_11184
R11185,Region_11185
R11186,Region_11186
R11187,Region_11187
R11188,Region_11188
R11189,Region_11189
R11190,Region_11190
R11191,Region_11191
R11192,Region_11192
R11193,Region_11193
R11194,Region_11194
R11195,Region_11195
R11196,Region_11196
R11197,Region_11197
R11198,Region_11198
R11199,Region_11199
R11200,Region_11200
R11201,Region_11201
R11202,Region_11202
R11203,Region_11203
R11204,Region_11204
R11205,Region_11205
R11206,Region_11206
R11207,Region_11207
R11208,Region_11208
R11209,Region_11209
R11210,Region_11210
R11211,Region_11211
R11212,Region_11212
R11213,Region_11213
R11214,Region_11214
R11215,Region_11215
R11216,Region_11216
R11217,Region_11217
R11218,Region_11218
R11219,Region_11219
R11220,Region_11220
R11221,Region_11221
R11222,Region_11222
R11223,Region_11223
R11224,Region_11224
R11225,Region_11225
R11226,Region_11226
R11227,Region_11227
R11228,Region_11228
R11229,Region_11229
R11230,Region_11230
R11231,Region_11231
R11232,Region_11232
R11233,Region_11233
R11234,Region_11234
R11235,Region_11235
R11236,Region_11236
R11237,Region_11237
R11238,Region_11238
R11239,Region_11239
R11240,Region_11240
R11241,Region_11241
R11242,Region_11242
R11243,Region_11243
R11244,Region_11244
R11245,Region_11245
R11246,Region_11246
R11247,Region_11247
R11248,Region_11248
R11249,Region_11249
R11250,Region_11250
R11251,Region_11251
R11252,Region_11252
R11253,Region_11253
R11254,Region_11254
R11255,Region_11255
R11256,Region_11256
R11257,Region_11257
R11258,Region_11258
R11259,Region_11259
R11260,Region_11260
R11261,Region_11261
R11262,Region_11262
R11263,Region_11263
R11264,Region_11264
R11265,Region_11265
R11266,Region_11266
R11267,Region_11267
R11268,Region_11268
R11269,Region_11269
R11270,Region_11270
R11271,Region_11271
R11272,Region_11272
R11273,Region_11273
R11274,Region_11274
R11275,Region_11275
R11276,Region_11276
R11277,Region_11277
R11278,Region_11278
R11279,Region_11279
R11280,Region_11280
R11281,Region_11281
R11282,Region_11282
R11283,Region_11283
R11284,Region_11284
R11285,Region_11285
R11286,Region_11286
R11287,Region_11287
R11288,Region_11288
R11289,Region_11289
R11290,Region_11290
R11291,Region_11291
R11292,Region_11292
R11293,Region_11293
R11294,Region_11294
R11295,Region_11295
R11296,Region_11296
R11297,Region_11297
R11298,Region_11298
R11299,Region_11299
R11300,Region_11300
R11301,Region_11301
R11302,Region_11302
R11303,Region_11303
R11304,Region_11304
R11305,Region_11305
R11306,Region_11306
R11307,Region_11307
R11308,Region_11308
R11309,Region_11309
R11310,Region_11310
R11311,Region_11311
R11312,Region_11312
R11313,Region_11313
R11314,Region_11314
R11315,Region_11315
R11316,Region_11316
R11317,Region_11317
R11318,Region_11318
R11319,Region_11319
R11320,Region_11320
R11321,Region_11321
R11322,Region_11322
R11323,Region_11323
R11324,Region_11324
R11325,Region_11325
R11326,Region_11326
R11327,Region_11327
R11328,Region_11328
R11329,Region_11329
R11330,Region_11330
R11331,Region_11331
R11332,Region_11332
R11333,Region_11333
R11334,Region_11334
R11335,Region_11335
R11336,Region_11336
R11337,Region_11337
R11338,Region_11338
R11339,Region_11339
R11340,Region_11340
R11341,Region_11341
R11342,Region_11342
R11343,Region_11343
R11344,Region_11344
R11345,Region_11345
R11346,Region_11346
R11347,Region_11347
R11348,Region_11348
R11349,Region_11349
R11350,Region_11350
R11351,Region_11351
R11352,Region_11352
R11353,Region_11353
R11354,Region_11354
R11355,Region_11355
R11356,Region_11356
R11357,Region_11357
R11358,Region_11358
R11359,Region_11359
R11360,Region_11360
R11361,Region_11361
R11362,Region_11362
R11363,Region_11363
R11364,Region_11364
R11365,Region_11365
R11366,Region_11366
R11367,Region_11367
R11368,Region_11368
R11369,Region_11369
R11370,Region_11370
R11371,Region_11371
R11372,Region_11372
R11373,Region_11373
R11374,Region_11374
R11375,Region_11375
R11376,Region_11376
R11377,Region_11377
R11378,Region_11378
R11379,Region_11379
R11380,Region_11380
R11381,Region_11381
R11382,Region_11382
R11383,Region_11383
R11384,Region_11384
R11385,Region_11385
R11386,Region_11386
R11387,Region_11387
R11388,Region_11388
R11389,Region_11389
R11390,Region_11390
R11391,Region_11391
R11392,Region_11392
R11393,Region_11393
R11394,Region_11394
R11395,Region_11395
R11396,Region_11396
R11397,Region_11397
R11398,Region_11398
R11399,Region_11399
R11400,Region_11400
R11401,Region_11401
R11402,Region_11402
R11403,Region_11403
R11404,Region_11404
R11405,Region_11405
R11406,Region_11406
R11407,Region_11407
R11408,Region_11408
R11409,Region_11409
R11410,Region_11410
R11411,Region_11411
R11412,Region_11412
R11413,Region_11413
R11414,Region_11414
R11415,Region_11415
R11416,Region_11416
R11417,Region_11417
R11418,Region_11418
R11419,Region_11419
R11420,Region_11420
R11421,Region_11421
R11422,Region_11422
R11423,Region_11423
R11424,Region_11424
R11425,Region_11425
R11426,Region_11426
R11427,Region_11427
R11428,Region_11428
R11429,Region_11429
R11430,Region_11430
R11431,Region_11431
R11432,Region_11432
R11433,Region_11433
R11434,Region_11434
R11435,Region_11435
R11436,Region_11436
R11437,Region_11437
R11438,Region_11438
R11439,Region_11439
R11440,Region_11440
R11441,Region_11441
R11442,Region_11442
R11443,Region_11443
R11444,Region_11444
R11445,Region_11445
R11446,Region_11446
R11447,Region_11447
R11448,Region_11448
R11449,Region_11449
R11450,Region_11450
R11451,Region_11451
R11452,Region_11452
R11453,Region_11453
R11454,Region_11454
R11455,Region_11455
R11456,Region_11456
R11457,Region_11457
R11458,Region_11458
R11459,Region_11459
R11460,Region_11460
R11461,Region_11461
R11462,Region_11462
R11463,Region_11463
R11464,Region_11464
R11465,Region_11465
R11466,Region_11466
R11467,Region_11467
R11468,Region_11468
R11469,Region_11469
R11470,Region_11470
R11471,Region_11471
R11472,Region_11472
R11473,Region_11473
R11474,Region_11474
R11475,Region_11475
R11476,Region_11476
R11477,Region_11477
R11478,Region_11478
R11479,Region_11479
R11480,Region_11480
R11481,Region_11481
R11482,Region_11482
R11483,Region_11483
R11484,Region_11484
R11485,Region_11485
R11486,Region_11486
R11487,Region_11487
R11488,Region_11488
R11489,Region_11489
R11490,Region_11490
R11491,Region_11491
R11492,Region_11492
R11493,Region_11493
R11494,Region_11494
R11495,Region_11495
R11496,Region_11496
R11497,Region_11497
R11498,Region_11498
R11499,Region_11499
R11500,Region_11500
R11501,Region_11501
R11502,Region_11502
R11503,Region_11503
R11504,Region_11504
R11505,Region_11505
R11506,Region_11506
R11507,Region_11507
R11508,Region_11508
R11509,Region_11509
R11510,Region_11510
R11511,Region_11511
R11512,Region_11512
R11513,Region_11513
R11514,Region_11514
R11515,Region_11515
R11516,Region_11516
R11517,Region_11517
R11518,Region_11518
R11519,Region_11519
R11520,Region_11520
R11521,Region_11521
R11522,Region_11522
R11523,Region_11523
R11524,Region_11524
R11525,Region_11525
R11526,Region_11526
R11527,Region_11527
R11528,Region_11528
R11529,Region_11529
R11530,Region_11530
R11531,Region_11531
R11532,Region_11532
R11533,Region_11533
R11534,Region_11534
R11535,Region_11535
R11536,Region_11536
R11537,Region_11537
R11538,Region_11538
R11539,Region_11539
R11540,Region_11540
R11541,Region_11541
R11542,Region_11542
R11543,Region_11543
R11544,Region_11544
R11545,Region_11545
R11546,Region_11546
R11547,Region_11547
R11548,Region_11548
R11549,Region_11549
R11550,Region_11550
R11551,Region_11551
R11552,Region_11552
R11553,Region_11553
R11554,Region_11554
R11555,Region_11555
R11556,Region_11556
R11557,Region_11557
R11558,Region_11558
R11559,Region_11559
R11560,Region_11560
R11561,Region_11561
R11562,Region_11562
R11563,Region_11563
R11564,Region_11564
R11565,Region_11565
R11566,Region_11566
R11567,Region_11567
R11568,Region_11568
R11569,Region_11569
R11570,Region_11570
R11571,Region_11571
R11572,Region_11572
R11573,Region_11573
R11574,Region_11574
R11575,Region_11575
R11576,Region_11576
R11577,Region_11577
R11578,Region_11578
R11579,Region_11579
R11580,Region_11580
R11581,Region_11581
R11582,Region_11582
R11583,Region_11583
R11584,Region_11584
R11585,Region_11585
R11586,Region_11586
R11587,Region_11587
R11588,Region_11588
R11589,Region_11589
R11590,Region_11590
R11591,Region_11591
R11592,Region_11592
R11593,Region_11593
R11594,Region_11594
R11595,Region_11595
R11596,Region_11596
R11597,Region_11597
R11598,Region_11598
R11599,Region_11599
R11600,Region_11600
R11601,Region_11601
R11602,Region_11602
R11603,Region_11603
R11604,Region_11604
R11605,Region_11605
R11606,Region_11606
R11607,Region_11607
R11608,Region_11608
R11609,Region_11609
R11610,Region_11610
R11611,Region_11611
R11612,Region_11612
R11613,Region_11613
R11614,Region_11614
R11615,Region_11615
R11616,Region_11616
R11617,Region_11617
R11618,Region_11618
R11619,Region_11619
R11620,Region_11620
R11621,Region_11621
R11622,Region_11622
R11623,Region_11623
R11624,Region_11624
R11625,Region_11625
R11626,Region_11626
R11627,Region_11627
R11628,Region_11628
R11629,Region_11629
R11630,Region_11630
R11631,Region_11631
R11632,Region_11632
R11633,Region_11633
R11634,Region_11634
R11635,Region_11635
R11636,Region_11636
R11637,Region_11637
R11638,Region_11638
R11639,Region_11639
R11640,Region_11640
R11641,Region_11641
R11642,Region_11642
R11643,Region_11643
R11644,Region_11644
R11645,Region_11645
R11646,Region_11646
R11647,Region_11647
R11648,Region_11648
R11649,Region_11649
R11650,Region_11650
R11651,Region_11651
R11652,Region_11652
R11653,Region_11653
R11654,Region_11654
R11655,Region_11655
R11656,Region_11656
R11657,Region_11657
R11658,Region_11658
R11659,Region_11659
R11660,Region_11660
R11661,Region_11661
R11662,Region_11662
R11663,Region_11663
R11664,Region_11664
R11665,Region_11665
R11666,Region_11666
R11667,Region_11667
R11668,Region_11668
R11669,Region_11669
R11670,Region_11670
R11671,Region_11671
R11672,Region_11672
R11673,Region_11673
R11674,Region_11674
R11675,Region_11675
R11676,Region_11676
R11677,Region_11677
R11678,Region_11678
R11679,Region_11679
R11680,Region_11680
R11681,Region_11681
R11682,Region_11682
R11683,Region_11683
R11684,Region_11684
R11685,Region_11685
R11686,Region_11686
R11687,Region_11687
R11688,Region_11688
R11689,Region_11689
R11690,Region_11690
R11691,Region_11691
R11692,Region_11692
R11693,Region_11693
R11694,Region_11694
R11695,Region_11695
R11696,Region_11696
R11697,Region_11697
R11698,Region_11698
R11699,Region_11699
R11700,Region_11700
R11701,Region_11701
R11702,Region_11702
R11703,Region_11703
R11704,Region_11704
R11705,Region_11705
R11706,Region_11706
R11707,Region_11707
R11708,Region_11708
R11709,Region_11709
R11710,Region_11710
R11711,Region_11711
R11712,Region_11712
R11713,Region_11713
R11714,Region_11714
R11715,Region_11715
R11716,Region_11716
R11717,Region_11717
R11718,Region_11718
R11719,Region_11719
R11720,Region_11720
R11721,Region_11721
R11722,Region_11722
R11723,Region_11723
R11724,Region_11724
R11725,Region_11725
R11726,Region_11726
R11727,Region_11727
R11728,Region_11728
R11729,Region_11729
R11730,Region_11730
R11731,Region_11731
R11732,Region_11732
R11733,Region_11733
R11734,Region_11734
R11735,Region_11735
R11736,Region_11736
R11737,Region_11737
R11738,Region_11738
R11739,Region_11739
R11740,Region_11740
R11741,Region_11741
R11742,Region_11742
R11743,Region_11743
R11744,Region_11744
R11745,Region_11745
R11746,Region_11746
R11747,Region_11747
R11748,Region_11748
R11749,Region_11749
R11750,Region_11750
R11751,Region_11751
R11752,Region_11752
R11753,Region_11753
R11754,Region_11754
R11755,Region_11755
R11756,Region_11756
R11757,Region_11757
R11758,Region_11758
R11759,Region_11759
R11760,Region_11760
R11761,Region_11761
R11762,Region_11762
R11763,Region_11763
R11764,Region_11764
R11765,Region_11765
R11766,Region_11766
R11767,Region_11767
R11768,Region_11768
R11769,Region_11769
R11770,Region_11770
R11771,Region_11771
R11772,Region_11772
R11773,Region_11773
R11774,Region_11774
R11775,Region_11775
R11776,Region_11776
R11777,Region_11777
R11778,Region_11778
R11779,Region_11779
R11780,Region_11780
R11781,Region_11781
R11782,Region_11782
R11783,Region_11783
R11784,Region_11784
R11785,Region_11785
R11786,Region_11786
R11787,Region_11787
R11788,Region_11788
R11789,Region_11789
R11790,Region_11790
R11791,Region_11791
R11792,Region_11792
R11793,Region_11793
R11794,Region_11794
R11795,Region_11795
R11796,Region_11796
R11797,Region_11797
R11798,Region_11798
R11799,Region_11799
R11800,Region_11800
R11801,Region_11801
R11802,Region_11802
R11803,Region_11803
R11804,Region_11804
R11805,Region_11805
R11806,Region_11806
R11807,Region_11807
R11808,Region_11808
R11809,Region_11809
R11810,Region_11810
R11811,Region_11811
R11812,Region_11812
R11813,Region_11813
R11814,Region_11814
R11815,Region_11815
R11816,Region_11816
R11817,Region_11817
R11818,Region_11818
R11819,Region_11819
R11820,Region_11820
R11821,Region_11821
R11822,Region_11822
R11823,Region_11823
R11824,Region_11824
R11825,Region_11825
R11826,Region_11826
R11827,Region_11827
R11828,Region_11828
R11829,Region_11829
R11830,Region_11830
R11831,Region_11831
R11832,Region_11832
R11833,Region_11833
R11834,Region_11834
R11835,Region_11835
R11836,Region_11836
R11837,Region_11837
R11838,Region_11838
R11839,Region_11839
R11840,Region_11840
R11841,Region_11841
R11842,Region_11842
R11843,Region_11843
R11844,Region_11844
R11845,Region_11845
R11846,Region_11846
R11847,Region_11847
R11848,Region_11848
R11849,Region_11849
R11850,Region_11850
R11851,Region_11851
R11852,Region_11852
R11853,Region_11853
R11854,Region_11854
R11855,Region_11855
R11856,Region_11856
R11857,Region_11857
R11858,Region_11858
R11859,Region_11859
R11860,Region_11860
R11861,Region_11861
R11862,Region_11862
R11863,Region_11863
R11864,Region_11864
R11865,Region_11865
R11866,Region_11866
R11867,Region_11867
R11868,Region_11868
R11869,Region_11869
R11870,Region_11870
R11871,Region_11871
R11872,Region_11872
R11873,Region_11873
R11874,Region_11874
R11875,Region_11875
R11876,Region_11876
R11877,Region_11877
R11878,Region_11878
R11879,Region_11879
R11880,Region_11880
R11881,Region_11881
R11882,Region_11882
R11883,Region_11883
R11884,Region_11884
R11885,Region_11885
R11886,Region_11886
R11887,Region_11887
R11888,Region_11888
R11889,Region_11889
R11890,Region_11890
R11891,Region_11891
R11892,Region_11892
R11893,Region_11893
R11894,Region_11894
R11895,Region_11895
R11896,Region_11896
R11897,Region_11897
R11898,Region_11898
R11899,Region_11899
R11900,Region_11900
R11901,Region_11901
R11902,Region_11902
R11903,Region_11903
R11904,Region_11904
R11905,Region_11905
R11906,Region_11906
R11907,Region_11907
R11908,Region_11908
R11909,Region_11909
R11910,Region_11910
R11911,Region_11911
R11912,Region_11912
R11913,Region_11913
R11914,Region_11914
R11915,Region_11915
R11916,Region_11916
R11917,Region_11917
R11918,Region_11918
R11919,Region_11919
R11920,Region_11920
R11921,Region_11921
R11922,Region_11922
R11923,Region_11923
R11924,Region_11924
R11925,Region_11925
R11926,Region_11926
R11927,Region_11927
R11928,Region_11928
R11929,Region_11929
R11930,Region_11930
R11931,Region_11931
R11932,Region_11932
R11933,Region_11933
R11934,Region_11934
R11935,Region_11935
R11936,Region_11936
R11937,Region_11937
R11938,Region_11938
R11939,Region_11939
R11940,Region_11940
R11941,Region_11941
R11942,Region_11942
R11943,Region_11943
R11944,Region_11944
R11945,Region_11945
R11946,Region_11946
R11947,Region_11947
R11948,Region_11948
R11949,Region_11949
R11950,Region_11950
R11951,Region_11951
R11952,Region_11952
R11953,Region_11953
R11954,Region_11954
R11955,Region_11955
R11956,Region_11956
R11957,Region_11957
R11958,Region_11958
R11959,Region_11959
R11960,Region_11960
R11961,Region_11961
R11962,Region_11962
R11963,Region_11963
R11964,Region_11964
R11965,Region_11965
R11966,Region_11966
R11967,Region_11967
R11968,Region_11968
R11969,Region_11969
R11970,Region_11970
R11971,Region_11971
R11972,Region_11972
R11973,Region_11973
R11974,Region_11974
R11975,Region_11975
R11976,Region_11976
R11977,Region_11977
R11978,Region_11978
R11979,Region_11979
R11980,Region_11980
R11981,Region_11981
R11982,Region_11982
R11983,Region_11983
R11984,Region_11984
R11985,Region_11985
R11986,Region_11986
R11987,Region_11987
R11988,Region_11988
R11989,Region_11989
R11990,Region_11990
R11991,Region_11991
R11992,Region_11992
R11993,Region_11993
R11994,Region_11994
R11995,Region_11995
R11996,Region_11996
R11997,Region_11997
R11998,Region_11998
R11999,Region_11999
R12000,Region_12000
R12001,Region_12001
R12002,Region_12002
R12003,Region_12003
R12004,Region_12004
R12005,Region_12005
R12006,Region_12006
R12007,Region_12007
R12008,Region_12008
R12009,Region_12009
R12010,Region_12010
R12011,Region_12011
R12012,Region_12012
R12013,Region_12013
R12014,Region_12014
R12015,Region_12015
R12016,Region_12016
R12017,Region_12017
R12018,Region_12018
R12019,Region_12019
R12020,Region_12020
R12021,Region_12021
R12022,Region_12022
R12023,Region_12023
R12024,Region_12024
R12025,Region_12025
R12026,Region_12026
R12027,Region_12027
R12028,Region_12028
R12029,Region_12029
R12030,Region_12030
R12031,Region_12031
R12032,Region_12032
R12033,Region_12033
R12034,Region_12034
R12035,Region_12035
R12036,Region_12036
R12037,Region_12037
R12038,Region_12038
R12039,Region_12039
R12040,Region_12040
R12041,Region_12041
R12042,Region_12042
R12043,Region_12043
R12044,Region_12044
R12045,Region_12045
R12046,Region_12046
R12047,Region_12047
R12048,Region_12048
R12049,Region_12049
R12050,Region_12050
R12051,Region_12051
R12052,Region_12052
R12053,Region_12053
R12054,Region_12054
R12055,Region_12055
R12056,Region_12056
R12057,Region_12057
R12058,Region_12058
R12059,Region_12059
R12060,Region_12060
R12061,Region_12061
R12062,Region_12062
R12063,Region_12063
R12064,Region_12064
R12065,Region_12065
R12066,Region_12066
R12067,Region_12067
R12068,Region_12068
R12069,Region_12069
R12070,Region_12070
R12071,Region_12071
R12072,Region_12072
R12073,Region_12073
R12074,Region_12074
R12075,Region_12075
R12076,Region_12076
R12077,Region_12077
R12078,Region_12078
R12079,Region_12079
R12080,Region_12080
R12081,Region_12081
R12082,Region_12082
R12083,Region_12083
R12084,Region_12084
R12085,Region_12085
R12086,Region_12086
R12087,Region_12087
R12088,Region_12088
R12089,Region_12089
R12090,Region_12090
R12091,Region_12091
R12092,Region_12092
R12093,Region_12093
R12094,Region_12094
R12095,Region_12095
R12096,Region_12096
R12097,Region_12097
R12098,Region_12098
R12099,Region_12099
R12100,Region_12100
R12101,Region_12101
R12102,Region_12102
R12103,Region_12103
R12104,Region_12104
R12105,Region_12105
R12106,Region_12106
R12107,Region_12107
R12108,Region_12108
R12109,Region_12109
R12110,Region_12110
R12111,Region_12111
R12112,Region_12112
R12113,Region_12113
R12114,Region_12114
R12115,Region_12115
R12116,Region_12116
R12117,Region_12117
R12118,Region_12118
R12119,Region_12119
R12120,Region_12120
R12121,Region_12121
R12122,Region_12122
R12123,Region_12123
R12124,Region_12124
R12125,Region_12125
R12126,Region_12126
R12127,Region_12127
R12128,Region_12128
R12129,Region_12129
R12130,Region_12130
R12131,Region_12131
R12132,Region_12132
R12133,Region_12133
R12134,Region_12134
R12135,Region_12135
R12136,Region_12136
R12137,Region_12137
R12138,Region_12138
R12139,Region_12139
R12140,Region_12140
R12141,Region_12141
R12142,Region_12142
R12143,Region_12143
R12144,Region_12144
R12145,Region_12145
R12146,Region_12146
R12147,Region_12147
R12148,Region_12148
R12149,Region_12149
R12150,Region_12150
R12151,Region_12151
R12152,Region_12152
R12153,Region_12153
R12154,Region_12154
R12155,Region_12155
R12156,Region_12156
R12157,Region_12157
R12158,Region_12158
R12159,Region_12159
R12160,Region_12160
R12161,Region_12161
R12162,Region_12162
R12163,Region_12163
R12164,Region_12164
R12165,Region_12165
R12166,Region_12166
R12167,Region_12167
R12168,Region_12168
R12169,Region_12169
R12170,Region_12170
R12171,Region_12171
R12172,Region_12172
R12173,Region_12173
R12174,Region_12174
R12175,Region_12175
R12176,Region_12176
R12177,Region_12177
R12178,Region_12178
R12179,Region_12179
R12180,Region_12180
R12181,Region_12181
R12182,Region_12182
R12183,Region_12183
R12184,Region_12184
R12185,Region_12185
R12186,Region_12186
R12187,Region_12187
R12188,Region_12188
R12189,Region_12189
R12190,Region_12190
R12191,Region_12191
R12192,Region_12192
R12193,Region_12193
R12194,Region_12194
R12195,Region_12195
R12196,Region_12196
R12197,Region_12197
R12198,Region_12198
R12199,Region_12199
R12200,Region_12200
R12201,Region_12201
R12202,Region_12202
R12203,Region_12203
R12204,Region_12204
R12205,Region_12205
R12206,Region_12206
R12207,Region_12207
R12208,Region_12208
R12209,Region_12209
R12210,Region_12210
R12211,Region_12211
R12212,Region_12212
R12213,Region_12213
R12214,Region_12214
R12215,Region_12215
R12216,Region_12216
R12217,Region_12217
R12218,Region_12218
R12219,Region_12219
R12220,Region_12220
R12221,Region_12221
R12222,Region_12222
R12223,Region_12223
R12224,Region_12224
R12225,Region_12225
R12226,Region_12226
R12227,Region_12227
R12228,Region_12228
R12229,Region_12229
R12230,Region_12230
R12231,Region_12231
R12232,Region_12232
R12233,Region_12233
R12234,Region_12234
R12235,Region_12235
R12236,Region_12236
R12237,Region_12237
R12238,Region_12238
R12239,Region_12239
R12240,Region_12240
R12241,Region_12241
R12242,Region_12242
R12243,Region_12243
R12244,Region_12244
R12245,Region_12245
R12246,Region_12246
R12247,Region_12247
R12248,Region_12248
R12249,Region_12249
R12250,Region_12250
R12251,Region_12251
R12252,Region_12252
R12253,Region_12253
R12254,Region_12254
R12255,Region_12255
R12256,Region_12256
R12257,Region_12257
R12258,Region_12258
R12259,Region_12259
R12260,Region_12260
R12261,Region_12261
R12262,Region_12262
R12263,Region_12263
R12264,Region_12264
R12265,Region_12265
R12266,Region_12266
R12267,Region_12267
R12268,Region_12268
R12269,Region_12269
R12270,Region_12270
R12271,Region_12271
R12272,Region_12272
R12273,Region_12273
R12274,Region_12274
R12275,Region_12275
R12276,Region_12276
R12277,Region_12277
R12278,Region_12278
R12279,Region_12279
R12280,Region_12280
R12281,Region_12281
R12282,Region_12282
R12283,Region_12283
R12284,Region_12284
R12285,Region_12285
R12286,Region_12286
R12287,Region_12287
R12288,Region_12288
R12289,Region_12289
R12290,Region_12290
R12291,Region_12291
R12292,Region_12292
R12293,Region_12293
R12294,Region_12294
R12295,Region_12295
R12296,Region_12296
R12297,Region_12297
R12298,Region_12298
R12299,Region_12299
R12300,Region_12300
R12301,Region_12301
R12302,Region_12302
R12303,Region_12303
R12304,Region_12304
R12305,Region_12305
R12306,Region_12306
R12307,Region_12307
R12308,Region_12308
R12309,Region_12309
R12310,Region_12310
R12311,Region_12311
R12312,Region_12312
R12313,Region_12313
R12314,Region_12314
R12315,Region_12315
R12316,Region_12316
R12317,Region_12317
R12318,Region_12318
R12319,Region_12319
R12320,Region_12320
R12321,Region_12321
R12322,Region_12322
R12323,Region_12323
R12324,Region_12324
R12325,Region_12325
R12326,Region_12326
R12327,Region_12327
R12328,Region_12328
R12329,Region_12329
R12330,Region_12330
R12331,Region_12331
R12332,Region_12332
R12333,Region_12333
R12334,Region_12334
R12335,Region_12335
R12336,Region_12336
R12337,Region_12337
R12338,Region_12338
R12339,Region_12339
R12340,Region_12340
R12341,Region_12341
R12342,Region_12342
R12343,Region_12343
R12344,Region_12344
R12345,Region_12345
R12346,Region_12346
R12347,Region_12347
R12348,Region_12348
R12349,Region_12349
R12350,Region_12350
R12351,Region_12351
R12352,Region_12352
R12353,Region_12353
R12354,Region_12354
R12355,Region_12355
R12356,Region_12356
R12357,Region_12357
R12358,Region_12358
R12359,Region_12359
R12360,Region_12360
R12361,Region_12361
R12362,Region_12362
R12363,Region_12363
R12364,Region_12364
R12365,Region_12365
R12366,Region_12366
R12367,Region_12367
R12368,Region_12368
R12369,Region_12369
R12370,Region_12370
R12371,Region_12371
R12372,Region_12372
R12373,Region_12373
R12374,Region_12374
R12375,Region_12375
R12376,Region_12376
R12377,Region_12377
R12378,Region_12378
R12379,Region_12379
R12380,Region_12380
R12381,Region_12381
R12382,Region_12382
R12383,Region_12383
R12384,Region_12384
R12385,Region_12385
R12386,Region_12386
R12387,Region_12387
R12388,Region_12388
R12389,Region_12389
R12390,Region_12390
R12391,Region_12391
R12392,Region_12392
R12393,Region_12393
R12394,Region_12394
R12395,Region_12395
R12396,Region_12396
R12397,Region_12397
R12398,Region_12398
R12399,Region_12399
R12400,Region_12400
R12401,Region_12401
R12402,Region_12402
R12403,Region_12403
R12404,Region_12404
R12405,Region_12405
R12406,Region_12406
R12407,Region_12407
R12408,Region_12408
R12409,Region_12409
R12410,Region_12410
R12411,Region_12411
R12412,Region_12412
R12413,Region_12413
R12414,Region_12414
R12415,Region_12415
R12416,Region_12416
R12417,Region_12417
R12418,Region_12418
R12419,Region_12419
R12420,Region_12420
R12421,Region_12421
R12422,Region_12422
R12423,Region_12423
R12424,Region_12424
R12425,Region_12425
R12426,Region_12426
R12427,Region_12427
R12428,Region_12428
R12429,Region_12429
R12430,Region_12430
R12431,Region_12431
R12432,Region_12432
R12433,Region_12433
R12434,Region_12434
R12435,Region_12435
R12436,Region_12436
R12437,Region_12437
R12438,Region_12438
R12439,Region_12439
R12440,Region_12440
R12441,Region_12441
R12442,Region_12442
R12443,Region_12443
R12444,Region_12444
R12445,Region_12445
R12446,Region_12446
R12447,Region_12447
R12448,Region_12448
R12449,Region_12449
R12450,Region_12450
R12451,Region_12451
R12452,Region_12452
R12453,Region_12453
R12454,Region_12454
R12455,Region_12455
R12456,Region_12456
R12457,Region_12457
R12458,Region_12458
R12459,Region_12459
R12460,Region_12460
R12461,Region_12461
R12462,Region_12462
R12463,Region_12463
R12464,Region_12464
R12465,Region_12465
R12466,Region_12466
R12467,Region_12467
R12468,Region_12468
R12469,Region_12469
R12470,Region_12470
R12471,Region_12471
R12472,Region_12472
R12473,Region_12473
R12474,Region_12474
R12475,Region_12475
R12476,Region_12476
R12477,Region_12477
R12478,Region_12478
R12479,Region_12479
R12480,Region_12480
R12481,Region_12481
R12482,Region_12482
R12483,Region_12483
R12484,Region_12484
R12485,Region_12485
R12486,Region_12486
R12487,Region_12487
R12488,Region_12488
R12489,Region_12489
R12490,Region_12490
R12491,Region_12491
R12492,Region_12492
R12493,Region_12493
R12494,Region_12494
R12495,Region_12495
R12496,Region_12496
R12497,Region_12497
R12498,Region_12498
R12499,Region_12499
R12500,Region_12500
R12501,Region_12501
R12502,Region_12502
R12503,Region_12503
R12504,Region_12504
R12505,Region_12505
R12506,Region_12506
R12507,Region_12507
R12508,Region_12508
R12509,Region_12509
R12510,Region_12510
R12511,Region_12511
R12512,Region_12512
R12513,Region_12513
R12514,Region_12514
R12515,Region_12515
R12516,Region_12516
R12517,Region_12517
R12518,Region_12518
R12519,Region_12519
R12520,Region_12520
R12521,Region_12521
R12522,Region_12522
R12523,Region_12523
R12524,Region_12524
R12525,Region_12525
R12526,Region_12526
R12527,Region_12527
R12528,Region_12528
R12529,Region_12529
R12530,Region_12530
R12531,Region_12531
R12532,Region_12532
R12533,Region_12533
R12534,Region_12534
R12535,Region_12535
R12536,Region_12536
R12537,Region_12537
R12538,Region_12538
R12539,Region_12539
R12540,Region_12540
R12541,Region_12541
R12542,Region_12542
R12543,Region_12543
R12544,Region_12544
R12545,Region_12545
R12546,Region_12546
R12547,Region_12547
R12548,Region_12548
R12549,Region_12549
R12550,Region_12550
R12551,Region_12551
R12552,Region_12552
R12553,Region_12553
R12554,Region_12554
R12555,Region_12555
R12556,Region_12556
R12557,Region_12557
R12558,Region_12558
R12559,Region_12559
R12560,Region_12560
R12561,Region_12561
R12562,Region_12562
R12563,Region_12563
R12564,Region_12564
R12565,Region_12565
R12566,Region_12566
R12567,Region_12567
R12568,Region_12568
R12569,Region_12569
R12570,Region_12570
R12571,Region_12571
R12572,Region_12572
R12573,Region_12573
R12574,Region_12574
R12575,Region_12575
R12576,Region_12576
R12577,Region_12577
R12578,Region_12578
R12579,Region_12579
R12580,Region_12580
R12581,Region_12581
R12582,Region_12582
R12583,Region_12583
R12584,Region_12584
R12585,Region_12585
R12586,Region_12586
R12587,Region_12587
R12588,Region_12588
R12589,Region_12589
R12590,Region_12590
R12591,Region_12591
R12592,Region_12592
R12593,Region_12593
R12594,Region_12594
R12595,Region_12595
R12596,Region_12596
R12597,Region_12597
R12598,Region_12598
R12599,Region_12599
R12600,Region_12600
R12601,Region_12601
R12602,Region_12602
R12603,Region_12603
R12604,Region_12604
R12605,Region_12605
R12606,Region_12606
R12607,Region_12607
R12608,Region_12608
R12609,Region_12609
R12610,Region_12610
R12611,Region_12611
R12612,Region_12612
R12613,Region_12613
R12614,Region_12614
R12615,Region_12615
R12616,Region_12616
R12617,Region_12617
R12618,Region_12618
R12619,Region_12619
R12620,Region_12620
R12621,Region_12621
R12622,Region_12622
R12623,Region_12623
R12624,Region_12624
R12625,Region_12625
R12626,Region_12626
R12627,Region_12627
R12628,Region_12628
R12629,Region_12629
R12630,Region_12630
R12631,Region_12631
R12632,Region_12632
R12633,Region_12633
R12634,Region_12634
R12635,Region_12635
R12636,Region_12636
R12637,Region_12637
R12638,Region_12638
R12639,Region_12639
R12640,Region_12640
R12641,Region_12641
R12642,Region_12642
R12643,Region_12643
R12644,Region_12644
R12645,Region_12645
R12646,Region_12646
R12647,Region_12647
R12648,Region_12648
R12649,Region_12649
R12650,Region_12650
R12651,Region_12651
R12652,Region_12652
R12653,Region_12653
R12654,Region_12654
R12655,Region_12655
R12656,Region_12656
R12657,Region_12657
R12658,Region_12658
R12659,Region_12659
R12660,Region_12660
R12661,Region_12661
R12662,Region_12662
R12663,Region_12663
R12664,Region_12664
R12665,Region_12665
R12666,Region_12666
R12667,Region_12667
R12668,Region_12668
R12669,Region_12669
R12670,Region_12670
R12671,Region_12671
R12672,Region_12672
R12673,Region_12673
R12674,Region_12674
R12675,Region_12675
R12676,Region_12676
R12677,Region_12677
R12678,Region_12678
R12679,Region_12679
R12680,Region_12680
R12681,Region_12681
R12682,Region_12682
R12683,Region_12683
R12684,Region_12684
R12685,Region_12685
R12686,Region_12686
R12687,Region_12687
R12688,Region_12688
R12689,Region_12689
R12690,Region_12690
R12691,Region_12691
R12692,Region_12692
R12693,Region_12693
R12694,Region_12694
R12695,Region_12695
R12696,Region_12696
R12697,Region_12697
R12698,Region_12698
R12699,Region_12699
R12700,Region_12700
R12701,Region_12701
R12702,Region_12702
R12703,Region_12703
R12704,Region_12704
R12705,Region_12705
R12706,Region_12706
R12707,Region_12707
R12708,Region_12708
R12709,Region_12709
R12710,Region_12710
R12711,Region_12711
R12712,Region_12712
R12713,Region_12713
R12714,Region_12714
R12715,Region_12715
R12716,Region_12716
R12717,Region_12717
R12718,Region_12718
R12719,Region_12719
R12720,Region_12720
R12721,Region_12721
R12722,Region_12722
R12723,Region_12723
R12724,Region_12724
R12725,Region_12725
R12726,Region_12726
R12727,Region_12727
R12728,Region_12728
R12729,Region_12729
R12730,Region_12730
R12731,Region_12731
R12732,Region_12732
R12733,Region_12733
R12734,Region_12734
R12735,Region_12735
R12736,Region_12736
R12737,Region_12737
R12738,Region_12738
R12739,Region_12739
R12740,Region_12740
R12741,Region_12741
R12742,Region_12742
R12743,Region_12743
R12744,Region_12744
R12745,Region_12745
R12746,Region_12746
R12747,Region_12747
R12748,Region_12748
R12749,Region_12749
R12750,Region_12750
R12751,Region_12751
R12752,Region_12752
R12753,Region_12753
R12754,Region_12754
R12755,Region_12755
R12756,Region_12756
R12757,Region_12757
R12758,Region_12758
R12759,Region_12759
R12760,Region_12760
R12761,Region_12761
R12762,Region_12762
R12763,Region_12763
R12764,Region_12764
R12765,Region_12765
R12766,Region_12766
R12767,Region_12767
R12768,Region_12768
R12769,Region_12769
R12770,Region_12770
R12771,Region_12771
R12772,Region_12772
R12773,Region_12773
R12774,Region_12774
R12775,Region_12775
R12776,Region_12776
R12777,Region_12777
R12778,Region_12778
R12779,Region_12779
R12780,Region_12780
R12781,Region_12781
R12782,Region_12782
R12783,Region_12783
R12784,Region_12784
R12785,Region_12785
R12786,Region_12786
R12787,Region_12787
R12788,Region_12788
R12789,Region_12789
R12790,Region_12790
R12791,Region_12791
R12792,Region_12792
R12793,Region_12793
R12794,Region_12794
R12795,Region_12795
R12796,Region_12796
R12797,Region_12797
R12798,Region_12798
R12799,Region_12799
R12800,Region_12800
R12801,Region_12801
R12802,Region_12802
R12803,Region_12803
R12804,Region_12804
R12805,Region_12805
R12806,Region_12806
R12807,Region_12807
R12808,Region_12808
R12809,Region_12809
R12810,Region_12810
R12811,Region_12811
R12812,Region_12812
R12813,Region_12813
R12814,Region_12814
R12815,Region_12815
R12816,Region_12816
R12817,Region_12817
R12818,Region_12818
R12819,Region_12819
R12820,Region_12820
R12821,Region_12821
R12822,Region_12822
R12823,Region_12823
R12824,Region_12824
R12825,Region_12825
R12826,Region_12826
R12827,Region_12827
R12828,Region_12828
R12829,Region_12829
R12830,Region_12830
R12831,Region_12831
R12832,Region_12832
R12833,Region_12833
R12834,Region_12834
R12835,Region_12835
R12836,Region_12836
R12837,Region_12837
R12838,Region_12838
R12839,Region_12839
R12840,Region_12840
R12841,Region_12841
R12842,Region_12842
R12843,Region_12843
R12844,Region_12844
R12845,Region_12845
R12846,Region_12846
R12847,Region_12847
R12848,Region_12848
R12849,Region_12849
R12850,Region_12850
R12851,Region_12851
R12852,Region_12852
R12853,Region_12853
R12854,Region_12854
R12855,Region_12855
R12856,Region_12856
R12857,Region_12857
R12858,Region_12858
R12859,Region_12859
R12860,Region_12860
R12861,Region_12861
R12862,Region_12862
R12863,Region_12863
R12864,Region_12864
R12865,Region_12865
R12866,Region_12866
R12867,Region_12867
R12868,Region_12868
R12869,Region_12869
R12870,Region_12870
R12871,Region_12871
R12872,Region_12872
R12873,Region_12873
R12874,Region_12874
R12875,Region_12875
R12876,Region_12876
R12877,Region_12877
R12878,Region_12878
R12879,Region_12879
R12880,Region_12880
R12881,Region_12881
R12882,Region_12882
R12883,Region_12883
R12884,Region_12884
R12885,Region_12885
R12886,Region_12886
R12887,Region_12887
R12888,Region_12888
R12889,Region_12889
R12890,Region_12890
R12891,Region_12891
R12892,Region_12892
R12893,Region_12893
R12894,Region_12894
R12895,Region_12895
R12896,Region_12896
R12897,Region_12897
R12898,Region_12898
R12899,Region_12899
R12900,Region_12900
R12901,Region_12901
R12902,Region_12902
R12903,Region_12903
R12904,Region_12904
R12905,Region_12905
R12906,Region_12906
R12907,Region_12907
R12908,Region_12908
R12909,Region_12909
R12910,Region_12910
R12911,Region_12911
R12912,Region_12912
R12913,Region_12913
R12914,Region_12914
R12915,Region_12915
R12916,Region_12916
R12917,Region_12917
R12918,Region_12918
R12919,Region_12919
R12920,Region_12920
R12921,Region_12921
R12922,Region_12922
R12923,Region_12923
R12924,Region_12924
R12925,Region_12925
R12926,Region_12926
R12927,Region_12927
R12928,Region_12928
R12929,Region_12929
R12930,Region_12930
R12931,Region_12931
R12932,Region_12932
R12933,Region_12933
R12934,Region_12934
R12935,Region_12935
R12936,Region_12936
R12937,Region_12937
R12938,Region_12938
R12939,Region_12939
R12940,Region_12940
R12941,Region_12941
R12942,Region_12942
R12943,Region_12943
R12944,Region_12944
R12945,Region_12945
R12946,Region_12946
R12947,Region_12947
R12948,Region_12948
R12949,Region_12949
R12950,Region_12950
R12951,Region_12951
R12952,Region_12952
R12953,Region_12953
R12954,Region_12954
R12955,Region_12955
R12956,Region_12956
R12957,Region_12957
R12958,Region_12958
R12959,Region_12959
R12960,Region_12960
R12961,Region_12961
R12962,Region_12962
R12963,Region_12963
R12964,Region_12964
R12965,Region_12965
R12966,Region_12966
R12967,Region_12967
R12968,Region_12968
R12969,Region_12969
R12970,Region_12970
R12971,Region_12971
R12972,Region_12972
R12973,Region_12973
R12974,Region_12974
R12975,Region_12975
R12976,Region_12976
R12977,Region_12977
R12978,Region_12978
R12979,Region_12979
R12980,Region_12980
R12981,Region_12981
R12982,Region_12982
R12983,Region_12983
R12984,Region_12984
R12985,Region_12985
R12986,Region_12986
R12987,Region_12987
R12988,Region_12988
R12989,Region_12989
R12990,Region_12990
R12991,Region_12991
R12992,Region_12992
R12993,Region_12993
R12994,Region_12994
R12995,Region_12995
R12996,Region_12996
R12997,Region_12997
R12998,Region_12998
R12999,Region_12999
R13000,Region_13000
R13001,Region_13001
R13002,Region_13002
R13003,Region_13003
R13004,Region_13004
R13005,Region_13005
R13006,Region_13006
R13007,Region_13007
R13008,Region_13008
R13009,Region_13009
R13010,Region_13010
R13011,Region_13011
R13012,Region_13012
R13013,Region_13013
R13014,Region_13014
R13015,Region_13015
R13016,Region_13016
R13017,Region_13017
R13018,Region_13018
R13019,Region_13019
R13020,Region_13020
R13021,Region_13021
R13022,Region_13022
R13023,Region_13023
R13024,Region_13024
R13025,Region_13025
R13026,Region_13026
R13027,Region_13027
R13028,Region_13028
R13029,Region_13029
R13030,Region_13030
R13031,Region_13031
R13032,Region_13032
R13033,Region_13033
R13034,Region_13034
R13035,Region_13035
R13036,Region_13036
R13037,Region_13037
R13038,Region_13038
R13039,Region_13039
R13040,Region_13040
R13041,Region_13041
R13042,Region_13042
R13043,Region_13043
R13044,Region_13044
R13045,Region_13045
R13046,Region_13046
R13047,Region_13047
R13048,Region_13048
R13049,Region_13049
R13050,Region_13050
R13051,Region_13051
R13052,Region_13052
R13053,Region_13053
R13054,Region_13054
R13055,Region_13055
R13056,Region_13056
R13057,Region_13057
R13058,Region_13058
R13059,Region_13059
R13060,Region_13060
R13061,Region_13061
R13062,Region_13062
R13063,Region_13063
R13064,Region_13064
R13065,Region_13065
R13066,Region_13066
R13067,Region_13067
R13068,Region_13068
R13069,Region_13069
R13070,Region_13070
R13071,Region_13071
R13072,Region_13072
R13073,Region_13073
R13074,Region_13074
R13075,Region_13075
R13076,Region_13076
R13077,Region_13077
R13078,Region_13078
R13079,Region_13079
R13080,Region_13080
R13081,Region_13081
R13082,Region_13082
R13083,Region_13083
R13084,Region_13084
R13085,Region_13085
R13086,Region_13086
R13087,Region_13087
R13088,Region_13088
R13089,Region_13089
R13090,Region_13090
R13091,Region_13091
R13092,Region_13092
R13093,Region_13093
R13094,Region_13094
R13095,Region_13095
R13096,Region_13096
R13097,Region_13097
R13098,Region_13098
R13099,Region_13099
R13100,Region_13100
R13101,Region_13101
R13102,Region_13102
R13103,Region_13103
R13104,Region_13104
R13105,Region_13105
R13106,Region_13106
R13107,Region_13107
R13108,Region_13108
R13109,Region_13109
R13110,Region_13110
R13111,Region_13111
R13112,Region_13112
R13113,Region_13113
R13114,Region_13114
R13115,Region_13115
R13116,Region_13116
R13117,Region_13117
R13118,Region_13118
R13119,Region_13119
R13120,Region_13120
R13121,Region_13121
R13122,Region_13122
R13123,Region_13123
R13124,Region_13124
R13125,Region_13125
R13126,Region_13126
R13127,Region_13127
R13128,Region_13128
R13129,Region_13129
R13130,Region_13130
R13131,Region_13131
R13132,Region_13132
R13133,Region_13133
R13134,Region_13134
R13135,Region_13135
R13136,Region_13136
R13137,Region_13137
R13138,Region_13138
R13139,Region_13139
R13140,Region_13140
R13141,Region_13141
R13142,Region_13142
R13143,Region_13143
R13144,Region_13144
R13145,Region_13145
R13146,Region_13146
R13147,Region_13147
R13148,Region_13148
R13149,Region_13149
R13150,Region_13150
R13151,Region_13151
R13152,Region_13152
R13153,Region_13153
R13154,Region_13154
R13155,Region_13155
R13156,Region_13156
R13157,Region_13157
R13158,Region_13158
R13159,Region_13159
R13160,Region_13160
R13161,Region_13161
R13162,Region_13162
R13163,Region_13163
R13164,Region_13164
R13165,Region_13165
R13166,Region_13166
R13167,Region_13167
R13168,Region_13168
R13169,Region_13169
R13170,Region_13170
R13171,Region_13171
R13172,Region_13172
R13173,Region_13173
R13174,Region_13174
R13175,Region_13175
R13176,Region_13176
R13177,Region_13177
R13178,Region_13178
R13179,Region_13179
R13180,Region_13180
R13181,Region_13181
R13182,Region_13182
R13183,Region_13183
R13184,Region_13184
R13185,Region_13185
R13186,Region_13186
R13187,Region_13187
R13188,Region_13188
R13189,Region_13189
R13190,Region_13190
R13191,Region_13191
R13192,Region_13192
R13193,Region_13193
R13194,Region_13194
R13195,Region_13195
R13196,Region_13196
R13197,Region_13197
R13198,Region_13198
R13199,Region_13199
R13200,Region_13200
R13201,Region_13201
R13202,Region_13202
R13203,Region_13203
R13204,Region_13204
R13205,Region_13205
R13206,Region_13206
R13207,Region_13207
R13208,Region_13208
R13209,Region_13209
R13210,Region_13210
R13211,Region_13211
R13212,Region_13212
R13213,Region_13213
R13214,Region_13214
R13215,Region_13215
R13216,Region_13216
R13217,Region_13217
R13218,Region_13218
R13219,Region_13219
R13220,Region_13220
R13221,Region_13221
R13222,Region_13222
R13223,Region_13223
R13224,Region_13224
R13225,Region_13225
R13226,Region_13226
R13227,Region_13227
R13228,Region_13228
R13229,Region_13229
R13230,Region_13230
R13231,Region_13231
R13232,Region_13232
R13233,Region_13233
R13234,Region_13234
R13235,Region_13235
R13236,Region_13236
R13237,Region_13237
R13238,Region_13238
R13239,Region_13239
R13240,Region_13240
R13241,Region_13241
R13242,Region_13242
R13243,Region_13243
R13244,Region_13244
R13245,Region_13245
R13246,Region_13246
R13247,Region_13247
R13248,Region_13248
R13249,Region_13249
R13250,Region_13250
R13251,Region_13251
R13252,Region_13252
R13253,Region_13253
R13254,Region_13254
R13255,Region_13255
R13256,Region_13256
R13257,Region_13257
R13258,Region_13258
R13259,Region_13259
R13260,Region_13260
R13261,Region_13261
R13262,Region_13262
R13263,Region_13263
R13264,Region_13264
R13265,Region_13265
R13266,Region_13266
R13267,Region_13267
R13268,Region_13268
R13269,Region_13269
R13270,Region_13270
R13271,Region_13271
R13272,Region_13272
R13273,Region_13273
R13274,Region_13274
R13275,Region_13275
R13276,Region_13276
R13277,Region_13277
R13278,Region_13278
R13279,Region_13279
R13280,Region_13280
R13281,Region_13281
R13282,Region_13282
R13283,Region_13283
R13284,Region_13284
R13285,Region_13285
R13286,Region_13286
R13287,Region_13287
R13288,Region_13288
R13289,Region_13289
R13290,Region_13290
R13291,Region_13291
R13292,Region_13292
R13293,Region_13293
R13294,Region_13294
R13295,Region_13295
R13296,Region_13296
R13297,Region_13297
R13298,Region_13298
R13299,Region_13299
R13300,Region_13300
R13301,Region_13301
R13302,Region_13302
R13303,Region_13303
R13304,Region_13304
R13305,Region_13305
R13306,Region_13306
R13307,Region_13307
R13308,Region_13308
R13309,Region_13309
R13310,Region_13310
R13311,Region_13311
R13312,Region_13312
R13313,Region_13313
R13314,Region_13314
R13315,Region_13315
R13316,Region_13316
R13317,Region_13317
R13318,Region_13318
R13319,Region_13319
R13320,Region_13320
R13321,Region_13321
R13322,Region_13322
R13323,Region_13323
R13324,Region_13324
R13325,Region_13325
R13326,Region_13326
R13327,Region_13327
R13328,Region_13328
R13329,Region_13329
R13330,Region_13330
R13331,Region_13331
R13332,Region_13332
R13333,Region_13333
R13334,Region_13334
R13335,Region_13335
R13336,Region_13336
R13337,Region_13337
R13338,Region_13338
R13339,Region_13339
R13340,Region_13340
R13341,Region_13341
R13342,Region_13342
R13343,Region_13343
R13344,Region_13344
R13345,Region_13345
R13346,Region_13346
R13347,Region_13347
R13348,Region_13348
R13349,Region_13349
R13350,Region_13350
R13351,Region_13351
R13352,Region_13352
R13353,Region_13353
R13354,Region_13354
R13355,Region_13355
R13356,Region_13356
R13357,Region_13357
R13358,Region_13358
R13359,Region_13359
R13360,Region_13360
R13361,Region_13361
R13362,Region_13362
R13363,Region_13363
R13364,Region_13364
R13365,Region_13365
R13366,Region_13366
R13367,Region_13367
R13368,Region_13368
R13369,Region_13369
R13370,Region_13370
R13371,Region_13371
R13372,Region_13372
R13373,Region_13373
R13374,Region_13374
R13375,Region_13375
R13376,Region_13376
R13377,Region_13377
R13378,Region_13378
R13379,Region_13379
R13380,Region_13380
R13381,Region_13381
R13382,Region_13382
R13383,Region_13383
R13384,Region_13384
R13385,Region_13385
R13386,Region_13386
R13387,Region_13387
R13388,Region_13388
R13389,Region_13389
R13390,Region_13390
R13391,Region_13391
R13392,Region_13392
R13393,Region_13393
R13394,Region_13394
R13395,Region_13395
R13396,Region_13396
R13397,Region_13397
R13398,Region_13398
R13399,Region_13399
R13400,Region_13400
R13401,Region_13401
R13402,Region_13402
R13403,Region_13403
R13404,Region_13404
R13405,Region_13405
R13406,Region_13406
R13407,Region_13407
R13408,Region_13408
R13409,Region_13409
R13410,Region_13410
R13411,Region_13411
R13412,Region_13412
R13413,Region_13413
R13414,Region_13414
R13415,Region_13415
R13416,Region_13416
R13417,Region_13417
R13418,Region_13418
R13419,Region_13419
R13420,Region_13420
R13421,Region_13421
R13422,Region_13422
R13423,Region_13423
R13424,Region_13424
R13425,Region_13425
R13426,Region_13426
R13427,Region_13427
R13428,Region_13428
R13429,Region_13429
R13430,Region_13430
R13431,Region_13431
R13432,Region_13432
R13433,Region_13433
R13434,Region_13434
R13435,Region_13435
R13436,Region_13436
R13437,Region_13437
R13438,Region_13438
R13439,Region_13439
R13440,Region_13440
R13441,Region_13441
R13442,Region_13442
R13443,Region_13443
R13444,Region_13444
R13445,Region_13445
R13446,Region_13446
R13447,Region_13447
R13448,Region_13448
R13449,Region_13449
R13450,Region_13450
R13451,Region_13451
R13452,Region_13452
R13453,Region_13453
R13454,Region_13454
R13455,Region_13455
R13456,Region_13456
R13457,Region_13457
R13458,Region_13458
R13459,Region_13459
R13460,Region_13460
R13461,Region_13461
R13462,Region_13462
R13463,Region_13463
R13464,Region_13464
R13465,Region_13465
R13466,Region_13466
R13467,Region_13467
R13468,Region_13468
R13469,Region_13469
R13470,Region_13470
R13471,Region_13471
R13472,Region_13472
R13473,Region_13473
R13474,Region_13474
R13475,Region_13475
R13476,Region_13476
R13477,Region_13477
R13478,Region_13478
R13479,Region_13479
R13480,Region_13480
R13481,Region_13481
R13482,Region_13482
R13483,Region_13483
R13484,Region_13484
R13485,Region_13485
R13486,Region_13486
R13487,Region_13487
R13488,Region_13488
R13489,Region_13489
R13490,Region_13490
R13491,Region_13491
R13492,Region_13492
R13493,Region_13493
R13494,Region_13494
R13495,Region_13495
R13496,Region_13496
R13497,Region_13497
R13498,Region_13498
R13499,Region_13499
R13500,Region_13500
R13501,Region_13501
R13502,Region_13502
R13503,Region_13503
R13504,Region_13504
R13505,Region_13505
R13506,Region_13506
R13507,Region_13507
R13508,Region_13508
R13509,Region_13509
R13510,Region_13510
R13511,Region_13511
R13512,Region_13512
R13513,Region_13513
R13514,Region_13514
R13515,Region_13515
R13516,Region_13516
R13517,Region_13517
R13518,Region_13518
R13519,Region_13519
R13520,Region_13520
R13521,Region_13521
R13522,Region_13522
R13523,Region_13523
R13524,Region_13524
R13525,Region_13525
R13526,Region_13526
R13527,Region_13527
R13528,Region_13528
R13529,Region_13529
R13530,Region_13530
R13531,Region_13531
R13532,Region_13532
R13533,Region_13533
R13534,Region_13534
R13535,Region_13535
R13536,Region_13536
R13537,Region_13537
R13538,Region_13538
R13539,Region_13539
R13540,Region_13540
R13541,Region_13541
R13542,Region_13542
R13543,Region_13543
R13544,Region_13544
R13545,Region_13545
R13546,Region_13546
R13547,Region_13547
R13548,Region_13548
R13549,Region_13549
R13550,Region_13550
R13551,Region_13551
R13552,Region_13552
R13553,Region_13553
R13554,Region_13554
R13555,Region_13555
R13556,Region_13556
R13557,Region_13557
R13558,Region_13558
R13559,Region_13559
R13560,Region_13560
R13561,Region_13561
R13562,Region_13562
R13563,Region_13563
R13564,Region_13564
R13565,Region_13565
R13566,Region_13566
R13567,Region_13567
R13568,Region_13568
R13569,Region_13569
R13570,Region_13570
R13571,Region_13571
R13572,Region_13572
R13573,Region_13573
R13574,Region_13574
R13575,Region_13575
R13576,Region_13576
R13577,Region_13577
R13578,Region_13578
R13579,Region_13579
R13580,Region_13580
R13581,Region_13581
R13582,Region_13582
R13583,Region_13583
R13584,Region_13584
R13585,Region_13585
R13586,Region_13586
R13587,Region_13587
R13588,Region_13588
R13589,Region_13589
R13590,Region_13590
R13591,Region_13591
R13592,Region_13592
R13593,Region_13593
R13594,Region_13594
R13595,Region_13595
R13596,Region_13596
R13597,Region_13597
R13598,Region_13598
R13599,Region_13599
R13600,Region_13600
R13601,Region_13601
R13602,Region_13602
R13603,Region_13603
R13604,Region_13604
R13605,Region_13605
R13606,Region_13606
R13607,Region_13607
R13608,Region_13608
R13609,Region_13609
R13610,Region_13610
R13611,Region_13611
R13612,Region_13612
R13613,Region_13613
R13614,Region_13614
R13615,Region_13615
R13616,Region_13616
R13617,Region_13617
R13618,Region_13618
R13619,Region_13619
R13620,Region_13620
R13621,Region_13621
R13622,Region_13622
R13623,Region_13623
R13624,Region_13624
R13625,Region_13625
R13626,Region_13626
R13627,Region_13627
R13628,Region_13628
R13629,Region_13629
R13630,Region_13630
R13631,Region_13631
R13632,Region_13632
R13633,Region_13633
R13634,Region_13634
R13635,Region_13635
R13636,Region_13636
R13637,Region_13637
R13638,Region_13638
R13639,Region_13639
R13640,Region_13640
R13641,Region_13641
R13642,Region_13642
R13643,Region_13643
R13644,Region_13644
R13645,Region_13645
R13646,Region_13646
R13647,Region_13647
R13648,Region_13648
R13649,Region_13649
R13650,Region_13650
R13651,Region_13651
R13652,Region_13652
R13653,Region_13653
R13654,Region_13654
R13655,Region_13655
R13656,Region_13656
R13657,Region_13657
R13658,Region_13658
R13659,Region_13659
R13660,Region_13660
R13661,Region_13661
R13662,Region_13662
R13663,Region_13663
R13664,Region_13664
R13665,Region_13665
R13666,Region_13666
R13667,Region_13667
R13668,Region_13668
R13669,Region_13669
R13670,Region_13670
R13671,Region_13671
R13672,Region_13672
R13673,Region_13673
R13674,Region_13674
R13675,Region_13675
R13676,Region_13676
R13677,Region_13677
R13678,Region_13678
R13679,Region_13679
R13680,Region_13680
R13681,Region_13681
R13682,Region_13682
R13683,Region_13683
R13684,Region_13684
R13685,Region_13685
R13686,Region_13686
R13687,Region_13687
R13688,Region_13688
R13689,Region_13689
R13690,Region_13690
R13691,Region_13691
R13692,Region_13692
R13693,Region_13693
R13694,Region_13694
R13695,Region_13695
R13696,Region_13696
R13697,Region_13697
R13698,Region_13698
R13699,Region_13699
R13700,Region_13700
R13701,Region_13701
R13702,Region_13702
R13703,Region_13703
R13704,Region_13704
R13705,Region_13705
R13706,Region_13706
R13707,Region_13707
R13708,Region_13708
R13709,Region_13709
R13710,Region_13710
R13711,Region_13711
R13712,Region_13712
R13713,Region_13713
R13714,Region_13714
R13715,Region_13715
R13716,Region_13716
R13717,Region_13717
R13718,Region_13718
R13719,Region_13719
R13720,Region_13720
R13721,Region_13721
R13722,Region_13722
R13723,Region_13723
R13724,Region_13724
R13725,Region_13725
R13726,Region_13726
R13727,Region_13727
R13728,Region_13728
R13729,Region_13729
R13730,Region_13730
R13731,Region_13731
R13732,Region_13732
R13733,Region_13733
R13734,Region_13734
R13735,Region_13735
R13736,Region_13736
R13737,Region_13737
R13738,Region_13738
R13739,Region_13739
R13740,Region_13740
R13741,Region_13741
R13742,Region_13742
R13743,Region_13743
R13744,Region_13744
R13745,Region_13745
R13746,Region_13746
R13747,Region_13747
R13748,Region_13748
R13749,Region_13749
R13750,Region_13750
R13751,Region_13751
R13752,Region_13752
R13753,Region_13753
R13754,Region_13754
R13755,Region_13755
R13756,Region_13756
R13757,Region_13757
R13758,Region_13758
R13759,Region_13759
R13760,Region_13760
R13761,Region_13761
R13762,Region_13762
R13763,Region_13763
R13764,Region_13764
R13765,Region_13765
R13766,Region_13766
R13767,Region_13767
R13768,Region_13768
R13769,Region_13769
R13770,Region_13770
R13771,Region_13771
R13772,Region_13772
R13773,Region_13773
R13774,Region_13774
R13775,Region_13775
R13776,Region_13776
R13777,Region_13777
R13778,Region_13778
R13779,Region_13779
R13780,Region_13780
R13781,Region_13781
R13782,Region_13782
R13783,Region_13783
R13784,Region_13784
R13785,Region_13785
R13786,Region_13786
R13787,Region_13787
R13788,Region_13788
R13789,Region_13789
R13790,Region_13790
R13791,Region_13791
R13792,Region_13792
R13793,Region_13793
R13794,Region_13794
R13795,Region_13795
R13796,Region_13796
R13797,Region_13797
R13798,Region_13798
R13799,Region_13799
R13800,Region_13800
R13801,Region_13801
R13802,Region_13802
R13803,Region_13803
R13804,Region_13804
R13805,Region_13805
R13806,Region_13806
R13807,Region_13807
R13808,Region_13808
R13809,Region_13809
R13810,Region_13810
R13811,Region_13811
R13812,Region_13812
R13813,Region_13813
R13814,Region_13814
R13815,Region_13815
R13816,Region_13816
R13817,Region_13817
R13818,Region_13818
R13819,Region_13819
R13820,Region_13820
R13821,Region_13821
R13822,Region_13822
R13823,Region_13823
R13824,Region_13824
R13825,Region_13825
R13826,Region_13826
R13827,Region_13827
R13828,Region_13828
R13829,Region_13829
R13830,Region_13830
R13831,Region_13831
R13832,Region_13832
R13833,Region_13833
R13834,Region_13834
R13835,Region_13835
R13836,Region_13836
R13837,Region_13837
R13838,Region_13838
R13839,Region_13839
R13840,Region_13840
R13841,Region_13841
R13842,Region_13842
R13843,Region_13843
R13844,Region_13844
R13845,Region_13845
R13846,Region_13846
R13847,Region_13847
R13848,Region_13848
R13849,Region_13849
R13850,Region_13850
R13851,Region_13851
R13852,Region_13852
R13853,Region_13853
R13854,Region_13854
R13855,Region_13855
R13856,Region_13856
R13857,Region_13857
R13858,Region_13858
R13859,Region_13859
R13860,Region_13860
R13861,Region_13861
R13862,Region_13862
R13863,Region_13863
R13864,Region_13864
R13865,Region_13865
R13866,Region_13866
R13867,Region_13867
R13868,Region_13868
R13869,Region_13869
R13870,Region_13870
R13871,Region_13871
R13872,Region_13872
R13873,Region_13873
R13874,Region_13874
R13875,Region_13875
R13876,Region_13876
R13877,Region_13877
R13878,Region_13878
R13879,Region_13879
R13880,Region_13880
R13881,Region_13881
R13882,Region_13882
R13883,Region_13883
R13884,Region_13884
R13885,Region_13885
R13886,Region_13886
R13887,Region_13887
R13888,Region_13888
R13889,Region_13889
R13890,Region_13890
R13891,Region_13891
R13892,Region_13892
R13893,Region_13893
R13894,Region_13894
R13895,Region_13895
R13896,Region_13896
R13897,Region_13897
R13898,Region_13898
R13899,Region_13899
R13900,Region_13900
R13901,Region_13901
R13902,Region_13902
R13903,Region_13903
R13904,Region_13904
R13905,Region_13905
R13906,Region_13906
R13907,Region_13907
R13908,Region_13908
R13909,Region_13909
R13910,Region_13910
R13911,Region_13911
R13912,Region_13912
R13913,Region_13913
R13914,Region_13914
R13915,Region_13915
R13916,Region_13916
R13917,Region_13917
R13918,Region_13918
R13919,Region_13919
R13920,Region_13920
R13921,Region_13921
R13922,Region_13922
R13923,Region_13923
R13924,Region_13924
R13925,Region_13925
R13926,Region_13926
R13927,Region_13927
R13928,Region_13928
R13929,Region_13929
R13930,Region_13930
R13931,Region_13931
R13932,Region_13932
R13933,Region_13933
R13934,Region_13934
R13935,Region_13935
R13936,Region_13936
R13937,Region_13937
R13938,Region_13938
R13939,Region_13939
R13940,Region_13940
R13941,Region_13941
R13942,Region_13942
R13943,Region_13943
R13944,Region_13944
R13945,Region_13945
R13946,Region_13946
R13947,Region_13947
R13948,Region_13948
R13949,Region_13949
R13950,Region_13950
R13951,Region_13951
R13952,Region_13952
R13953,Region_13953
R13954,Region_13954
R13955,Region_13955
R13956,Region_13956
R13957,Region_13957
R13958,Region_13958
R13959,Region_13959
R13960,Region_13960
R13961,Region_13961
R13962,Region_13962
R13963,Region_13963
R13964,Region_13964
R13965,Region_13965
R13966,Region_13966
R13967,Region_13967
R13968,Region_13968
R13969,Region_13969
R13970,Region_13970
R13971,Region_13971
R13972,Region_13972
R13973,Region_13973
R13974,Region_13974
R13975,Region_13975
R13976,Region_13976
R13977,Region_13977
R13978,Region_13978
R13979,Region_13979
R13980,Region_13980
R13981,Region_13981
R13982,Region_13982
R13983,Region_13983
R13984,Region_13984
R13985,Region_13985
R13986,Region_13986
R13987,Region_13987
R13988,Region_13988
R13989,Region_13989
R13990,Region_13990
R13991,Region_13991
R13992,Region_13992
R13993,Region_13993
R13994,Region_13994
R13995,Region_13995
R13996,Region_13996
R13997,Region_13997
R13998,Region_13998
R13999,Region_13999
R14000,Region_14000
R14001,Region_14001
R14002,Region_14002
R14003,Region_14003
R14004,Region_14004
R14005,Region_14005
R14006,Region_14006
R14007,Region_14007
R14008,Region_14008
R14009,Region_14009
R14010,Region_14010
R14011,Region_14011
R14012,Region_14012
R14013,Region_14013
R14014,Region_14014
R14015,Region_14015
R14016,Region_14016
R14017,Region_14017
R14018,Region_14018
R14019,Region_14019
R14020,Region_14020
R14021,Region_14021
R14022,Region_14022
R14023,Region_14023
R14024,Region_14024
R14025,Region_14025
R14026,Region_14026
R14027,Region_14027
R14028,Region_14028
R14029,Region_14029
R14030,Region_14030
R14031,Region_14031
R14032,Region_14032
R14033,Region_14033
R14034,Region_14034
R14035,Region_14035
R14036,Region_14036
R14037,Region_14037
R14038,Region_14038
R14039,Region_14039
R14040,Region_14040
R14041,Region_14041
R14042,Region_14042
R14043,Region_14043
R14044,Region_14044
R14045,Region_14045
R14046,Region_14046
R14047,Region_14047
R14048,Region_14048
R14049,Region_14049
R14050,Region_14050
R14051,Region_14051
R14052,Region_14052
R14053,Region_14053
R14054,Region_14054
R14055,Region_14055
R14056,Region_14056
R14057,Region_14057
R14058,Region_14058
R14059,Region_14059
R14060,Region_14060
R14061,Region_14061
R14062,Region_14062
R14063,Region_14063
R14064,Region_14064
R14065,Region_14065
R14066,Region_14066
R14067,Region_14067
R14068,Region_14068
R14069,Region_14069
R14070,Region_14070
R14071,Region_14071
R14072,Region_14072
R14073,Region_14073
R14074,Region_14074
R14075,Region_14075
R14076,Region_14076
R14077,Region_14077
R14078,Region_14078
R14079,Region_14079
R14080,Region_14080
R14081,Region_14081
R14082,Region_14082
R14083,Region_14083
R14084,Region_14084
R14085,Region_14085
R14086,Region_14086
R14087,Region_14087
R14088,Region_14088
R14089,Region_14089
R14090,Region_14090
R14091,Region_14091
R14092,Region_14092
R14093,Region_14093
R14094,Region_14094
R14095,Region_14095
R14096,Region_14096
R14097,Region_14097
R14098,Region_14098
R14099,Region_14099
R14100,Region_14100
R14101,Region_14101
R14102,Region_14102
R14103,Region_14103
R14104,Region_14104
R14105,Region_14105
R14106,Region_14106
R14107,Region_14107
R14108,Region_14108
R14109,Region_14109
R14110,Region_14110
R14111,Region_14111
R14112,Region_14112
R14113,Region_14113
R14114,Region_14114
R14115,Region_14115
R14116,Region_14116
R14117,Region_14117
R14118,Region_14118
R14119,Region_14119
R14120,Region_14120
R14121,Region_14121
R14122,Region_14122
R14123,Region_14123
R14124,Region_14124
R14125,Region_14125
R14126,Region_14126
R14127,Region_14127
R14128,Region_14128
R14129,Region_14129
R14130,Region_14130
R14131,Region_14131
R14132,Region_14132
R14133,Region_14133
R14134,Region_14134
R14135,Region_14135
R14136,Region_14136
R14137,Region_14137
R14138,Region_14138
R14139,Region_14139
R14140,Region_14140
R14141,Region_14141
R14142,Region_14142
R14143,Region_14143
R14144,Region_14144
R14145,Region_14145
R14146,Region_14146
R14147,Region_14147
R14148,Region_14148
R14149,Region_14149
R14150,Region_14150
R14151,Region_14151
R14152,Region_14152
R14153,Region_14153
R14154,Region_14154
R14155,Region_14155
R14156,Region_14156
R14157,Region_14157
R14158,Region_14158
R14159,Region_14159
R14160,Region_14160
R14161,Region_14161
R14162,Region_14162
R14163,Region_14163
R14164,Region_14164
R14165,Region_14165
R14166,Region_14166
R14167,Region_14167
R14168,Region_14168
R14169,Region_14169
R14170,Region_14170
R14171,Region_14171
R14172,Region_14172
R14173,Region_14173
R14174,Region_14174
R14175,Region_14175
R14176,Region_14176
R14177,Region_14177
R14178,Region_14178
R14179,Region_14179
R14180,Region_14180
R14181,Region_14181
R14182,Region_14182
R14183,Region_14183
R14184,Region_14184
R14185,Region_14185
R14186,Region_14186
R14187,Region_14187
R14188,Region_14188
R14189,Region_14189
R14190,Region_14190
R14191,Region_14191
R14192,Region_14192
R14193,Region_14193
R14194,Region_14194
R14195,Region_14195
R14196,Region_14196
R14197,Region_14197
R14198,Region_14198
R14199,Region_14199
R14200,Region_14200
R14201,Region_14201
R14202,Region_14202
R14203,Region_14203
R14204,Region_14204
R14205,Region_14205
R14206,Region_14206
R14207,Region_14207
R14208,Region_14208
R14209,Region_14209
R14210,Region_14210
R14211,Region_14211
R14212,Region_14212
R14213,Region_14213
R14214,Region_14214
R14215,Region_14215
R14216,Region_14216
R14217,Region_14217
R14218,Region_14218
R14219,Region_14219
R14220,Region_14220
R14221,Region_14221
R14222,Region_14222
R14223,Region_14223
R14224,Region_14224
R14225,Region_14225
R14226,Region_14226
R14227,Region_14227
R14228,Region_14228
R14229,Region_14229
R14230,Region_14230
R14231,Region_14231
R14232,Region_14232
R14233,Region_14233
R14234,Region_14234
R14235,Region_14235
R14236,Region_14236
R14237,Region_14237
R14238,Region_14238
R14239,Region_14239
R14240,Region_14240
R14241,Region_14241
R14242,Region_14242
R14243,Region_14243
R14244,Region_14244
R14245,Region_14245
R14246,Region_14246
R14247,Region_14247
R14248,Region_14248
R14249,Region_14249
R14250,Region_14250
R14251,Region_14251
R14252,Region_14252
R14253,Region_14253
R14254,Region_14254
R14255,Region_14255
R14256,Region_14256
R14257,Region_14257
R14258,Region_14258
R14259,Region_14259
R14260,Region_14260
R14261,Region_14261
R14262,Region_14262
R14263,Region_14263
R14264,Region_14264
R14265,Region_14265
R14266,Region_14266
R14267,Region_14267
R14268,Region_14268
R14269,Region_14269
R14270,Region_14270
R14271,Region_14271
R14272,Region_14272
R14273,Region_14273
R14274,Region_14274
R14275,Region_14275
R14276,Region_14276
R14277,Region_14277
R14278,Region_14278
R14279,Region_14279
R14280,Region_14280
R14281,Region_14281
R14282,Region_14282
R14283,Region_14283
R14284,Region_14284
R14285,Region_14285
R14286,Region_14286
R14287,Region_14287
R14288,Region_14288
R14289,Region_14289
R14290,Region_14290
R14291,Region_14291
R14292,Region_14292
R14293,Region_14293
R14294,Region_14294
R14295,Region_14295
R14296,Region_14296
R14297,Region_14297
R14298,Region_14298
R14299,Region_14299
R14300,Region_14300
R14301,Region_14301
R14302,Region_14302
R14303,Region_14303
R14304,Region_14304
R14305,Region_14305
R14306,Region_14306
R14307,Region_14307
R14308,Region_14308
R14309,Region_14309
R14310,Region_14310
R14311,Region_14311
R14312,Region_14312
R14313,Region_14313
R14314,Region_14314
R14315,Region_14315
R14316,Region_14316
R14317,Region_14317
R14318,Region_14318
R14319,Region_14319
R14320,Region_14320
R14321,Region_14321
R14322,Region_14322
R14323,Region_14323
R14324,Region_14324
R14325,Region_14325
R14326,Region_14326
R14327,Region_14327
R14328,Region_14328
R14329,Region_14329
R14330,Region_14330
R14331,Region_14331
R14332,Region_14332
R14333,Region_14333
R14334,Region_14334
R14335,Region_14335
R14336,Region_14336
R14337,Region_14337
R14338,Region_14338
R14339,Region_14339
R14340,Region_14340
R14341,Region_14341
R14342,Region_14342
R14343,Region_14343
R14344,Region_14344
R14345,Region_14345
R14346,Region_14346
R14347,Region_14347
R14348,Region_14348
R14349,Region_14349
R14350,Region_14350
R14351,Region_14351
R14352,Region_14352
R14353,Region_14353
R14354,Region_14354
R14355,Region_14355
R14356,Region_14356
R14357,Region_14357
R14358,Region_14358
R14359,Region_14359
R14360,Region_14360
R14361,Region_14361
R14362,Region_14362
R14363,Region_14363
R14364,Region_14364
R14365,Region_14365
R14366,Region_14366
R14367,Region_14367
R14368,Region_14368
R14369,Region_14369
R14370,Region_14370
R14371,Region_14371
R14372,Region_14372
R14373,Region_14373
R14374,Region_14374
R14375,Region_14375
R14376,Region_14376
R14377,Region_14377
R14378,Region_14378
R14379,Region_14379
R14380,Region_14380
R14381,Region_14381
R14382,Region_14382
R14383,Region_14383
R14384,Region_14384
R14385,Region_14385
R14386,Region_14386
R14387,Region_14387
R14388,Region_14388
R14389,Region_14389
R14390,Region_14390
R14391,Region_14391
R14392,Region_14392
R14393,Region_14393
R14394,Region_14394
R14395,Region_14395
R14396,Region_14396
R14397,Region_14397
R14398,Region_14398
R14399,Region_14399
R14400,Region_14400
R14401,Region_14401
R14402,Region_14402
R14403,Region_14403
R14404,Region_14404
R14405,Region_14405
R14406,Region_14406
R14407,Region_14407
R14408,Region_14408
R14409,Region_14409
R14410,Region_14410
R14411,Region_14411
R14412,Region_14412
R14413,Region_14413
R14414,Region_14414
R14415,Region_14415
R14416,Region_14416
R14417,Region_14417
R14418,Region_14418
R14419,Region_14419
R14420,Region_14420
R14421,Region_14421
R14422,Region_14422
R14423,Region_14423
R14424,Region_14424
R14425,Region_14425
R14426,Region_14426
R14427,Region_14427
R14428,Region_14428
R14429,Region_14429
R14430,Region_14430
R14431,Region_14431
R14432,Region_14432
R14433,Region_14433
R14434,Region_14434
R14435,Region_14435
R14436,Region_14436
R14437,Region_14437
R14438,Region_14438
R14439,Region_14439
R14440,Region_14440
R14441,Region_14441
R14442,Region_14442
R14443,Region_14443
R14444,Region_14444
R14445,Region_14445
R14446,Region_14446
R14447,Region_14447
R14448,Region_14448
R14449,Region_14449
R14450,Region_14450
R14451,Region_14451
R14452,Region_14452
R14453,Region_14453
R14454,Region_14454
R14455,Region_14455
R14456,Region_14456
R14457,Region_14457
R14458,Region_14458
R14459,Region_14459
R14460,Region_14460
R14461,Region_14461
R14462,Region_14462
R14463,Region_14463
R14464,Region_14464
R14465,Region_14465
R14466,Region_14466
R14467,Region_14467
R14468,Region_14468
R14469,Region_14469
R14470,Region_14470
R14471,Region_14471
R14472,Region_14472
R14473,Region_14473
R14474,Region_14474
R14475,Region_14475
R14476,Region_14476
R14477,Region_14477
R14478,Region_14478
R14479,Region_14479
R14480,Region_14480
R14481,Region_14481
R14482,Region_14482
R14483,Region_14483
R14484,Region_14484
R14485,Region_14485
R14486,Region_14486
R14487,Region_14487
R14488,Region_14488
R14489,Region_14489
R14490,Region_14490
R14491,Region_14491
R14492,Region_14492
R14493,Region_14493
R14494,Region_14494
R14495,Region_14495
R14496,Region_14496
R14497,Region_14497
R14498,Region_14498
R14499,Region_14499
R14500,Region_14500
R14501,Region_14501
R14502,Region_14502
R14503,Region_14503
R14504,Region_14504
R14505,Region_14505
R14506,Region_14506
R14507,Region_14507
R14508,Region_14508
R14509,Region_14509
R14510,Region_14510
R14511,Region_14511
R14512,Region_14512
R14513,Region_14513
R14514,Region_14514
R14515,Region_14515
R14516,Region_14516
R14517,Region_14517
R14518,Region_14518
R14519,Region_14519
R14520,Region_14520
R14521,Region_14521
R14522,Region_14522
R14523,Region_14523
R14524,Region_14524
R14525,Region_14525
R14526,Region_14526
R14527,Region_14527
R14528,Region_14528
R14529,Region_14529
R14530,Region_14530
R14531,Region_14531
R14532,Region_14532
R14533,Region_14533
R14534,Region_14534
R14535,Region_14535
R14536,Region_14536
R14537,Region_14537
R14538,Region_14538
R14539,Region_14539
R14540,Region_14540
R14541,Region_14541
R14542,Region_14542
R14543,Region_14543
R14544,Region_14544
R14545,Region_14545
R14546,Region_14546
R14547,Region_14547
R14548,Region_14548
R14549,Region_14549
R14550,Region_14550
R14551,Region_14551
R14552,Region_14552
R14553,Region_14553
R14554,Region_14554
R14555,Region_14555
R14556,Region_14556
R14557,Region_14557
R14558,Region_14558
R14559,Region_14559
R14560,Region_14560
R14561,Region_14561
R14562,Region_14562
R14563,Region_14563
R14564,Region_14564
R14565,Region_14565
R14566,Region_14566
R14567,Region_14567
R14568,Region_14568
R14569,Region_14569
R14570,Region_14570
R14571,Region_14571
R14572,Region_14572
R14573,Region_14573
R14574,Region_14574
R14575,Region_14575
R14576,Region_14576
R14577,Region_14577
R14578,Region_14578
R14579,Region_14579
R14580,Region_14580
R14581,Region_14581
R14582,Region_14582
R14583,Region_14583
R14584,Region_14584
R14585,Region_14585
R14586,Region_14586
R14587,Region_14587
R14588,Region_14588
R14589,Region_14589
R14590,Region_14590
R14591,Region_14591
R14592,Region_14592
R14593,Region_14593
R14594,Region_14594
R14595,Region_14595
R14596,Region_14596
R14597,Region_14597
R14598,Region_14598
R14599,Region_14599
R14600,Region_14600
R14601,Region_14601
R14602,Region_14602
R14603,Region_14603
R14604,Region_14604
R14605,Region_14605
R14606,Region_14606
R14607,Region_14607
R14608,Region_14608
R14609,Region_14609
R14610,Region_14610
R14611,Region_14611
R14612,Region_14612
R14613,Region_14613
R14614,Region_14614
R14615,Region_14615
R14616,Region_14616
R14617,Region_14617
R14618,Region_14618
R14619,Region_14619
R14620,Region_14620
R14621,Region_14621
R14622,Region_14622
R14623,Region_14623
R14624,Region_14624
R14625,Region_14625
R14626,Region_14626
R14627,Region_14627
R14628,Region_14628
R14629,Region_14629
R14630,Region_14630
R14631,Region_14631
R14632,Region_14632
R14633,Region_14633
R14634,Region_14634
R14635,Region_14635
R14636,Region_14636
R14637,Region_14637
R14638,Region_14638
R14639,Region_14639
R14640,Region_14640
R14641,Region_14641
R14642,Region_14642
R14643,Region_14643
R14644,Region_14644
R14645,Region_14645
R14646,Region_14646
R14647,Region_14647
R14648,Region_14648
R14649,Region_14649
R14650,Region_14650
R14651,Region_14651
R14652,Region_14652
R14653,Region_14653
R14654,Region_14654
R14655,Region_14655
R14656,Region_14656
R14657,Region_14657
R14658,Region_14658
R14659,Region_14659
R14660,Region_14660
R14661,Region_14661
R14662,Region_14662
R14663,Region_14663
R14664,Region_14664
R14665,Region_14665
R14666,Region_14666
R14667,Region_14667
R14668,Region_14668
R14669,Region_14669
R14670,Region_14670
R14671,Region_14671
R14672,Region_14672
R14673,Region_14673
R14674,Region_14674
R14675,Region_14675
R14676,Region_14676
R14677,Region_14677
R14678,Region_14678
R14679,Region_14679
R14680,Region_14680
R14681,Region_14681
R14682,Region_14682
R14683,Region_14683
R14684,Region_14684
R14685,Region_14685
R14686,Region_14686
R14687,Region_14687
R14688,Region_14688
R14689,Region_14689
R14690,Region_14690
R14691,Region_14691
R14692,Region_14692
R14693,Region_14693
R14694,Region_14694
R14695,Region_14695
R14696,Region_14696
R14697,Region_14697
R14698,Region_14698
R14699,Region_14699
R14700,Region_14700
R14701,Region_14701
R14702,Region_14702
R14703,Region_14703
R14704,Region_14704
R14705,Region_14705
R14706,Region_14706
R14707,Region_14707
R14708,Region_14708
R14709,Region_14709
R14710,Region_14710
R14711,Region_14711
R14712,Region_14712
R14713,Region_14713
R14714,Region_14714
R14715,Region_14715
R14716,Region_14716
R14717,Region_14717
R14718,Region_14718
R14719,Region_14719
R14720,Region_14720
R14721,Region_14721
R14722,Region_14722
R14723,Region_14723
R14724,Region_14724
R14725,Region_14725
R14726,Region_14726
R14727,Region_14727
R14728,Region_14728
R14729,Region_14729
R14730,Region_14730
R14731,Region_14731
R14732,Region_14732
R14733,Region_14733
R14734,Region_14734
R14735,Region_14735
R14736,Region_14736
R14737,Region_14737
R14738,Region_14738
R14739,Region_14739
R14740,Region_14740
R14741,Region_14741
R14742,Region_14742
R14743,Region_14743
R14744,Region_14744
R14745,Region_14745
R14746,Region_14746
R14747,Region_14747
R14748,Region_14748
R14749,Region_14749
R14750,Region_14750
R14751,Region_14751
R14752,Region_14752
R14753,Region_14753
R14754,Region_14754
R14755,Region_14755
R14756,Region_14756
R14757,Region_14757
R14758,Region_14758
R14759,Region_14759
R14760,Region_14760
R14761,Region_14761
R14762,Region_14762
R14763,Region_14763
R14764,Region_14764
R14765,Region_14765
R14766,Region_14766
R14767,Region_14767
R14768,Region_14768
R14769,Region_14769
R14770,Region_14770
R14771,Region_14771
R14772,Region_14772
R14773,Region_14773
R14774,Region_14774
R14775,Region_14775
R14776,Region_14776
R14777,Region_14777
R14778,Region_14778
R14779,Region_14779
R14780,Region_14780
R14781,Region_14781
R14782,Region_14782
R14783,Region_14783
R14784,Region_14784
R14785,Region_14785
R14786,Region_14786
R14787,Region_14787
R14788,Region_14788
R14789,Region_14789
R14790,Region_14790
R14791,Region_14791
R14792,Region_14792
R14793,Region_14793
R14794,Region_14794
R14795,Region_14795
R14796,Region_14796
R14797,Region_14797
R14798,Region_14798
R14799,Region_14799
R14800,Region_14800
R14801,Region_14801
R14802,Region_14802
R14803,Region_14803
R14804,Region_14804
R14805,Region_14805
R14806,Region_14806
R14807,Region_14807
R14808,Region_14808
R14809,Region_14809
R14810,Region_14810
R14811,Region_14811
R14812,Region_14812
R14813,Region_14813
R14814,Region_14814
R14815,Region_14815
R14816,Region_14816
R14817,Region_14817
R14818,Region_14818
R14819,Region_14819
R14820,Region_14820
R14821,Region_14821
R14822,Region_14822
R14823,Region_14823
R14824,Region_14824
R14825,Region_14825
R14826,Region_14826
R14827,Region_14827
R14828,Region_14828
R14829,Region_14829
R14830,Region_14830
R14831,Region_14831
R14832,Region_14832
R14833,Region_14833
R14834,Region_14834
R14835,Region_14835
R14836,Region_14836
R14837,Region_14837
R14838,Region_14838
R14839,Region_14839
R14840,Region_14840
R14841,Region_14841
R14842,Region_14842
R14843,Region_14843
R14844,Region_14844
R14845,Region_14845
R14846,Region_14846
R14847,Region_14847
R14848,Region_14848
R14849,Region_14849
R14850,Region_14850
R14851,Region_14851
R14852,Region_14852
R14853,Region_14853
R14854,Region_14854
R14855,Region_14855
R14856,Region_14856
R14857,Region_14857
R14858,Region_14858
R14859,Region_14859
R14860,Region_14860
R14861,Region_14861
R14862,Region_14862
R14863,Region_14863
R14864,Region_14864
R14865,Region_14865
R14866,Region_14866
R14867,Region_14867
R14868,Region_14868
R14869,Region_14869
R14870,Region_14870
R14871,Region_14871
R14872,Region_14872
R14873,Region_14873
R14874,Region_14874
R14875,Region_14875
R14876,Region_14876
R14877,Region_14877
R14878,Region_14878
R14879,Region_14879
R14880,Region_14880
R14881,Region_14881
R14882,Region_14882
R14883,Region_14883
R14884,Region_14884
R14885,Region_14885
R14886,Region_14886
R14887,Region_14887
R14888,Region_14888
R14889,Region_14889
R14890,Region_14890
R14891,Region_14891
R14892,Region_14892
R14893,Region_14893
R14894,Region_14894
R14895,Region_14895
R14896,Region_14896
R14897,Region_14897
R14898,Region_14898
R14899,Region_14899
R14900,Region_14900
R14901,Region_14901
R14902,Region_14902
R14903,Region_14903
R14904,Region_14904
R14905,Region_14905
R14906,Region_14906
R14907,Region_14907
R14908,Region_14908
R14909,Region_14909
R14910,Region_14910
R14911,Region_14911
R14912,Region_14912
R14913,Region_14913
R14914,Region_14914
R14915,Region_14915
R14916,Region_14916
R14917,Region_14917
R14918,Region_14918
R14919,Region_14919
R14920,Region_14920
R14921,Region_14921
R14922,Region_14922
R14923,Region_14923
R14924,Region_14924
R14925,Region_14925
R14926,Region_14926
R14927,Region_14927
R14928,Region_14928
R14929,Region_14929
R14930,Region_14930
R14931,Region_14931
R14932,Region_14932
R14933,Region_14933
R14934,Region_14934
R14935,Region_14935
R14936,Region_14936
R14937,Region_14937
R14938,Region_14938
R14939,Region_14939
R14940,Region_14940
R14941,Region_14941
R14942,Region_14942
R14943,Region_14943
R14944,Region_14944
R14945,Region_14945
R14946,Region_14946
R14947,Region_14947
R14948,Region_14948
R14949,Region_14949
R14950,Region_14950
R14951,Region_14951
R14952,Region_14952
R14953,Region_14953
R14954,Region_14954
R14955,Region_14955
R14956,Region_14956
R14957,Region_14957
R14958,Region_14958
R14959,Region_14959
R14960,Region_14960
R14961,Region_14961
R14962,Region_14962
R14963,Region_14963
R14964,Region_14964
R14965,Region_14965
R14966,Region_14966
R14967,Region_14967
R14968,Region_14968
R14969,Region_14969
R14970,Region_14970
R14971,Region_14971
R14972,Region_14972
R14973,Region_14973
R14974,Region_14974
R14975,Region_14975
R14976,Region_14976
R14977,Region_14977
R14978,Region_14978
R14979,Region_14979
R14980,Region_14980
R14981,Region_14981
R14982,Region_14982
R14983,Region_14983
R14984,Region_14984
R14985,Region_14985
R14986,Region_14986
R14987,Region_14987
R14988,Region_14988
R14989,Region_14989
R14990,Region_14990
R14991,Region_14991
R14992,Region_14992
R14993,Region_14993
R14994,Region_14994
R14995,Region_14995
R14996,Region_14996
R14997,Region_14997
R14998,Region_14998
R14999,Region_14999
R15000,Region_15000
R15001,Region_15001
R15002,Region_15002
R15003,Region_15003
R15004,Region_15004
R15005,Region_15005
R15006,Region_15006
R15007,Region_15007
R15008,Region_15008
R15009,Region_15009
R15010,Region_15010
R15011,Region_15011
R15012,Region_15012
R15013,Region_15013
R15014,Region_15014
R15015,Region_15015
R15016,Region_15016
R15017,Region_15017
R15018,Region_15018
R15019,Region_15019
R15020,Region_15020
R15021,Region_15021
R15022,Region_15022
R15023,Region_15023
R15024,Region_15024
R15025,Region_15025
R15026,Region_15026
R15027,Region_15027
R15028,Region_15028
R15029,Region_15029
R15030,Region_15030
R15031,Region_15031
R15032,Region_15032
R15033,Region_15033
R15034,Region_15034
R15035,Region_15035
R15036,Region_15036
R15037,Region_15037
R15038,Region_15038
R15039,Region_15039
R15040,Region_15040
R15041,Region_15041
R15042,Region_15042
R15043,Region_15043
R15044,Region_15044
R15045,Region_15045
R15046,Region_15046
R15047,Region_15047
R15048,Region_15048
R15049,Region_15049
R15050,Region_15050
R15051,Region_15051
R15052,Region_15052
R15053,Region_15053
R15054,Region_15054
R15055,Region_15055
R15056,Region_15056
R15057,Region_15057
R15058,Region_15058
R15059,Region_15059
R15060,Region_15060
R15061,Region_15061
R15062,Region_15062
R15063,Region_15063
R15064,Region_15064
R15065,Region_15065
R15066,Region_15066
R15067,Region_15067
R15068,Region_15068
R15069,Region_15069
R15070,Region_15070
R15071,Region_15071
R15072,Region_15072
R15073,Region_15073
R15074,Region_15074
R15075,Region_15075
R15076,Region_15076
R15077,Region_15077
R15078,Region_15078
R15079,Region_15079
R15080,Region_15080
R15081,Region_15081
R15082,Region_15082
R15083,Region_15083
R15084,Region_15084
R15085,Region_15085
R15086,Region_15086
R15087,Region_15087
R15088,Region_15088
R15089,Region_15089
R15090,Region_15090
R15091,Region_15091
R15092,Region_15092
R15093,Region_15093
R15094,Region_15094
R15095,Region_15095
R15096,Region_15096
R15097,Region_15097
R15098,Region_15098
R15099,Region_15099
R15100,Region_15100
R15101,Region_15101
R15102,Region_15102
R15103,Region_15103
R15104,Region_15104
R15105,Region_15105
R15106,Region_15106
R15107,Region_15107
R15108,Region_15108
R15109,Region_15109
R15110,Region_15110
R15111,Region_15111
R15112,Region_15112
R15113,Region_15113
R15114,Region_15114
R15115,Region_15115
R15116,Region_15116
R15117,Region_15117
R15118,Region_15118
R15119,Region_15119
R15120,Region_15120
R15121,Region_15121
R15122,Region_15122
R15123,Region_15123
R15124,Region_15124
R15125,Region_15125
R15126,Region_15126
R15127,Region_15127
R15128,Region_15128
R15129,Region_15129
R15130,Region_15130
R15131,Region_15131
R15132,Region_15132
R15133,Region_15133
R15134,Region_15134
R15135,Region_15135
R15136,Region_15136
R15137,Region_15137
R15138,Region_15138
R15139,Region_15139
R15140,Region_15140
R15141,Region_15141
R15142,Region_15142
R15143,Region_15143
R15144,Region_15144
R15145,Region_15145
R15146,Region_15146
R15147,Region_15147
R15148,Region_15148
R15149,Region_15149
R15150,Region_15150
R15151,Region_15151
R15152,Region_15152
R15153,Region_15153
R15154,Region_15154
R15155,Region_15155
R15156,Region_15156
R15157,Region_15157
R15158,Region_15158
R15159,Region_15159
R15160,Region_15160
R15161,Region_15161
R15162,Region_15162
R15163,Region_15163
R15164,Region_15164
R15165,Region_15165
R15166,Region_15166
R15167,Region_15167
R15168,Region_15168
R15169,Region_15169
R15170,Region_15170
R15171,Region_15171
R15172,Region_15172
R15173,Region_15173
R15174,Region_15174
R15175,Region_15175
R15176,Region_15176
R15177,Region_15177
R15178,Region_15178
R15179,Region_15179
R15180,Region_15180
R15181,Region_15181
R15182,Region_15182
R15183,Region_15183
R15184,Region_15184
R15185,Region_15185
R15186,Region_15186
R15187,Region_15187
R15188,Region_15188
R15189,Region_15189
R15190,Region_15190
R15191,Region_15191
R15192,Region_15192
R15193,Region_15193
R15194,Region_15194
R15195,Region_15195
R15196,Region_15196
R15197,Region_15197
R15198,Region_15198
R15199,Region_15199
R15200,Region_15200
R15201,Region_15201
R15202,Region_15202
R15203,Region_15203
R15204,Region_15204
R15205,Region_15205
R15206,Region_15206
R15207,Region_15207
R15208,Region_15208
R15209,Region_15209
R15210,Region_15210
R15211,Region_15211
R15212,Region_15212
R15213,Region_15213
R15214,Region_15214
R15215,Region_15215
R15216,Region_15216
R15217,Region_15217
R15218,Region_15218
R15219,Region_15219
R15220,Region_15220
R15221,Region_15221
R15222,Region_15222
R15223,Region_15223
R15224,Region_15224
R15225,Region_15225
R15226,Region_15226
R15227,Region_15227
R15228,Region_15228
R15229,Region_15229
R15230,Region_15230
R15231,Region_15231
R15232,Region_15232
R15233,Region_15233
R15234,Region_15234
R15235,Region_15235
R15236,Region_15236
R15237,Region_15237
R15238,Region_15238
R15239,Region_15239
R15240,Region_15240
R15241,Region_15241
R15242,Region_15242
R15243,Region_15243
R15244,Region_15244
R15245,Region_15245
R15246,Region_15246
R15247,Region_15247
R15248,Region_15248
R15249,Region_15249
R15250,Region_15250
R15251,Region_15251
R15252,Region_15252
R15253,Region_15253
R15254,Region_15254
R15255,Region_15255
R15256,Region_15256
R15257,Region_15257
R15258,Region_15258
R15259,Region_15259
R15260,Region_15260
R15261,Region_15261
R15262,Region_15262
R15263,Region_15263
R15264,Region_15264
R15265,Region_15265
R15266,Region_15266
R15267,Region_15267
R15268,Region_15268
R15269,Region_15269
R15270,Region_15270
R15271,Region_15271
R15272,Region_15272
R15273,Region_15273
R15274,Region_15274
R15275,Region_15275
R15276,Region_15276
R15277,Region_15277
R15278,Region_15278
R15279,Region_15279
R15280,Region_15280
R15281,Region_15281
R15282,Region_15282
R15283,Region_15283
R15284,Region_15284
R15285,Region_15285
R15286,Region_15286
R15287,Region_15287
R15288,Region_15288
R15289,Region_15289
R15290,Region_15290
R15291,Region_15291
R15292,Region_15292
R15293,Region_15293
R15294,Region_15294
R15295,Region_15295
R15296,Region_15296
R15297,Region_15297
R15298,Region_15298
R15299,Region_15299
R15300,Region_15300
R15301,Region_15301
R15302,Region_15302
R15303,Region_15303
R15304,Region_15304
R15305,Region_15305
R15306,Region_15306
R15307,Region_15307
R15308,Region_15308
R15309,Region_15309
R15310,Region_15310
R15311,Region_15311
R15312,Region_15312
R15313,Region_15313
R15314,Region_15314
R15315,Region_15315
R15316,Region_15316
R15317,Region_15317
R15318,Region_15318
R15319,Region_15319
R15320,Region_15320
R15321,Region_15321
R15322,Region_15322
R15323,Region_15323
R15324,Region_15324
R15325,Region_15325
R15326,Region_15326
R15327,Region_15327
R15328,Region_15328
R15329,Region_15329
R15330,Region_15330
R15331,Region_15331
R15332,Region_15332
R15333,Region_15333
R15334,Region_15334
R15335,Region_15335
R15336,Region_15336
R15337,Region_15337
R15338,Region_15338
R15339,Region_15339
R15340,Region_15340
R15341,Region_15341
R15342,Region_15342
R15343,Region_15343
R15344,Region_15344
R15345,Region_15345
R15346,Region_15346
R15347,Region_15347
R15348,Region_15348
R15349,Region_15349
R15350,Region_15350
R15351,Region_15351
R15352,Region_15352
R15353,Region_15353
R15354,Region_15354
R15355,Region_15355
R15356,Region_15356
R15357,Region_15357
R15358,Region_15358
R15359,Region_15359
R15360,Region_15360
R15361,Region_15361
R15362,Region_15362
R15363,Region_15363
R15364,Region_15364
R15365,Region_15365
R15366,Region_15366
R15367,Region_15367
R15368,Region_15368
R15369,Region_15369
R15370,Region_15370
R15371,Region_15371
R15372,Region_15372
R15373,Region_15373
R15374,Region_15374
R15375,Region_15375
R15376,Region_15376
R15377,Region_15377
R15378,Region_15378
R15379,Region_15379
R15380,Region_15380
R15381,Region_15381
R15382,Region_15382
R15383,Region_15383
R15384,Region_15384
R15385,Region_15385
R15386,Region_15386
R15387,Region_15387
R15388,Region_15388
R15389,Region_15389
R15390,Region_15390
R15391,Region_15391
R15392,Region_15392
R15393,Region_15393
R15394,Region_15394
R15395,Region_15395
R15396,Region_15396
R15397,Region_15397
R15398,Region_15398
R15399,Region_15399
R15400,Region_15400
R15401,Region_15401
R15402,Region_15402
R15403,Region_15403
R15404,Region_15404
R15405,Region_15405
R15406,Region_15406
R15407,Region_15407
R15408,Region_15408
R15409,Region_15409
R15410,Region_15410
R15411,Region_15411
R15412,Region_15412
R15413,Region_15413
R15414,Region_15414
R15415,Region_15415
R15416,Region_15416
R15417,Region_15417
R15418,Region_15418
R15419,Region_15419
R15420,Region_15420
R15421,Region_15421
R15422,Region_15422
R15423,Region_15423
R15424,Region_15424
R15425,Region_15425
R15426,Region_15426
R15427,Region_15427
R15428,Region_15428
R15429,Region_15429
R15430,Region_15430
R15431,Region_15431
R15432,Region_15432
R15433,Region_15433
R15434,Region_15434
R15435,Region_15435
R15436,Region_15436
R15437,Region_15437
R15438,Region_15438
R15439,Region_15439
R15440,Region_15440
R15441,Region_15441
R15442,Region_15442
R15443,Region_15443
R15444,Region_15444
R15445,Region_15445
R15446,Region_15446
R15447,Region_15447
R15448,Region_15448
R15449,Region_15449
R15450,Region_15450
R15451,Region_15451
R15452,Region_15452
R15453,Region_15453
R15454,Region_15454
R15455,Region_15455
R15456,Region_15456
R15457,Region_15457
R15458,Region_15458
R15459,Region_15459
R15460,Region_15460
R15461,Region_15461
R15462,Region_15462
R15463,Region_15463
R15464,Region_15464
R15465,Region_15465
R15466,Region_15466
R15467,Region_15467
R15468,Region_15468
R15469,Region_15469
R15470,Region_15470
R15471,Region_15471
R15472,Region_15472
R15473,Region_15473
R15474,Region_15474
R15475,Region_15475
R15476,Region_15476
R15477,Region_15477
R15478,Region_15478
R15479,Region_15479
R15480,Region_15480
R15481,Region_15481
R15482,Region_15482
R15483,Region_15483
R15484,Region_15484
R15485,Region_15485
R15486,Region_15486
R15487,Region_15487
R15488,Region_15488
R15489,Region_15489
R15490,Region_15490
R15491,Region_15491
R15492,Region_15492
R15493,Region_15493
R15494,Region_15494
R15495,Region_15495
R15496,Region_15496
R15497,Region_15497
R15498,Region_15498
R15499,Region_15499
R15500,Region_15500
R15501,Region_15501
R15502,Region_15502
R15503,Region_15503
R15504,Region_15504
R15505,Region_15505
R15506,Region_15506
R15507,Region_15507
R15508,Region_15508
R15509,Region_15509
R15510,Region_15510
R15511,Region_15511
R15512,Region_15512
R15513,Region_15513
R15514,Region_15514
R15515,Region_15515
R15516,Region_15516
R15517,Region_15517
R15518,Region_15518
R15519,Region_15519
R15520,Region_15520
R15521,Region_15521
R15522,Region_15522
R15523,Region_15523
R15524,Region_15524
R15525,Region_15525
R15526,Region_15526
R15527,Region_15527
R15528,Region_15528
R15529,Region_15529
R15530,Region_15530
R15531,Region_15531
R15532,Region_15532
R15533,Region_15533
R15534,Region_15534
R15535,Region_15535
R15536,Region_15536
R15537,Region_15537
R15538,Region_15538
R15539,Region_15539
R15540,Region_15540
R15541,Region_15541
R15542,Region_15542
R15543,Region_15543
R15544,Region_15544
R15545,Region_15545
R15546,Region_15546
R15547,Region_15547
R15548,Region_15548
R15549,Region_15549
R15550,Region_15550
R15551,Region_15551
R15552,Region_15552
R15553,Region_15553
R15554,Region_15554
R15555,Region_15555
R15556,Region_15556
R15557,Region_15557
R15558,Region_15558
R15559,Region_15559
R15560,Region_15560
R15561,Region_15561
R15562,Region_15562
R15563,Region_15563
R15564,Region_15564
R15565,Region_15565
R15566,Region_15566
R15567,Region_15567
R15568,Region_15568
R15569,Region_15569
R15570,Region_15570
R15571,Region_15571
R15572,Region_15572
R15573,Region_15573
R15574,Region_15574
R15575,Region_15575
R15576,Region_15576
R15577,Region_15577
R15578,Region_15578
R15579,Region_15579
R15580,Region_15580
R15581,Region_15581
R15582,Region_15582
R15583,Region_15583
R15584,Region_15584
R15585,Region_15585
R15586,Region_15586
R15587,Region_15587
R15588,Region_15588
R15589,Region_15589
R15590,Region_15590
R15591,Region_15591
R15592,Region_15592
R15593,Region_15593
R15594,Region_15594
R15595,Region_15595
R15596,Region_15596
R15597,Region_15597
R15598,Region_15598
R15599,Region_15599
R15600,Region_15600
R15601,Region_15601
R15602,Region_15602
R15603,Region_15603
R15604,Region_15604
R15605,Region_15605
R15606,Region_15606
R15607,Region_15607
R15608,Region_15608
R15609,Region_15609
R15610,Region_15610
R15611,Region_15611
R15612,Region_15612
R15613,Region_15613
R15614,Region_15614
R15615,Region_15615
R15616,Region_15616
R15617,Region_15617
R15618,Region_15618
R15619,Region_15619
R15620,Region_15620
R15621,Region_15621
R15622,Region_15622
R15623,Region_15623
R15624,Region_15624
R15625,Region_15625
R15626,Region_15626
R15627,Region_15627
R15628,Region_15628
R15629,Region_15629
R15630,Region_15630
R15631,Region_15631
R15632,Region_15632
R15633,Region_15633
R15634,Region_15634
R15635,Region_15635
R15636,Region_15636
R15637,Region_15637
R15638,Region_15638
R15639,Region_15639
R15640,Region_15640
R15641,Region_15641
R15642,Region_15642
R15643,Region_15643
R15644,Region_15644
R15645,Region_15645
R15646,Region_15646
R15647,Region_15647
R15648,Region_15648
R15649,Region_15649
R15650,Region_15650
R15651,Region_15651
R15652,Region_15652
R15653,Region_15653
R15654,Region_15654
R15655,Region_15655
R15656,Region_15656
R15657,Region_15657
R15658,Region_15658
R15659,Region_15659
R15660,Region_15660
R15661,Region_15661
R15662,Region_15662
R15663,Region_15663
R15664,Region_15664
R15665,Region_15665
R15666,Region_15666
R15667,Region_15667
R15668,Region_15668
R15669,Region_15669
R15670,Region_15670
R15671,Region_15671
R15672,Region_15672
R15673,Region_15673
R15674,Region_15674
R15675,Region_15675
R15676,Region_15676
R15677,Region_15677
R15678,Region_15678
R15679,Region_15679
R15680,Region_15680
R15681,Region_15681
R15682,Region_15682
R15683,Region_15683
R15684,Region_15684
R15685,Region_15685
R15686,Region_15686
R15687,Region_15687
R15688,Region_15688
R15689,Region_15689
R15690,Region_15690
R15691,Region_15691
R15692,Region_15692
R15693,Region_15693
R15694,Region_15694
R15695,Region_15695
R15696,Region_15696
R15697,Region_15697
R15698,Region_15698
R15699,Region_15699
R15700,Region_15700
R15701,Region_15701
R15702,Region_15702
R15703,Region_15703
R15704,Region_15704
R15705,Region_15705
R15706,Region_15706
R15707,Region_15707
R15708,Region_15708
R15709,Region_15709
R15710,Region_15710
R15711,Region_15711
R15712,Region_15712
R15713,Region_15713
R15714,Region_15714
R15715,Region_15715
R15716,Region_15716
R15717,Region_15717
R15718,Region_15718
R15719,Region_15719
R15720,Region_15720
R15721,Region_15721
R15722,Region_15722
R15723,Region_15723
R15724,Region_15724
R15725,Region_15725
R15726,Region_15726
R15727,Region_15727
R15728,Region_15728
R15729,Region_15729
R15730,Region_15730
R15731,Region_15731
R15732,Region_15732
R15733,Region_15733
R15734,Region_15734
R15735,Region_15735
R15736,Region_15736
R15737,Region_15737
R15738,Region_15738
R15739,Region_15739
R15740,Region_15740
R15741,Region_15741
R15742,Region_15742
R15743,Region_15743
R15744,Region_15744
R15745,Region_15745
R15746,Region_15746
R15747,Region_15747
R15748,Region_15748
R15749,Region_15749
R15750,Region_15750
R15751,Region_15751
R15752,Region_15752
R15753,Region_15753
R15754,Region_15754
R15755,Region_15755
R15756,Region_15756
R15757,Region_15757
R15758,Region_15758
R15759,Region_15759
R15760,Region_15760
R15761,Region_15761
R15762,Region_15762
R15763,Region_15763
R15764,Region_15764
R15765,Region_15765
R15766,Region_15766
R15767,Region_15767
R15768,Region_15768
R15769,Region_15769
R15770,Region_15770
R15771,Region_15771
R15772,Region_15772
R15773,Region_15773
R15774,Region_15774
R15775,Region_15775
R15776,Region_15776
R15777,Region_15777
R15778,Region_15778
R15779,Region_15779
R15780,Region_15780
R15781,Region_15781
R15782,Region_15782
R15783,Region_15783
R15784,Region_15784
R15785,Region_15785
R15786,Region_15786
R15787,Region_15787
R15788,Region_15788
R15789,Region_15789
R15790,Region_15790
R15791,Region_15791
R15792,Region_15792
R15793,Region_15793
R15794,Region_15794
R15795,Region_15795
R15796,Region_15796
R15797,Region_15797
R15798,Region_15798
R15799,Region_15799
R15800,Region_15800
R15801,Region_15801
R15802,Region_15802
R15803,Region_15803
R15804,Region_15804
R15805,Region_15805
R15806,Region_15806
R15807,Region_15807
R15808,Region_15808
R15809,Region_15809
R15810,Region_15810
R15811,Region_15811
R15812,Region_15812
R15813,Region_15813
R15814,Region_15814
R15815,Region_15815
R15816,Region_15816
R15817,Region_15817
R15818,Region_15818
R15819,Region_15819
R15820,Region_15820
R15821,Region_15821
R15822,Region_15822
R15823,Region_15823
R15824,Region_15824
R15825,Region_15825
R15826,Region_15826
R15827,Region_15827
R15828,Region_15828
R15829,Region_15829
R15830,Region_15830
R15831,Region_15831
R15832,Region_15832
R15833,Region_15833
R15834,Region_15834
R15835,Region_15835
R15836,Region_15836
R15837,Region_15837
R15838,Region_15838
R15839,Region_15839
R15840,Region_15840
R15841,Region_15841
R15842,Region_15842
R15843,Region_15843
R15844,Region_15844
R15845,Region_15845
R15846,Region_15846
R15847,Region_15847
R15848,Region_15848
R15849,Region_15849
R15850,Region_15850
R15851,Region_15851
R15852,Region_15852
R15853,Region_15853
R15854,Region_15854
R15855,Region_15855
R15856,Region_15856
R15857,Region_15857
R15858,Region_15858
R15859,Region_15859
R15860,Region_15860
R15861,Region_15861
R15862,Region_15862
R15863,Region_15863
R15864,Region_15864
R15865,Region_15865
R15866,Region_15866
R15867,Region_15867
R15868,Region_15868
R15869,Region_15869
R15870,Region_15870
R15871,Region_15871
R15872,Region_15872
R15873,Region_15873
R15874,Region_15874
R15875,Region_15875
R15876,Region_15876
R15877,Region_15877
R15878,Region_15878
R15879,Region_15879
R15880,Region_15880
R15881,Region_15881
R15882,Region_15882
R15883,Region_15883
R15884,Region_15884
R15885,Region_15885
R15886,Region_15886
R15887,Region_15887
R15888,Region_15888
R15889,Region_15889
R15890,Region_15890
R15891,Region_15891
R15892,Region_15892
R15893,Region_15893
R15894,Region_15894
R15895,Region_15895
R15896,Region_15896
R15897,Region_15897
R15898,Region_15898
R15899,Region_15899
R15900,Region_15900
R15901,Region_15901
R15902,Region_15902
R15903,Region_15903
R15904,Region_15904
R15905,Region_15905
R15906,Region_15906
R15907,Region_15907
R15908,Region_15908
R15909,Region_15909
R15910,Region_15910
R15911,Region_15911
R15912,Region_15912
R15913,Region_15913
R15914,Region_15914
R15915,Region_15915
R15916,Region_15916
R15917,Region_15917
R15918,Region_15918
R15919,Region_15919
R15920,Region_15920
R15921,Region_15921
R15922,Region_15922
R15923,Region_15923
R15924,Region_15924
R15925,Region_15925
R15926,Region_15926
R15927,Region_15927
R15928,Region_15928
R15929,Region_15929
R15930,Region_15930
R15931,Region_15931
R15932,Region_15932
R15933,Region_15933
R15934,Region_15934
R15935,Region_15935
R15936,Region_15936
R15937,Region_15937
R15938,Region_15938
R15939,Region_15939
R15940,Region_15940
R15941,Region_15941
R15942,Region_15942
R15943,Region_15943
R15944,Region_15944
R15945,Region_15945
R15946,Region_15946
R15947,Region_15947
R15948,Region_15948
R15949,Region_15949
R15950,Region_15950
R15951,Region_15951
R15952,Region_15952
R15953,Region_15953
R15954,Region_15954
R15955,Region_15955
R15956,Region_15956
R15957,Region_15957
R15958,Region_15958
R15959,Region_15959
R15960,Region_15960
R15961,Region_15961
R15962,Region_15962
R15963,Region_15963
R15964,Region_15964
R15965,Region_15965
R15966,Region_15966
R15967,Region_15967
R15968,Region_15968
R15969,Region_15969
R15970,Region_15970
R15971,Region_15971
R15972,Region_15972
R15973,Region_15973
R15974,Region_15974
R15975,Region_15975
R15976,Region_15976
R15977,Region_15977
R15978,Region_15978
R15979,Region_15979
R15980,Region_15980
R15981,Region_15981
R15982,Region_15982
R15983,Region_15983
R15984,Region_15984
R15985,Region_15985
R15986,Region_15986
R15987,Region_15987
R15988,Region_15988
R15989,Region_15989
R15990,Region_15990
R15991,Region_15991
R15992,Region_15992
R15993,Region_15993
R15994,Region_15994
R15995,Region_15995
R15996,Region_15996
R15997,Region_15997
R15998,Region_15998
R15999,Region_15999
R16000,Region_16000
R16001,Region_16001
R16002,Region_16002
R16003,Region_16003
R16004,Region_16004
R16005,Region_16005
R16006,Region_16006
R16007,Region_16007
R16008,Region_16008
R16009,Region_16009
R16010,Region_16010
R16011,Region_16011
R16012,Region_16012
R16013,Region_16013
R16014,Region_16014
R16015,Region_16015
R16016,Region_16016
R16017,Region_16017
R16018,Region_16018
R16019,Region_16019
R16020,Region_16020
R16021,Region_16021
R16022,Region_16022
R16023,Region_16023
R16024,Region_16024
R16025,Region_16025
R16026,Region_16026
R16027,Region_16027
R16028,Region_16028
R16029,Region_16029
R16030,Region_16030
R16031,Region_16031
R16032,Region_16032
R16033,Region_16033
R16034,Region_16034
R16035,Region_16035
R16036,Region_16036
R16037,Region_16037
R16038,Region_16038
R16039,Region_16039
R16040,Region_16040
R16041,Region_16041
R16042,Region_16042
R16043,Region_16043
R16044,Region_16044
R16045,Region_16045
R16046,Region_16046
R16047,Region_16047
R16048,Region_16048
R16049,Region_16049
R16050,Region_16050
R16051,Region_16051
R16052,Region_16052
R16053,Region_16053
R16054,Region_16054
R16055,Region_16055
R16056,Region_16056
R16057,Region_16057
R16058,Region_16058
R16059,Region_16059
R16060,Region_16060
R16061,Region_16061
R16062,Region_16062
R16063,Region_16063
R16064,Region_16064
R16065,Region_16065
R16066,Region_16066
R16067,Region_16067
R16068,Region_16068
R16069,Region_16069
R16070,Region_16070
R16071,Region_16071
R16072,Region_16072
R16073,Region_16073
R16074,Region_16074
R16075,Region_16075
R16076,Region_16076
R16077,Region_16077
R16078,Region_16078
R16079,Region_16079
R16080,Region_16080
R16081,Region_16081
R16082,Region_16082
R16083,Region_16083
R16084,Region_16084
R16085,Region_16085
R16086,Region_16086
R16087,Region_16087
R16088,Region_16088
R16089,Region_16089
R16090,Region_16090
R16091,Region_16091
R16092,Region_16092
R16093,Region_16093
R16094,Region_16094
R16095,Region_16095
R16096,Region_16096
R16097,Region_16097
R16098,Region_16098
R16099,Region_16099
R16100,Region_16100
R16101,Region_16101
R16102,Region_16102
R16103,Region_16103
R16104,Region_16104
R16105,Region_16105
R16106,Region_16106
R16107,Region_16107
R16108,Region_16108
R16109,Region_16109
R16110,Region_16110
R16111,Region_16111
R16112,Region_16112
R16113,Region_16113
R16114,Region_16114
R16115,Region_16115
R16116,Region_16116
R16117,Region_16117
R16118,Region_16118
R16119,Region_16119
R16120,Region_16120
R16121,Region_16121
R16122,Region_16122
R16123,Region_16123
R16124,Region_16124
R16125,Region_16125
R16126,Region_16126
R16127,Region_16127
R16128,Region_16128
R16129,Region_16129
R16130,Region_16130
R16131,Region_16131
R16132,Region_16132
R16133,Region_16133
R16134,Region_16134
R16135,Region_16135
R16136,Region_16136
R16137,Region_16137
R16138,Region_16138
R16139,Region_16139
R16140,Region_16140
R16141,Region_16141
R16142,Region_16142
R16143,Region_16143
R16144,Region_16144
R16145,Region_16145
R16146,Region_16146
R16147,Region_16147
R16148,Region_16148
R16149,Region_16149
R16150,Region_16150
R16151,Region_16151
R16152,Region_16152
R16153,Region_16153
R16154,Region_16154
R16155,Region_16155
R16156,Region_16156
R16157,Region_16157
R16158,Region_16158
R16159,Region_16159
R16160,Region_16160
R16161,Region_16161
R16162,Region_16162
R16163,Region_16163
R16164,Region_16164
R16165,Region_16165
R16166,Region_16166
R16167,Region_16167
R16168,Region_16168
R16169,Region_16169
R16170,Region_16170
R16171,Region_16171
R16172,Region_16172
R16173,Region_16173
R16174,Region_16174
R16175,Region_16175
R16176,Region_16176
R16177,Region_16177
R16178,Region_16178
R16179,Region_16179
R16180,Region_16180
R16181,Region_16181
R16182,Region_16182
R16183,Region_16183
R16184,Region_16184
R16185,Region_16185
R16186,Region_16186
R16187,Region_16187
R16188,Region_16188
R16189,Region_16189
R16190,Region_16190
R16191,Region_16191
R16192,Region_16192
R16193,Region_16193
R16194,Region_16194
R16195,Region_16195
R16196,Region_16196
R16197,Region_16197
R16198,Region_16198
R16199,Region_16199
R16200,Region_16200
R16201,Region_16201
R16202,Region_16202
R16203,Region_16203
R16204,Region_16204
R16205,Region_16205
R16206,Region_16206
R16207,Region_16207
R16208,Region_16208
R16209,Region_16209
R16210,Region_16210
R16211,Region_16211
R16212,Region_16212
R16213,Region_16213
R16214,Region_16214
R16215,Region_16215
R16216,Region_16216
R16217,Region_16217
R16218,Region_16218
R16219,Region_16219
R16220,Region_16220
R16221,Region_16221
R16222,Region_16222
R16223,Region_16223
R16224,Region_16224
R16225,Region_16225
R16226,Region_16226
R16227,Region_16227
R16228,Region_16228
R16229,Region_16229
R16230,Region_16230
R16231,Region_16231
R16232,Region_16232
R16233,Region_16233
R16234,Region_16234
R16235,Region_16235
R16236,Region_16236
R16237,Region_16237
R16238,Region_16238
R16239,Region_16239
R16240,Region_16240
R16241,Region_16241
R16242,Region_16242
R16243,Region_16243
R16244,Region_16244
R16245,Region_16245
R16246,Region_16246
R16247,Region_16247
R16248,Region_16248
R16249,Region_16249
R16250,Region_16250
R16251,Region_16251
R16252,Region_16252
R16253,Region_16253
R16254,Region_16254
R16255,Region_16255
R16256,Region_16256
R16257,Region_16257
R16258,Region_16258
R16259,Region_16259
R16260,Region_16260
R16261,Region_16261
R16262,Region_16262
R16263,Region_16263
R16264,Region_16264
R16265,Region_16265
R16266,Region_16266
R16267,Region_16267
R16268,Region_16268
R16269,Region_16269
R16270,Region_16270
R16271,Region_16271
R16272,Region_16272
R16273,Region_16273
R16274,Region_16274
R16275,Region_16275
R16276,Region_16276
R16277,Region_16277
R16278,Region_16278
R16279,Region_16279
R16280,Region_16280
R16281,Region_16281
R16282,Region_16282
R16283,Region_16283
R16284,Region_16284
R16285,Region_16285
R16286,Region_16286
R16287,Region_16287
R16288,Region_16288
R16289,Region_16289
R16290,Region_16290
R16291,Region_16291
R16292,Region_16292
R16293,Region_16293
R16294,Region_16294
R16295,Region_16295
R16296,Region_16296
R16297,Region_16297
R16298,Region_16298
R16299,Region_16299
R16300,Region_16300
R16301,Region_16301
R16302,Region_16302
R16303,Region_16303
R16304,Region_16304
R16305,Region_16305
R16306,Region_16306
R16307,Region_16307
R16308,Region_16308
R16309,Region_16309
R16310,Region_16310
R16311,Region_16311
R16312,Region_16312
R16313,Region_16313
R16314,Region_16314
R16315,Region_16315
R16316,Region_16316
R16317,Region_16317
R16318,Region_16318
R16319,Region_16319
R16320,Region_16320
R16321,Region_16321
R16322,Region_16322
R16323,Region_16323
R16324,Region_16324
R16325,Region_16325
R16326,Region_16326
R16327,Region_16327
R16328,Region_16328
R16329,Region_16329
R16330,Region_16330
R16331,Region_16331
R16332,Region_16332
R16333,Region_16333
R16334,Region_16334
R16335,Region_16335
R16336,Region_16336
R16337,Region_16337
R16338,Region_16338
R16339,Region_16339
R16340,Region_16340
R16341,Region_16341
R16342,Region_16342
R16343,Region_16343
R16344,Region_16344
R16345,Region_16345
R16346,Region_16346
R16347,Region_16347
R16348,Region_16348
R16349,Region_16349
R16350,Region_16350
R16351,Region_16351
R16352,Region_16352
R16353,Region_16353
R16354,Region_16354
R16355,Region_16355
R16356,Region_16356
R16357,Region_16357
R16358,Region_16358
R16359,Region_16359
R16360,Region_16360
R16361,Region_16361
R16362,Region_16362
R16363,Region_16363
R16364,Region_16364
R16365,Region_16365
R16366,Region_16366
R16367,Region_16367
R16368,Region_16368
R16369,Region_16369
R16370,Region_16370
R16371,Region_16371
R16372,Region_16372
R16373,Region_16373
R16374,Region_16374
R16375,Region_16375
R16376,Region_16376
R16377,Region_16377
R16378,Region_16378
R16379,Region_16379
R16380,Region_16380
R16381,Region_16381
R16382,Region_16382
R16383,Region_16383
R16384,Region_16384
R16385,Region_16385
R16386,Region_16386
R16387,Region_16387
R16388,Region_16388
R16389,Region_16389
R16390,Region_16390
R16391,Region_16391
R16392,Region_16392
R16393,Region_16393
R16394,Region_16394
R16395,Region_16395
R16396,Region_16396
R16397,Region_16397
R16398,Region_16398
R16399,Region_16399
R16400,Region_16400
R16401,Region_16401
R16402,Region_16402
R16403,Region_16403
R16404,Region_16404
R16405,Region_16405
R16406,Region_16406
R16407,Region_16407
R16408,Region_16408
R16409,Region_16409
R16410,Region_16410
R16411,Region_16411
R16412,Region_16412
R16413,Region_16413
R16414,Region_16414
R16415,Region_16415
R16416,Region_16416
R16417,Region_16417
R16418,Region_16418
R16419,Region_16419
R16420,Region_16420
R16421,Region_16421
R16422,Region_16422
R16423,Region_16423
R16424,Region_16424
R16425,Region_16425
R16426,Region_16426
R16427,Region_16427
R16428,Region_16428
R16429,Region_16429
R16430,Region_16430
R16431,Region_16431
R16432,Region_16432
R16433,Region_16433
R16434,Region_16434
R16435,Region_16435
R16436,Region_16436
R16437,Region_16437
R16438,Region_16438
R16439,Region_16439
R16440,Region_16440
R16441,Region_16441
R16442,Region_16442
R16443,Region_16443
R16444,Region_16444
R16445,Region_16445
R16446,Region_16446
R16447,Region_16447
R16448,Region_16448
R16449,Region_16449
R16450,Region_16450
R16451,Region_16451
R16452,Region_16452
R16453,Region_16453
R16454,Region_16454
R16455,Region_16455
R16456,Region_16456
R16457,Region_16457
R16458,Region_16458
R16459,Region_16459
R16460,Region_16460
R16461,Region_16461
R16462,Region_16462
R16463,Region_16463
R16464,Region_16464
R16465,Region_16465
R16466,Region_16466
R16467,Region_16467
R16468,Region_16468
R16469,Region_16469
R16470,Region_16470
R16471,Region_16471
R16472,Region_16472
R16473,Region_16473
R16474,Region_16474
R16475,Region_16475
R16476,Region_16476
R16477,Region_16477
R16478,Region_16478
R16479,Region_16479
R16480,Region_16480
R16481,Region_16481
R16482,Region_16482
R16483,Region_16483
R16484,Region_16484
R16485,Region_16485
R16486,Region_16486
R16487,Region_16487
R16488,Region_16488
R16489,Region_16489
R16490,Region_16490
R16491,Region_16491
R16492,Region_16492
R16493,Region_16493
R16494,Region_16494
R16495,Region_16495
R16496,Region_16496
R16497,Region_16497
R16498,Region_16498
R16499,Region_16499
R16500,Region_16500
R16501,Region_16501
R16502,Region_16502
R16503,Region_16503
R16504,Region_16504
R16505,Region_16505
R16506,Region_16506
R16507,Region_16507
R16508,Region_16508
R16509,Region_16509
R16510,Region_16510
R16511,Region_16511
R16512,Region_16512
R16513,Region_16513
R16514,Region_16514
R16515,Region_16515
R16516,Region_16516
R16517,Region_16517
R16518,Region_16518
R16519,Region_16519
R16520,Region_16520
R16521,Region_16521
R16522,Region_16522
R16523,Region_16523
R16524,Region_16524
R16525,Region_16525
R16526,Region_16526
R16527,Region_16527
R16528,Region_16528
R16529,Region_16529
R16530,Region_16530
R16531,Region_16531
R16532,Region_16532
R16533,Region_16533
R16534,Region_16534
R16535,Region_16535
R16536,Region_16536
R16537,Region_16537
R16538,Region_16538
R16539,Region_16539
R16540,Region_16540
R16541,Region_16541
R16542,Region_16542
R16543,Region_16543
R16544,Region_16544
R16545,Region_16545
R16546,Region_16546
R16547,Region_16547
R16548,Region_16548
R16549,Region_16549
R16550,Region_16550
R16551,Region_16551
R16552,Region_16552
R16553,Region_16553
R16554,Region_16554
R16555,Region_16555
R16556,Region_16556
R16557,Region_16557
R16558,Region_16558
R16559,Region_16559
R16560,Region_16560
R16561,Region_16561
R16562,Region_16562
R16563,Region_16563
R16564,Region_16564
R16565,Region_16565
R16566,Region_16566
R16567,Region_16567
R16568,Region_16568
R16569,Region_16569
R16570,Region_16570
R16571,Region_16571
R16572,Region_16572
R16573,Region_16573
R16574,Region_16574
R16575,Region_16575
R16576,Region_16576
R16577,Region_16577
R16578,Region_16578
R16579,Region_16579
R16580,Region_16580
R16581,Region_16581
R16582,Region_16582
R16583,Region_16583
R16584,Region_16584
R16585,Region_16585
R16586,Region_16586
R16587,Region_16587
R16588,Region_16588
R16589,Region_16589
R16590,Region_16590
R16591,Region_16591
R16592,Region_16592
R16593,Region_16593
R16594,Region_16594
R16595,Region_16595
R16596,Region_16596
R16597,Region_16597
R16598,Region_16598
R16599,Region_16599
R16600,Region_16600
R16601,Region_16601
R16602,Region_16602
R16603,Region_16603
R16604,Region_16604
R16605,Region_16605
R16606,Region_16606
R16607,Region_16607
R16608,Region_16608
R16609,Region_16609
R16610,Region_16610
R16611,Region_16611
R16612,Region_16612
R16613,Region_16613
R16614,Region_16614
R16615,Region_16615
R16616,Region_16616
R16617,Region_16617
R16618,Region_16618
R16619,Region_16619
R16620,Region_16620
R16621,Region_16621
R16622,Region_16622
R16623,Region_16623
R16624,Region_16624
R16625,Region_16625
R16626,Region_16626
R16627,Region_16627
R16628,Region_16628
R16629,Region_16629
R16630,Region_16630
R16631,Region_16631
R16632,Region_16632
R16633,Region_16633
R16634,Region_16634
R16635,Region_16635
R16636,Region_16636
R16637,Region_16637
R16638,Region_16638
R16639,Region_16639
R16640,Region_16640
R16641,Region_16641
R16642,Region_16642
R16643,Region_16643
R16644,Region_16644
R16645,Region_16645
R16646,Region_16646
R16647,Region_16647
R16648,Region_16648
R16649,Region_16649
R16650,Region_16650
R16651,Region_16651
R16652,Region_16652
R16653,Region_16653
R16654,Region_16654
R16655,Region_16655
R16656,Region_16656
R16657,Region_16657
R16658,Region_16658
R16659,Region_16659
R16660,Region_16660
R16661,Region_16661
R16662,Region_16662
R16663,Region_16663
R16664,Region_16664
R16665,Region_16665
R16666,Region_16666
R16667,Region_16667
R16668,Region_16668
R16669,Region_16669
R16670,Region_16670
R16671,Region_16671
R16672,Region_16672
R16673,Region_16673
R16674,Region_16674
R16675,Region_16675
R16676,Region_16676
R16677,Region_16677
R16678,Region_16678
R16679,Region_16679
R16680,Region_16680
R16681,Region_16681
R16682,Region_16682
R16683,Region_16683
R16684,Region_16684
R16685,Region_16685
R16686,Region_16686
R16687,Region_16687
R16688,Region_16688
R16689,Region_16689
R16690,Region_16690
R16691,Region_16691
R16692,Region_16692
R16693,Region_16693
R16694,Region_16694
R16695,Region_16695
R16696,Region_16696
R16697,Region_16697
R16698,Region_16698
R16699,Region_16699
R16700,Region_16700
R16701,Region_16701
R16702,Region_16702
R16703,Region_16703
R16704,Region_16704
R16705,Region_16705
R16706,Region_16706
R16707,Region_16707
R16708,Region_16708
R16709,Region_16709
R16710,Region_16710
R16711,Region_16711
R16712,Region_16712
R16713,Region_16713
R16714,Region_16714
R16715,Region_16715
R16716,Region_16716
R16717,Region_16717
R16718,Region_16718
R16719,Region_16719
R16720,Region_16720
R16721,Region_16721
R16722,Region_16722
R16723,Region_16723
R16724,Region_16724
R16725,Region_16725
R16726,Region_16726
R16727,Region_16727
R16728,Region_16728
R16729,Region_16729
R16730,Region_16730
R16731,Region_16731
R16732,Region_16732
R16733,Region_16733
R16734,Region_16734
R16735,Region_16735
R16736,Region_16736
R16737,Region_16737
R16738,Region_16738
R16739,Region_16739
R16740,Region_16740
R16741,Region_16741
R16742,Region_16742
R16743,Region_16743
R16744,Region_16744
R16745,Region_16745
R16746,Region_16746
R16747,Region_16747
R16748,Region_16748
R16749,Region_16749
R16750,Region_16750
R16751,Region_16751
R16752,Region_16752
R16753,Region_16753
R16754,Region_16754
R16755,Region_16755
R16756,Region_16756
R16757,Region_16757
R16758,Region_16758
R16759,Region_16759
R16760,Region_16760
R16761,Region_16761
R16762,Region_16762
R16763,Region_16763
R16764,Region_16764
R16765,Region_16765
R16766,Region_16766
R16767,Region_16767
R16768,Region_16768
R16769,Region_16769
R16770,Region_16770
R16771,Region_16771
R16772,Region_16772
R16773,Region_16773
R16774,Region_16774
R16775,Region_16775
R16776,Region_16776
R16777,Region_16777
R16778,Region_16778
R16779,Region_16779
R16780,Region_16780
R16781,Region_16781
R16782,Region_16782
R16783,Region_16783
R16784,Region_16784
R16785,Region_16785
R16786,Region_16786
R16787,Region_16787
R16788,Region_16788
R16789,Region_16789
R16790,Region_16790
R16791,Region_16791
R16792,Region_16792
R16793,Region_16793
R16794,Region_16794
R16795,Region_16795
R16796,Region_16796
R16797,Region_16797
R16798,Region_16798
R16799,Region_16799
R16800,Region_16800
R16801,Region_16801
R16802,Region_16802
R16803,Region_16803
R16804,Region_16804
R16805,Region_16805
R16806,Region_16806
R16807,Region_16807
R16808,Region_16808
R16809,Region_16809
R16810,Region_16810
R16811,Region_16811
R16812,Region_16812
R16813,Region_16813
R16814,Region_16814
R16815,Region_16815
R16816,Region_16816
R16817,Region_16817
R16818,Region_16818
R16819,Region_16819
R16820,Region_16820
R16821,Region_16821
R16822,Region_16822
R16823,Region_16823
R16824,Region_16824
R16825,Region_16825
R16826,Region_16826
R16827,Region_16827
R16828,Region_16828
R16829,Region_16829
R16830,Region_16830
R16831,Region_16831
R16832,Region_16832
R16833,Region_16833
R16834,Region_16834
R16835,Region_16835
R16836,Region_16836
R16837,Region_16837
R16838,Region_16838
R16839,Region_16839
R16840,Region_16840
R16841,Region_16841
R16842,Region_16842
R16843,Region_16843
R16844,Region_16844
R16845,Region_16845
R16846,Region_16846
R16847,Region_16847
R16848,Region_16848
R16849,Region_16849
R16850,Region_16850
R16851,Region_16851
R16852,Region_16852
R16853,Region_16853
R16854,Region_16854
R16855,Region_16855
R16856,Region_16856
R16857,Region_16857
R16858,Region_16858
R16859,Region_16859
R16860,Region_16860
R16861,Region_16861
R16862,Region_16862
R16863,Region_16863
R16864,Region_16864
R16865,Region_16865
R16866,Region_16866
R16867,Region_16867
R16868,Region_16868
R16869,Region_16869
R16870,Region_16870
R16871,Region_16871
R16872,Region_16872
R16873,Region_16873
R16874,Region_16874
R16875,Region_16875
R16876,Region_16876
R16877,Region_16877
R16878,Region_16878
R16879,Region_16879
R16880,Region_16880
R16881,Region_16881
R16882,Region_16882
R16883,Region_16883
R16884,Region_16884
R16885,Region_16885
R16886,Region_16886
R16887,Region_16887
R16888,Region_16888
R16889,Region_16889
R16890,Region_16890
R16891,Region_16891
R16892,Region_16892
R16893,Region_16893
R16894,Region_16894
R16895,Region_16895
R16896,Region_16896
R16897,Region_16897
R16898,Region_16898
R16899,Region_16899
R16900,Region_16900
R16901,Region_16901
R16902,Region_16902
R16903,Region_16903
R16904,Region_16904
R16905,Region_16905
R16906,Region_16906
R16907,Region_16907
R16908,Region_16908
R16909,Region_16909
R16910,Region_16910
R16911,Region_16911
R16912,Region_16912
R16913,Region_16913
R16914,Region_16914
R16915,Region_16915
R16916,Region_16916
R16917,Region_16917
R16918,Region_16918
R16919,Region_16919
R16920,Region_16920
R16921,Region_16921
R16922,Region_16922
R16923,Region_16923
R16924,Region_16924
R16925,Region_16925
R16926,Region_16926
R16927,Region_16927
R16928,Region_16928
R16929,Region_16929
R16930,Region_16930
R16931,Region_16931
R16932,Region_16932
R16933,Region_16933
R16934,Region_16934
R16935,Region_16935
R16936,Region_16936
R16937,Region_16937
R16938,Region_16938
R16939,Region_16939
R16940,Region_16940
R16941,Region_16941
R16942,Region_16942
R16943,Region_16943
R16944,Region_16944
R16945,Region_16945
R16946,Region_16946
R16947,Region_16947
R16948,Region_16948
R16949,Region_16949
R16950,Region_16950
R16951,Region_16951
R16952,Region_16952
R16953,Region_16953
R16954,Region_16954
R16955,Region_16955
R16956,Region_16956
R16957,Region_16957
R16958,Region_16958
R16959,Region_16959
R16960,Region_16960
R16961,Region_16961
R16962,Region_16962
R16963,Region_16963
R16964,Region_16964
R16965,Region_16965
R16966,Region_16966
R16967,Region_16967
R16968,Region_16968
R16969,Region_16969
R16970,Region_16970
R16971,Region_16971
R16972,Region_16972
R16973,Region_16973
R16974,Region_16974
R16975,Region_16975
R16976,Region_16976
R16977,Region_16977
R16978,Region_16978
R16979,Region_16979
R16980,Region_16980
R16981,Region_16981
R16982,Region_16982
R16983,Region_16983
R16984,Region_16984
R16985,Region_16985
R16986,Region_16986
R16987,Region_16987
R16988,Region_16988
R16989,Region_16989
R16990,Region_16990
R16991,Region_16991
R16992,Region_16992
R16993,Region_16993
R16994,Region_16994
R16995,Region_16995
R16996,Region_16996
R16997,Region_16997
R16998,Region_16998
R16999,Region_16999
R17000,Region_17000
R17001,Region_17001
R17002,Region_17002
R17003,Region_17003
R17004,Region_17004
R17005,Region_17005
R17006,Region_17006
R17007,Region_17007
R17008,Region_17008
R17009,Region_17009
R17010,Region_17010
R17011,Region_17011
R17012,Region_17012
R17013,Region_17013
R17014,Region_17014
R17015,Region_17015
R17016,Region_17016
R17017,Region_17017
R17018,Region_17018
R17019,Region_17019
R17020,Region_17020
R17021,Region_17021
R17022,Region_17022
R17023,Region_17023
R17024,Region_17024
R17025,Region_17025
R17026,Region_17026
R17027,Region_17027
R17028,Region_17028
R17029,Region_17029
R17030,Region_17030
R17031,Region_17031
R17032,Region_17032
R17033,Region_17033
R17034,Region_17034
R17035,Region_17035
R17036,Region_17036
R17037,Region_17037
R17038,Region_17038
R17039,Region_17039
R17040,Region_17040
R17041,Region_17041
R17042,Region_17042
R17043,Region_17043
R17044,Region_17044
R17045,Region_17045
R17046,Region_17046
R17047,Region_17047
R17048,Region_17048
R17049,Region_17049
R17050,Region_17050
R17051,Region_17051
R17052,Region_17052
R17053,Region_17053
R17054,Region_17054
R17055,Region_17055
R17056,Region_17056
R17057,Region_17057
R17058,Region_17058
R17059,Region_17059
R17060,Region_17060
R17061,Region_17061
R17062,Region_17062
R17063,Region_17063
R17064,Region_17064
R17065,Region_17065
R17066,Region_17066
R17067,Region_17067
R17068,Region_17068
R17069,Region_17069
R17070,Region_17070
R17071,Region_17071
R17072,Region_17072
R17073,Region_17073
R17074,Region_17074
R17075,Region_17075
R17076,Region_17076
R17077,Region_17077
R17078,Region_17078
R17079,Region_17079
R17080,Region_17080
R17081,Region_17081
R17082,Region_17082
R17083,Region_17083
R17084,Region_17084
R17085,Region_17085
R17086,Region_17086
R17087,Region_17087
R17088,Region_17088
R17089,Region_17089
R17090,Region_17090
R17091,Region_17091
R17092,Region_17092
R17093,Region_17093
R17094,Region_17094
R17095,Region_17095
R17096,Region_17096
R17097,Region_17097
R17098,Region_17098
R17099,Region_17099
R17100,Region_17100
R17101,Region_17101
R17102,Region_17102
R17103,Region_17103
R17104,Region_17104
R17105,Region_17105
R17106,Region_17106
R17107,Region_17107
R17108,Region_17108
R17109,Region_17109
R17110,Region_17110
R17111,Region_17111
R17112,Region_17112
R17113,Region_17113
R17114,Region_17114
R17115,Region_17115
R17116,Region_17116
R17117,Region_17117
R17118,Region_17118
R17119,Region_17119
R17120,Region_17120
R17121,Region_17121
R17122,Region_17122
R17123,Region_17123
R17124,Region_17124
R17125,Region_17125
R17126,Region_17126
R17127,Region_17127
R17128,Region_17128
R17129,Region_17129
R17130,Region_17130
R17131,Region_17131
R17132,Region_17132
R17133,Region_17133
R17134,Region_17134
R17135,Region_17135
R17136,Region_17136
R17137,Region_17137
R17138,Region_17138
R17139,Region_17139
R17140,Region_17140
R17141,Region_17141
R17142,Region_17142
R17143,Region_17143
R17144,Region_17144
R17145,Region_17145
R17146,Region_17146
R17147,Region_17147
R17148,Region_17148
R17149,Region_17149
R17150,Region_17150
R17151,Region_17151
R17152,Region_17152
R17153,Region_17153
R17154,Region_17154
R17155,Region_17155
R17156,Region_17156
R17157,Region_17157
R17158,Region_17158
R17159,Region_17159
R17160,Region_17160
R17161,Region_17161
R17162,Region_17162
R17163,Region_17163
R17164,Region_17164
R17165,Region_17165
R17166,Region_17166
R17167,Region_17167
R17168,Region_17168
R17169,Region_17169
R17170,Region_17170
R17171,Region_17171
R17172,Region_17172
R17173,Region_17173
R17174,Region_17174
R17175,Region_17175
R17176,Region_17176
R17177,Region_17177
R17178,Region_17178
R17179,Region_17179
R17180,Region_17180
R17181,Region_17181
R17182,Region_17182
R17183,Region_17183
R17184,Region_17184
R17185,Region_17185
R17186,Region_17186
R17187,Region_17187
R17188,Region_17188
R17189,Region_17189
R17190,Region_17190
R17191,Region_17191
R17192,Region_17192
R17193,Region_17193
R17194,Region_17194
R17195,Region_17195
R17196,Region_17196
R17197,Region_17197
R17198,Region_17198
R17199,Region_17199
R17200,Region_17200
R17201,Region_17201
R17202,Region_17202
R17203,Region_17203
R17204,Region_17204
R17205,Region_17205
R17206,Region_17206
R17207,Region_17207
R17208,Region_17208
R17209,Region_17209
R17210,Region_17210
R17211,Region_17211
R17212,Region_17212
R17213,Region_17213
R17214,Region_17214
R17215,Region_17215
R17216,Region_17216
R17217,Region_17217
R17218,Region_17218
R17219,Region_17219
R17220,Region_17220
R17221,Region_17221
R17222,Region_17222
R17223,Region_17223
R17224,Region_17224
R17225,Region_17225
R17226,Region_17226
R17227,Region_17227
R17228,Region_17228
R17229,Region_17229
R17230,Region_17230
R17231,Region_17231
R17232,Region_17232
R17233,Region_17233
R17234,Region_17234
R17235,Region_17235
R17236,Region_17236
R17237,Region_17237
R17238,Region_17238
R17239,Region_17239
R17240,Region_17240
R17241,Region_17241
R17242,Region_17242
R17243,Region_17243
R17244,Region_17244
R17245,Region_17245
R17246,Region_17246
R17247,Region_17247
R17248,Region_17248
R17249,Region_17249
R17250,Region_17250
R17251,Region_17251
R17252,Region_17252
R17253,Region_17253
R17254,Region_17254
R17255,Region_17255
R17256,Region_17256
R17257,Region_17257
R17258,Region_17258
R17259,Region_17259
R17260,Region_17260
R17261,Region_17261
R17262,Region_17262
R17263,Region_17263
R17264,Region_17264
R17265,Region_17265
R17266,Region_17266
R17267,Region_17267
R17268,Region_17268
R17269,Region_17269
R17270,Region_17270
R17271,Region_17271
R17272,Region_17272
R17273,Region_17273
R17274,Region_17274
R17275,Region_17275
R17276,Region_17276
R17277,Region_17277
R17278,Region_17278
R17279,Region_17279
R17280,Region_17280
R17281,Region_17281
R17282,Region_17282
R17283,Region_17283
R17284,Region_17284
R17285,Region_17285
R17286,Region_17286
R17287,Region_17287
R17288,Region_17288
R17289,Region_17289
R17290,Region_17290
R17291,Region_17291
R17292,Region_17292
R17293,Region_17293
R17294,Region_17294
R17295,Region_17295
R17296,Region_17296
R17297,Region_17297
R17298,Region_17298
R17299,Region_17299
R17300,Region_17300
R17301,Region_17301
R17302,Region_17302
R17303,Region_17303
R17304,Region_17304
R17305,Region_17305
R17306,Region_17306
R17307,Region_17307
R17308,Region_17308
R17309,Region_17309
R17310,Region_17310
R17311,Region_17311
R17312,Region_17312
R17313,Region_17313
R17314,Region_17314
R17315,Region_17315
R17316,Region_17316
R17317,Region_17317
R17318,Region_17318
R17319,Region_17319
R17320,Region_17320
R17321,Region_17321
R17322,Region_17322
R17323,Region_17323
R17324,Region_17324
R17325,Region_17325
R17326,Region_17326
R17327,Region_17327
R17328,Region_17328
R17329,Region_17329
R17330,Region_17330
R17331,Region_17331
R17332,Region_17332
R17333,Region_17333
R17334,Region_17334
R17335,Region_17335
R17336,Region_17336
R17337,Region_17337
R17338,Region_17338
R17339,Region_17339
R17340,Region_17340
R17341,Region_17341
R17342,Region_17342
R17343,Region_17343
R17344,Region_17344
R17345,Region_17345
R17346,Region_17346
R17347,Region_17347
R17348,Region_17348
R17349,Region_17349
R17350,Region_17350
R17351,Region_17351
R17352,Region_17352
R17353,Region_17353
R17354,Region_17354
R17355,Region_17355
R17356,Region_17356
R17357,Region_17357
R17358,Region_17358
R17359,Region_17359
R17360,Region_17360
R17361,Region_17361
R17362,Region_17362
R17363,Region_17363
R17364,Region_17364
R17365,Region_17365
R17366,Region_17366
R17367,Region_17367
R17368,Region_17368
R17369,Region_17369
R17370,Region_17370
R17371,Region_17371
R17372,Region_17372
R17373,Region_17373
R17374,Region_17374
R17375,Region_17375
R17376,Region_17376
R17377,Region_17377
R17378,Region_17378
R17379,Region_17379
R17380,Region_17380
R17381,Region_17381
R17382,Region_17382
R17383,Region_17383
R17384,Region_17384
R17385,Region_17385
R17386,Region_17386
R17387,Region_17387
R17388,Region_17388
R17389,Region_17389
R17390,Region_17390
R17391,Region_17391
R17392,Region_17392
R17393,Region_17393
R17394,Region_17394
R17395,Region_17395
R17396,Region_17396
R17397,Region_17397
R17398,Region_17398
R17399,Region_17399
R17400,Region_17400
R17401,Region_17401
R17402,Region_17402
R17403,Region_17403
R17404,Region_17404
R17405,Region_17405
R17406,Region_17406
R17407,Region_17407
R17408,Region_17408
R17409,Region_17409
R17410,Region_17410
R17411,Region_17411
R17412,Region_17412
R17413,Region_17413
R17414,Region_17414
R17415,Region_17415
R17416,Region_17416
R17417,Region_17417
R17418,Region_17418
R17419,Region_17419
R17420,Region_17420
R17421,Region_17421
R17422,Region_17422
R17423,Region_17423
R17424,Region_17424
R17425,Region_17425
R17426,Region_17426
R17427,Region_17427
R17428,Region_17428
R17429,Region_17429
R17430,Region_17430
R17431,Region_17431
R17432,Region_17432
R17433,Region_17433
R17434,Region_17434
R17435,Region_17435
R17436,Region_17436
R17437,Region_17437
R17438,Region_17438
R17439,Region_17439
R17440,Region_17440
R17441,Region_17441
R17442,Region_17442
R17443,Region_17443
R17444,Region_17444
R17445,Region_17445
R17446,Region_17446
R17447,Region_17447
R17448,Region_17448
R17449,Region_17449
R17450,Region_17450
R17451,Region_17451
R17452,Region_17452
R17453,Region_17453
R17454,Region_17454
R17455,Region_17455
R17456,Region_17456
R17457,Region_17457
R17458,Region_17458
R17459,Region_17459
R17460,Region_17460
R17461,Region_17461
R17462,Region_17462
R17463,Region_17463
R17464,Region_17464
R17465,Region_17465
R17466,Region_17466
R17467,Region_17467
R17468,Region_17468
R17469,Region_17469
R17470,Region_17470
R17471,Region_17471
R17472,Region_17472
R17473,Region_17473
R17474,Region_17474
R17475,Region_17475
R17476,Region_17476
R17477,Region_17477
R17478,Region_17478
R17479,Region_17479
R17480,Region_17480
R17481,Region_17481
R17482,Region_17482
R17483,Region_17483
R17484,Region_17484
R17485,Region_17485
R17486,Region_17486
R17487,Region_17487
R17488,Region_17488
R17489,Region_17489
R17490,Region_17490
R17491,Region_17491
R17492,Region_17492
R17493,Region_17493
R17494,Region_17494
R17495,Region_17495
R17496,Region_17496
R17497,Region_17497
R17498,Region_17498
R17499,Region_17499
R17500,Region_17500
R17501,Region_17501
R17502,Region_17502
R17503,Region_17503
R17504,Region_17504
R17505,Region_17505
R17506,Region_17506
R17507,Region_17507
R17508,Region_17508
R17509,Region_17509
R17510,Region_17510
R17511,Region_17511
R17512,Region_17512
R17513,Region_17513
R17514,Region_17514
R17515,Region_17515
R17516,Region_17516
R17517,Region_17517
R17518,Region_17518
R17519,Region_17519
R17520,Region_17520
R17521,Region_17521
R17522,Region_17522
R17523,Region_17523
R17524,Region_17524
R17525,Region_17525
R17526,Region_17526
R17527,Region_17527
R17528,Region_17528
R17529,Region_17529
R17530,Region_17530
R17531,Region_17531
R17532,Region_17532
R17533,Region_17533
R17534,Region_17534
R17535,Region_17535
R17536,Region_17536
R17537,Region_17537
R17538,Region_17538
R17539,Region_17539
R17540,Region_17540
R17541,Region_17541
R17542,Region_17542
R17543,Region_17543
R17544,Region_17544
R17545,Region_17545
R17546,Region_17546
R17547,Region_17547
R17548,Region_17548
R17549,Region_17549
R17550,Region_17550
R17551,Region_17551
R17552,Region_17552
R17553,Region_17553
R17554,Region_17554
R17555,Region_17555
R17556,Region_17556
R17557,Region_17557
R17558,Region_17558
R17559,Region_17559
R17560,Region_17560
R17561,Region_17561
R17562,Region_17562
R17563,Region_17563
R17564,Region_17564
R17565,Region_17565
R17566,Region_17566
R17567,Region_17567
R17568,Region_17568
R17569,Region_17569
R17570,Region_17570
R17571,Region_17571
R17572,Region_17572
R17573,Region_17573
R17574,Region_17574
R17575,Region_17575
R17576,Region_17576
R17577,Region_17577
R17578,Region_17578
R17579,Region_17579
R17580,Region_17580
R17581,Region_17581
R17582,Region_17582
R17583,Region_17583
R17584,Region_17584
R17585,Region_17585
R17586,Region_17586
R17587,Region_17587
R17588,Region_17588
R17589,Region_17589
R17590,Region_17590
R17591,Region_17591
R17592,Region_17592
R17593,Region_17593
R17594,Region_17594
R17595,Region_17595
R17596,Region_17596
R17597,Region_17597
R17598,Region_17598
R17599,Region_17599
R17600,Region_17600
R17601,Region_17601
R17602,Region_17602
R17603,Region_17603
R17604,Region_17604
R17605,Region_17605
R17606,Region_17606
R17607,Region_17607
R17608,Region_17608
R17609,Region_17609
R17610,Region_17610
R17611,Region_17611
R17612,Region_17612
R17613,Region_17613
R17614,Region_17614
R17615,Region_17615
R17616,Region_17616
R17617,Region_17617
R17618,Region_17618
R17619,Region_17619
R17620,Region_17620
R17621,Region_17621
R17622,Region_17622
R17623,Region_17623
R17624,Region_17624
R17625,Region_17625
R17626,Region_17626
R17627,Region_17627
R17628,Region_17628
R17629,Region_17629
R17630,Region_17630
R17631,Region_17631
R17632,Region_17632
R17633,Region_17633
R17634,Region_17634
R17635,Region_17635
R17636,Region_17636
R17637,Region_17637
R17638,Region_17638
R17639,Region_17639
R17640,Region_17640
R17641,Region_17641
R17642,Region_17642
R17643,Region_17643
R17644,Region_17644
R17645,Region_17645
R17646,Region_17646
R17647,Region_17647
R17648,Region_17648
R17649,Region_17649
R17650,Region_17650
R17651,Region_17651
R17652,Region_17652
R17653,Region_17653
R17654,Region_17654
R17655,Region_17655
R17656,Region_17656
R17657,Region_17657
R17658,Region_17658
R17659,Region_17659
R17660,Region_17660
R17661,Region_17661
R17662,Region_17662
R17663,Region_17663
R17664,Region_17664
R17665,Region_17665
R17666,Region_17666
R17667,Region_17667
R17668,Region_17668
R17669,Region_17669
R17670,Region_17670
R17671,Region_17671
R17672,Region_17672
R17673,Region_17673
R17674,Region_17674
R17675,Region_17675
R17676,Region_17676
R17677,Region_17677
R17678,Region_17678
R17679,Region_17679
R17680,Region_17680
R17681,Region_17681
R17682,Region_17682
R17683,Region_17683
R17684,Region_17684
R17685,Region_17685
R17686,Region_17686
R17687,Region_17687
R17688,Region_17688
R17689,Region_17689
R17690,Region_17690
R17691,Region_17691
R17692,Region_17692
R17693,Region_17693
R17694,Region_17694
R17695,Region_17695
R17696,Region_17696
R17697,Region_17697
R17698,Region_17698
R17699,Region_17699
R17700,Region_17700
R17701,Region_17701
R17702,Region_17702
R17703,Region_17703
R17704,Region_17704
R17705,Region_17705
R17706,Region_17706
R17707,Region_17707
R17708,Region_17708
R17709,Region_17709
R17710,Region_17710
R17711,Region_17711
R17712,Region_17712
R17713,Region_17713
R17714,Region_17714
R17715,Region_17715
R17716,Region_17716
R17717,Region_17717
R17718,Region_17718
R17719,Region_17719
R17720,Region_17720
R17721,Region_17721
R17722,Region_17722
R17723,Region_17723
R17724,Region_17724
R17725,Region_17725
R17726,Region_17726
R17727,Region_17727
R17728,Region_17728
R17729,Region_17729
R17730,Region_17730
R17731,Region_17731
R17732,Region_17732
R17733,Region_17733
R17734,Region_17734
R17735,Region_17735
R17736,Region_17736
R17737,Region_17737
R17738,Region_17738
R17739,Region_17739
R17740,Region_17740
R17741,Region_17741
R17742,Region_17742
R17743,Region_17743
R17744,Region_17744
R17745,Region_17745
R17746,Region_17746
R17747,Region_17747
R17748,Region_17748
R17749,Region_17749
R17750,Region_17750
R17751,Region_17751
R17752,Region_17752
R17753,Region_17753
R17754,Region_17754
R17755,Region_17755
R17756,Region_17756
R17757,Region_17757
R17758,Region_17758
R17759,Region_17759
R17760,Region_17760
R17761,Region_17761
R17762,Region_17762
R17763,Region_17763
R17764,Region_17764
R17765,Region_17765
R17766,Region_17766
R17767,Region_17767
R17768,Region_17768
R17769,Region_17769
R17770,Region_17770
R17771,Region_17771
R17772,Region_17772
R17773,Region_17773
R17774,Region_17774
R17775,Region_17775
R17776,Region_17776
R17777,Region_17777
R17778,Region_17778
R17779,Region_17779
R17780,Region_17780
R17781,Region_17781
R17782,Region_17782
R17783,Region_17783
R17784,Region_17784
R17785,Region_17785
R17786,Region_17786
R17787,Region_17787
R17788,Region_17788
R17789,Region_17789
R17790,Region_17790
R17791,Region_17791
R17792,Region_17792
R17793,Region_17793
R17794,Region_17794
R17795,Region_17795
R17796,Region_17796
R17797,Region_17797
R17798,Region_17798
R17799,Region_17799
R17800,Region_17800
R17801,Region_17801
R17802,Region_17802
R17803,Region_17803
R17804,Region_17804
R17805,Region_17805
R17806,Region_17806
R17807,Region_17807
R17808,Region_17808
R17809,Region_17809
R17810,Region_17810
R17811,Region_17811
R17812,Region_17812
R17813,Region_17813
R17814,Region_17814
R17815,Region_17815
R17816,Region_17816
R17817,Region_17817
R17818,Region_17818
R17819,Region_17819
R17820,Region_17820
R17821,Region_17821
R17822,Region_17822
R17823,Region_17823
R17824,Region_17824
R17825,Region_17825
R17826,Region_17826
R17827,Region_17827
R17828,Region_17828
R17829,Region_17829
R17830,Region_17830
R17831,Region_17831
R17832,Region_17832
R17833,Region_17833
R17834,Region_17834
R17835,Region_17835
R17836,Region_17836
R17837,Region_17837
R17838,Region_17838
R17839,Region_17839
R17840,Region_17840
R17841,Region_17841
R17842,Region_17842
R17843,Region_17843
R17844,Region_17844
R17845,Region_17845
R17846,Region_17846
R17847,Region_17847
R17848,Region_17848
R17849,Region_17849
R17850,Region_17850
R17851,Region_17851
R17852,Region_17852
R17853,Region_17853
R17854,Region_17854
R17855,Region_17855
R17856,Region_17856
R17857,Region_17857
R17858,Region_17858
R17859,Region_17859
R17860,Region_17860
R17861,Region_17861
R17862,Region_17862
R17863,Region_17863
R17864,Region_17864
R17865,Region_17865
R17866,Region_17866
R17867,Region_17867
R17868,Region_17868
R17869,Region_17869
R17870,Region_17870
R17871,Region_17871
R17872,Region_17872
R17873,Region_17873
R17874,Region_17874
R17875,Region_17875
R17876,Region_17876
R17877,Region_17877
R17878,Region_17878
R17879,Region_17879
R17880,Region_17880
R17881,Region_17881
R17882,Region_17882
R17883,Region_17883
R17884,Region_17884
R17885,Region_17885
R17886,Region_17886
R17887,Region_17887
R17888,Region_17888
R17889,Region_17889
R17890,Region_17890
R17891,Region_17891
R17892,Region_17892
R17893,Region_17893
R17894,Region_17894
R17895,Region_17895
R17896,Region_17896
R17897,Region_17897
R17898,Region_17898
R17899,Region_17899
R17900,Region_17900
R17901,Region_17901
R17902,Region_17902
R17903,Region_17903
R17904,Region_17904
R17905,Region_17905
R17906,Region_17906
R17907,Region_17907
R17908,Region_17908
R17909,Region_17909
R17910,Region_17910
R17911,Region_17911
R17912,Region_17912
R17913,Region_17913
R17914,Region_17914
R17915,Region_17915
R17916,Region_17916
R17917,Region_17917
R17918,Region_17918
R17919,Region_17919
R17920,Region_17920
R17921,Region_17921
R17922,Region_17922
R17923,Region_17923
R17924,Region_17924
R17925,Region_17925
R17926,Region_17926
R17927,Region_17927
R17928,Region_17928
R17929,Region_17929
R17930,Region_17930
R17931,Region_17931
R17932,Region_17932
R17933,Region_17933
R17934,Region_17934
R17935,Region_17935
R17936,Region_17936
R17937,Region_17937
R17938,Region_17938
R17939,Region_17939
R17940,Region_17940
R17941,Region_17941
R17942,Region_17942
R17943,Region_17943
R17944,Region_17944
R17945,Region_17945
R17946,Region_17946
R17947,Region_17947
R17948,Region_17948
R17949,Region_17949
R17950,Region_17950
R17951,Region_17951
R17952,Region_17952
R17953,Region_17953
R17954,Region_17954
R17955,Region_17955
R17956,Region_17956
R17957,Region_17957
R17958,Region_17958
R17959,Region_17959
R17960,Region_17960
R17961,Region_17961
R17962,Region_17962
R17963,Region_17963
R17964,Region_17964
R17965,Region_17965
R17966,Region_17966
R17967,Region_17967
R17968,Region_17968
R17969,Region_17969
R17970,Region_17970
R17971,Region_17971
R17972,Region_17972
R17973,Region_17973
R17974,Region_17974
R17975,Region_17975
R17976,Region_17976
R17977,Region_17977
R17978,Region_17978
R17979,Region_17979
R17980,Region_17980
R17981,Region_17981
R17982,Region_17982
R17983,Region_17983
R17984,Region_17984
R17985,Region_17985
R17986,Region_17986
R17987,Region_17987
R17988,Region_17988
R17989,Region_17989
R17990,Region_17990
R17991,Region_17991
R17992,Region_17992
R17993,Region_17993
R17994,Region_17994
R17995,Region_17995
R17996,Region_17996
R17997,Region_17997
R17998,Region_17998
R17999,Region_17999
R18000,Region_18000
R18001,Region_18001
R18002,Region_18002
R18003,Region_18003
R18004,Region_18004
R18005,Region_18005
R18006,Region_18006
R18007,Region_18007
R18008,Region_18008
R18009,Region_18009
R18010,Region_18010
R18011,Region_18011
R18012,Region_18012
R18013,Region_18013
R18014,Region_18014
R18015,Region_18015
R18016,Region_18016
R18017,Region_18017
R18018,Region_18018
R18019,Region_18019
R18020,Region_18020
R18021,Region_18021
R18022,Region_18022
R18023,Region_18023
R18024,Region_18024
R18025,Region_18025
R18026,Region_18026
R18027,Region_18027
R18028,Region_18028
R18029,Region_18029
R18030,Region_18030
R18031,Region_18031
R18032,Region_18032
R18033,Region_18033
R18034,Region_18034
R18035,Region_18035
R18036,Region_18036
R18037,Region_18037
R18038,Region_18038
R18039,Region_18039
R18040,Region_18040
R18041,Region_18041
R18042,Region_18042
R18043,Region_18043
R18044,Region_18044
R18045,Region_18045
R18046,Region_18046
R18047,Region_18047
R18048,Region_18048
R18049,Region_18049
R18050,Region_18050
R18051,Region_18051
R18052,Region_18052
R18053,Region_18053
R18054,Region_18054
R18055,Region_18055
R18056,Region_18056
R18057,Region_18057
R18058,Region_18058
R18059,Region_18059
R18060,Region_18060
R18061,Region_18061
R18062,Region_18062
R18063,Region_18063
R18064,Region_18064
R18065,Region_18065
R18066,Region_18066
R18067,Region_18067
R18068,Region_18068
R18069,Region_18069
R18070,Region_18070
R18071,Region_18071
R18072,Region_18072
R18073,Region_18073
R18074,Region_18074
R18075,Region_18075
R18076,Region_18076
R18077,Region_18077
R18078,Region_18078
R18079,Region_18079
R18080,Region_18080
R18081,Region_18081
R18082,Region_18082
R18083,Region_18083
R18084,Region_18084
R18085,Region_18085
R18086,Region_18086
R18087,Region_18087
R18088,Region_18088
R18089,Region_18089
R18090,Region_18090
R18091,Region_18091
R18092,Region_18092
R18093,Region_18093
R18094,Region_18094
R18095,Region_18095
R18096,Region_18096
R18097,Region_18097
R18098,Region_18098
R18099,Region_18099
R18100,Region_18100
R18101,Region_18101
R18102,Region_18102
R18103,Region_18103
R18104,Region_18104
R18105,Region_18105
R18106,Region_18106
R18107,Region_18107
R18108,Region_18108
R18109,Region_18109
R18110,Region_18110
R18111,Region_18111
R18112,Region_18112
R18113,Region_18113
R18114,Region_18114
R18115,Region_18115
R18116,Region_18116
R18117,Region_18117
R18118,Region_18118
R18119,Region_18119
R18120,Region_18120
R18121,Region_18121
R18122,Region_18122
R18123,Region_18123
R18124,Region_18124
R18125,Region_18125
R18126,Region_18126
R18127,Region_18127
R18128,Region_18128
R18129,Region_18129
R18130,Region_18130
R18131,Region_18131
R18132,Region_18132
R18133,Region_18133
R18134,Region_18134
R18135,Region_18135
R18136,Region_18136
R18137,Region_18137
R18138,Region_18138
R18139,Region_18139
R18140,Region_18140
R18141,Region_18141
R18142,Region_18142
R18143,Region_18143
R18144,Region_18144
R18145,Region_18145
R18146,Region_18146
R18147,Region_18147
R18148,Region_18148
R18149,Region_18149
R18150,Region_18150
R18151,Region_18151
R18152,Region_18152
R18153,Region_18153
R18154,Region_18154
R18155,Region_18155
R18156,Region_18156
R18157,Region_18157
R18158,Region_18158
R18159,Region_18159
R18160,Region_18160
R18161,Region_18161
R18162,Region_18162
R18163,Region_18163
R18164,Region_18164
R18165,Region_18165
R18166,Region_18166
R18167,Region_18167
R18168,Region_18168
R18169,Region_18169
R18170,Region_18170
R18171,Region_18171
R18172,Region_18172
R18173,Region_18173
R18174,Region_18174
R18175,Region_18175
R18176,Region_18176
R18177,Region_18177
R18178,Region_18178
R18179,Region_18179
R18180,Region_18180
R18181,Region_18181
R18182,Region_18182
R18183,Region_18183
R18184,Region_18184
R18185,Region_18185
R18186,Region_18186
R18187,Region_18187
R18188,Region_18188
R18189,Region_18189
R18190,Region_18190
R18191,Region_18191
R18192,Region_18192
R18193,Region_18193
R18194,Region_18194
R18195,Region_18195
R18196,Region_18196
R18197,Region_18197
R18198,Region_18198
R18199,Region_18199
R18200,Region_18200
R18201,Region_18201
R18202,Region_18202
R18203,Region_18203
R18204,Region_18204
R18205,Region_18205
R18206,Region_18206
R18207,Region_18207
R18208,Region_18208
R18209,Region_18209
R18210,Region_18210
R18211,Region_18211
R18212,Region_18212
R18213,Region_18213
R18214,Region_18214
R18215,Region_18215
R18216,Region_18216
R18217,Region_18217
R18218,Region_18218
R18219,Region_18219
R18220,Region_18220
R18221,Region_18221
R18222,Region_18222
R18223,Region_18223
R18224,Region_18224
R18225,Region_18225
R18226,Region_18226
R18227,Region_18227
R18228,Region_18228
R18229,Region_18229
R18230,Region_18230
R18231,Region_18231
R18232,Region_18232
R18233,Region_18233
R18234,Region_18234
R18235,Region_18235
R18236,Region_18236
R18237,Region_18237
R18238,Region_18238
R18239,Region_18239
R18240,Region_18240
R18241,Region_18241
R18242,Region_18242
R18243,Region_18243
R18244,Region_18244
R18245,Region_18245
R18246,Region_18246
R18247,Region_18247
R18248,Region_18248
R18249,Region_18249
R18250,Region_18250
R18251,Region_18251
R18252,Region_18252
R18253,Region_18253
R18254,Region_18254
R18255,Region_18255
R18256,Region_18256
R18257,Region_18257
R18258,Region_18258
R18259,Region_18259
R18260,Region_18260
R18261,Region_18261
R18262,Region_18262
R18263,Region_18263
R18264,Region_18264
R18265,Region_18265
R18266,Region_18266
R18267,Region_18267
R18268,Region_18268
R18269,Region_18269
R18270,Region_18270
R18271,Region_18271
R18272,Region_18272
R18273,Region_18273
R18274,Region_18274
R18275,Region_18275
R18276,Region_18276
R18277,Region_18277
R18278,Region_18278
R18279,Region_18279
R18280,Region_18280
R18281,Region_18281
R18282,Region_18282
R18283,Region_18283
R18284,Region_18284
R18285,Region_18285
R18286,Region_18286
R18287,Region_18287
R18288,Region_18288
R18289,Region_18289
R18290,Region_18290
R18291,Region_18291
R18292,Region_18292
R18293,Region_18293
R18294,Region_18294
R18295,Region_18295
R18296,Region_18296
R18297,Region_18297
R18298,Region_18298
R18299,Region_18299
R18300,Region_18300
R18301,Region_18301
R18302,Region_18302
R18303,Region_18303
R18304,Region_18304
R18305,Region_18305
R18306,Region_18306
R18307,Region_18307
R18308,Region_18308
R18309,Region_18309
R18310,Region_18310
R18311,Region_18311
R18312,Region_18312
R18313,Region_18313
R18314,Region_18314
R18315,Region_18315
R18316,Region_18316
R18317,Region_18317
R18318,Region_18318
R18319,Region_18319
R18320,Region_18320
R18321,Region_18321
R18322,Region_18322
R18323,Region_18323
R18324,Region_18324
R18325,Region_18325
R18326,Region_18326
R18327,Region_18327
R18328,Region_18328
R18329,Region_18329
R18330,Region_18330
R18331,Region_18331
R18332,Region_18332
R18333,Region_18333
R18334,Region_18334
R18335,Region_18335
R18336,Region_18336
R18337,Region_18337
R18338,Region_18338
R18339,Region_18339
R18340,Region_18340
R18341,Region_18341
R18342,Region_18342
R18343,Region_18343
R18344,Region_18344
R18345,Region_18345
R18346,Region_18346
R18347,Region_18347
R18348,Region_18348
R18349,Region_18349
R18350,Region_18350
R18351,Region_18351
R18352,Region_18352
R18353,Region_18353
R18354,Region_18354
R18355,Region_18355
R18356,Region_18356
R18357,Region_18357
R18358,Region_18358
R18359,Region_18359
R18360,Region_18360
R18361,Region_18361
R18362,Region_18362
R18363,Region_18363
R18364,Region_18364
R18365,Region_18365
R18366,Region_18366
R18367,Region_18367
R18368,Region_18368
R18369,Region_18369
R18370,Region_18370
R18371,Region_18371
R18372,Region_18372
R18373,Region_18373
R18374,Region_18374
R18375,Region_18375
R18376,Region_18376
R18377,Region_18377
R18378,Region_18378
R18379,Region_18379
R18380,Region_18380
R18381,Region_18381
R18382,Region_18382
R18383,Region_18383
R18384,Region_18384
R18385,Region_18385
R18386,Region_18386
R18387,Region_18387
R18388,Region_18388
R18389,Region_18389
R18390,Region_18390
R18391,Region_18391
R18392,Region_18392
R18393,Region_18393
R18394,Region_18394
R18395,Region_18395
R18396,Region_18396
R18397,Region_18397
R18398,Region_18398
R18399,Region_18399
R18400,Region_18400
R18401,Region_18401
R18402,Region_18402
R18403,Region_18403
R18404,Region_18404
R18405,Region_18405
R18406,Region_18406
R18407,Region_18407
R18408,Region_18408
R18409,Region_18409
R18410,Region_18410
R18411,Region_18411
R18412,Region_18412
R18413,Region_18413
R18414,Region_18414
R18415,Region_18415
R18416,Region_18416
R18417,Region_18417
R18418,Region_18418
R18419,Region_18419
R18420,Region_18420
R18421,Region_18421
R18422,Region_18422
R18423,Region_18423
R18424,Region_18424
R18425,Region_18425
R18426,Region_18426
R18427,Region_18427
R18428,Region_18428
R18429,Region_18429
R18430,Region_18430
R18431,Region_18431
R18432,Region_18432
R18433,Region_18433
R18434,Region_18434
R18435,Region_18435
R18436,Region_18436
R18437,Region_18437
R18438,Region_18438
R18439,Region_18439
R18440,Region_18440
R18441,Region_18441
R18442,Region_18442
R18443,Region_18443
R18444,Region_18444
R18445,Region_18445
R18446,Region_18446
R18447,Region_18447
R18448,Region_18448
R18449,Region_18449
R18450,Region_18450
R18451,Region_18451
R18452,Region_18452
R18453,Region_18453
R18454,Region_18454
R18455,Region_18455
R18456,Region_18456
R18457,Region_18457
R18458,Region_18458
R18459,Region_18459
R18460,Region_18460
R18461,Region_18461
R18462,Region_18462
R18463,Region_18463
R18464,Region_18464
R18465,Region_18465
R18466,Region_18466
R18467,Region_18467
R18468,Region_18468
R18469,Region_18469
R18470,Region_18470
R18471,Region_18471
R18472,Region_18472
R18473,Region_18473
R18474,Region_18474
R18475,Region_18475
R18476,Region_18476
R18477,Region_18477
R18478,Region_18478
R18479,Region_18479
R18480,Region_18480
R18481,Region_18481
R18482,Region_18482
R18483,Region_18483
R18484,Region_18484
R18485,Region_18485
R18486,Region_18486
R18487,Region_18487
R18488,Region_18488
R18489,Region_18489
R18490,Region_18490
R18491,Region_18491
R18492,Region_18492
R18493,Region_18493
R18494,Region_18494
R18495,Region_18495
R18496,Region_18496
R18497,Region_18497
R18498,Region_18498
R18499,Region_18499
R18500,Region_18500
R18501,Region_18501
R18502,Region_18502
R18503,Region_18503
R18504,Region_18504
R18505,Region_18505
R18506,Region_18506
R18507,Region_18507
R18508,Region_18508
R18509,Region_18509
R18510,Region_18510
R18511,Region_18511
R18512,Region_18512
R18513,Region_18513
R18514,Region_18514
R18515,Region_18515
R18516,Region_18516
R18517,Region_18517
R18518,Region_18518
R18519,Region_18519
R18520,Region_18520
R18521,Region_18521
R18522,Region_18522
R18523,Region_18523
R18524,Region_18524
R18525,Region_18525
R18526,Region_18526
R18527,Region_18527
R18528,Region_18528
R18529,Region_18529
R18530,Region_18530
R18531,Region_18531
R18532,Region_18532
R18533,Region_18533
R18534,Region_18534
R18535,Region_18535
R18536,Region_18536
R18537,Region_18537
R18538,Region_18538
R18539,Region_18539
R18540,Region_18540
R18541,Region_18541
R18542,Region_18542
R18543,Region_18543
R18544,Region_18544
R18545,Region_18545
R18546,Region_18546
R18547,Region_18547
R18548,Region_18548
R18549,Region_18549
R18550,Region_18550
R18551,Region_18551
R18552,Region_18552
R18553,Region_18553
R18554,Region_18554
R18555,Region_18555
R18556,Region_18556
R18557,Region_18557
R18558,Region_18558
R18559,Region_18559
R18560,Region_18560
R18561,Region_18561
R18562,Region_18562
R18563,Region_18563
R18564,Region_18564
R18565,Region_18565
R18566,Region_18566
R18567,Region_18567
R18568,Region_18568
R18569,Region_18569
R18570,Region_18570
R18571,Region_18571
R18572,Region_18572
R18573,Region_18573
R18574,Region_18574
R18575,Region_18575
R18576,Region_18576
R18577,Region_18577
R18578,Region_18578
R18579,Region_18579
R18580,Region_18580
R18581,Region_18581
R18582,Region_18582
R18583,Region_18583
R18584,Region_18584
R18585,Region_18585
R18586,Region_18586
R18587,Region_18587
R18588,Region_18588
R18589,Region_18589
R18590,Region_18590
R18591,Region_18591
R18592,Region_18592
R18593,Region_18593
R18594,Region_18594
R18595,Region_18595
R18596,Region_18596
R18597,Region_18597
R18598,Region_18598
R18599,Region_18599
R18600,Region_18600
R18601,Region_18601
R18602,Region_18602
R18603,Region_18603
R18604,Region_18604
R18605,Region_18605
R18606,Region_18606
R18607,Region_18607
R18608,Region_18608
R18609,Region_18609
R18610,Region_18610
R18611,Region_18611
R18612,Region_18612
R18613,Region_18613
R18614,Region_18614
R18615,Region_18615
R18616,Region_18616
R18617,Region_18617
R18618,Region_18618
R18619,Region_18619
R18620,Region_18620
R18621,Region_18621
R18622,Region_18622
R18623,Region_18623
R18624,Region_18624
R18625,Region_18625
R18626,Region_18626
R18627,Region_18627
R18628,Region_18628
R18629,Region_18629
R18630,Region_18630
R18631,Region_18631
R18632,Region_18632
R18633,Region_18633
R18634,Region_18634
R18635,Region_18635
R18636,Region_18636
R18637,Region_18637
R18638,Region_18638
R18639,Region_18639
R18640,Region_18640
R18641,Region_18641
R18642,Region_18642
R18643,Region_18643
R18644,Region_18644
R18645,Region_18645
R18646,Region_18646
R18647,Region_18647
R18648,Region_18648
R18649,Region_18649
R18650,Region_18650
R18651,Region_18651
R18652,Region_18652
R18653,Region_18653
R18654,Region_18654
R18655,Region_18655
R18656,Region_18656
R18657,Region_18657
R18658,Region_18658
R18659,Region_18659
R18660,Region_18660
R18661,Region_18661
R18662,Region_18662
R18663,Region_18663
R18664,Region_18664
R18665,Region_18665
R18666,Region_18666
R18667,Region_18667
R18668,Region_18668
R18669,Region_18669
R18670,Region_18670
R18671,Region_18671
R18672,Region_18672
R18673,Region_18673
R18674,Region_18674
R18675,Region_18675
R18676,Region_18676
R18677,Region_18677
R18678,Region_18678
R18679,Region_18679
R18680,Region_18680
R18681,Region_18681
R18682,Region_18682
R18683,Region_18683
R18684,Region_18684
R18685,Region_18685
R18686,Region_18686
R18687,Region_18687
R18688,Region_18688
R18689,Region_18689
R18690,Region_18690
R18691,Region_18691
R18692,Region_18692
R18693,Region_18693
R18694,Region_18694
R18695,Region_18695
R18696,Region_18696
R18697,Region_18697
R18698,Region_18698
R18699,Region_18699
R18700,Region_18700
R18701,Region_18701
R18702,Region_18702
R18703,Region_18703
R18704,Region_18704
R18705,Region_18705
R18706,Region_18706
R18707,Region_18707
R18708,Region_18708
R18709,Region_18709
R18710,Region_18710
R18711,Region_18711
R18712,Region_18712
R18713,Region_18713
R18714,Region_18714
R18715,Region_18715
R18716,Region_18716
R18717,Region_18717
R18718,Region_18718
R18719,Region_18719
R18720,Region_18720
R18721,Region_18721
R18722,Region_18722
R18723,Region_18723
R18724,Region_18724
R18725,Region_18725
R18726,Region_18726
R18727,Region_18727
R18728,Region_18728
R18729,Region_18729
R18730,Region_18730
R18731,Region_18731
R18732,Region_18732
R18733,Region_18733
R18734,Region_18734
R18735,Region_18735
R18736,Region_18736
R18737,Region_18737
R18738,Region_18738
R18739,Region_18739
R18740,Region_18740
R18741,Region_18741
R18742,Region_18742
R18743,Region_18743
R18744,Region_18744
R18745,Region_18745
R18746,Region_18746
R18747,Region_18747
R18748,Region_18748
R18749,Region_18749
R18750,Region_18750
R18751,Region_18751
R18752,Region_18752
R18753,Region_18753
R18754,Region_18754
R18755,Region_18755
R18756,Region_18756
R18757,Region_18757
R18758,Region_18758
R18759,Region_18759
R18760,Region_18760
R18761,Region_18761
R18762,Region_18762
R18763,Region_18763
R18764,Region_18764
R18765,Region_18765
R18766,Region_18766
R18767,Region_18767
R18768,Region_18768
R18769,Region_18769
R18770,Region_18770
R18771,Region_18771
R18772,Region_18772
R18773,Region_18773
R18774,Region_18774
R18775,Region_18775
R18776,Region_18776
R18777,Region_18777
R18778,Region_18778
R18779,Region_18779
R18780,Region_18780
R18781,Region_18781
R18782,Region_18782
R18783,Region_18783
R18784,Region_18784
R18785,Region_18785
R18786,Region_18786
R18787,Region_18787
R18788,Region_18788
R18789,Region_18789
R18790,Region_18790
R18791,Region_18791
R18792,Region_18792
R18793,Region_18793
R18794,Region_18794
R18795,Region_18795
R18796,Region_18796
R18797,Region_18797
R18798,Region_18798
R18799,Region_18799
R18800,Region_18800
R18801,Region_18801
R18802,Region_18802
R18803,Region_18803
R18804,Region_18804
R18805,Region_18805
R18806,Region_18806
R18807,Region_18807
R18808,Region_18808
R18809,Region_18809
R18810,Region_18810
R18811,Region_18811
R18812,Region_18812
R18813,Region_18813
R18814,Region_18814
R18815,Region_18815
R18816,Region_18816
R18817,Region_18817
R18818,Region_18818
R18819,Region_18819
R18820,Region_18820
R18821,Region_18821
R18822,Region_18822
R18823,Region_18823
R18824,Region_18824
R18825,Region_18825
R18826,Region_18826
R18827,Region_18827
R18828,Region_18828
R18829,Region_18829
R18830,Region_18830
R18831,Region_18831
R18832,Region_18832
R18833,Region_18833
R18834,Region_18834
R18835,Region_18835
R18836,Region_18836
R18837,Region_18837
R18838,Region_18838
R18839,Region_18839
R18840,Region_18840
R18841,Region_18841
R18842,Region_18842
R18843,Region_18843
R18844,Region_18844
R18845,Region_18845
R18846,Region_18846
R18847,Region_18847
R18848,Region_18848
R18849,Region_18849
R18850,Region_18850
R18851,Region_18851
R18852,Region_18852
R18853,Region_18853
R18854,Region_18854
R18855,Region_18855
R18856,Region_18856
R18857,Region_18857
R18858,Region_18858
R18859,Region_18859
R18860,Region_18860
R18861,Region_18861
R18862,Region_18862
R18863,Region_18863
R18864,Region_18864
R18865,Region_18865
R18866,Region_18866
R18867,Region_18867
R18868,Region_18868
R18869,Region_18869
R18870,Region_18870
R18871,Region_18871
R18872,Region_18872
R18873,Region_18873
R18874,Region_18874
R18875,Region_18875
R18876,Region_18876
R18877,Region_18877
R18878,Region_18878
R18879,Region_18879
R18880,Region_18880
R18881,Region_18881
R18882,Region_18882
R18883,Region_18883
R18884,Region_18884
R18885,Region_18885
R18886,Region_18886
R18887,Region_18887
R18888,Region_18888
R18889,Region_18889
R18890,Region_18890
R18891,Region_18891
R18892,Region_18892
R18893,Region_18893
R18894,Region_18894
R18895,Region_18895
R18896,Region_18896
R18897,Region_18897
R18898,Region_18898
R18899,Region_18899
R18900,Region_18900
R18901,Region_18901
R18902,Region_18902
R18903,Region_18903
R18904,Region_18904
R18905,Region_18905
R18906,Region_18906
R18907,Region_18907
R18908,Region_18908
R18909,Region_18909
R18910,Region_18910
R18911,Region_18911
R18912,Region_18912
R18913,Region_18913
R18914,Region_18914
R18915,Region_18915
R18916,Region_18916
R18917,Region_18917
R18918,Region_18918
R18919,Region_18919
R18920,Region_18920
R18921,Region_18921
R18922,Region_18922
R18923,Region_18923
R18924,Region_18924
R18925,Region_18925
R18926,Region_18926
R18927,Region_18927
R18928,Region_18928
R18929,Region_18929
R18930,Region_18930
R18931,Region_18931
R18932,Region_18932
R18933,Region_18933
R18934,Region_18934
R18935,Region_18935
R18936,Region_18936
R18937,Region_18937
R18938,Region_18938
R18939,Region_18939
R18940,Region_18940
R18941,Region_18941
R18942,Region_18942
R18943,Region_18943
R18944,Region_18944
R18945,Region_18945
R18946,Region_18946
R18947,Region_18947
R18948,Region_18948
R18949,Region_18949
R18950,Region_18950
R18951,Region_18951
R18952,Region_18952
R18953,Region_18953
R18954,Region_18954
R18955,Region_18955
R18956,Region_18956
R18957,Region_18957
R18958,Region_18958
R18959,Region_18959
R18960,Region_18960
R18961,Region_18961
R18962,Region_18962
R18963,Region_18963
R18964,Region_18964
R18965,Region_18965
R18966,Region_18966
R18967,Region_18967
R18968,Region_18968
R18969,Region_18969
R18970,Region_18970
R18971,Region_18971
R18972,Region_18972
R18973,Region_18973
R18974,Region_18974
R18975,Region_18975
R18976,Region_18976
R18977,Region_18977
R18978,Region_18978
R18979,Region_18979
R18980,Region_18980
R18981,Region_18981
R18982,Region_18982
R18983,Region_18983
R18984,Region_18984
R18985,Region_18985
R18986,Region_18986
R18987,Region_18987
R18988,Region_18988
R18989,Region_18989
R18990,Region_18990
R18991,Region_18991
R18992,Region_18992
R18993,Region_18993
R18994,Region_18994
R18995,Region_18995
R18996,Region_18996
R18997,Region_18997
R18998,Region_18998
R18999,Region_18999
R19000,Region_19000
R19001,Region_19001
R19002,Region_19002
R19003,Region_19003
R19004,Region_19004
R19005,Region_19005
R19006,Region_19006
R19007,Region_19007
R19008,Region_19008
R19009,Region_19009
R19010,Region_19010
R19011,Region_19011
R19012,Region_19012
R19013,Region_19013
R19014,Region_19014
R19015,Region_19015
R19016,Region_19016
R19017,Region_19017
R19018,Region_19018
R19019,Region_19019
R19020,Region_19020
R19021,Region_19021
R19022,Region_19022
R19023,Region_19023
R19024,Region_19024
R19025,Region_19025
R19026,Region_19026
R19027,Region_19027
R19028,Region_19028
R19029,Region_19029
R19030,Region_19030
R19031,Region_19031
R19032,Region_19032
R19033,Region_19033
R19034,Region_19034
R19035,Region_19035
R19036,Region_19036
R19037,Region_19037
R19038,Region_19038
R19039,Region_19039
R19040,Region_19040
R19041,Region_19041
R19042,Region_19042
R19043,Region_19043
R19044,Region_19044
R19045,Region_19045
R19046,Region_19046
R19047,Region_19047
R19048,Region_19048
R19049,Region_19049
R19050,Region_19050
R19051,Region_19051
R19052,Region_19052
R19053,Region_19053
R19054,Region_19054
R19055,Region_19055
R19056,Region_19056
R19057,Region_19057
R19058,Region_19058
R19059,Region_19059
R19060,Region_19060
R19061,Region_19061
R19062,Region_19062
R19063,Region_19063
R19064,Region_19064
R19065,Region_19065
R19066,Region_19066
R19067,Region_19067
R19068,Region_19068
R19069,Region_19069
R19070,Region_19070
R19071,Region_19071
R19072,Region_19072
R19073,Region_19073
R19074,Region_19074
R19075,Region_19075
R19076,Region_19076
R19077,Region_19077
R19078,Region_19078
R19079,Region_19079
R19080,Region_19080
R19081,Region_19081
R19082,Region_19082
R19083,Region_19083
R19084,Region_19084
R19085,Region_19085
R19086,Region_19086
R19087,Region_19087
R19088,Region_19088
R19089,Region_19089
R19090,Region_19090
R19091,Region_19091
R19092,Region_19092
R19093,Region_19093
R19094,Region_19094
R19095,Region_19095
R19096,Region_19096
R19097,Region_19097
R19098,Region_19098
R19099,Region_19099
R19100,Region_19100
R19101,Region_19101
R19102,Region_19102
R19103,Region_19103
R19104,Region_19104
R19105,Region_19105
R19106,Region_19106
R19107,Region_19107
R19108,Region_19108
R19109,Region_19109
R19110,Region_19110
R19111,Region_19111
R19112,Region_19112
R19113,Region_19113
R19114,Region_19114
R19115,Region_19115
R19116,Region_19116
R19117,Region_19117
R19118,Region_19118
R19119,Region_19119
R19120,Region_19120
R19121,Region_19121
R19122,Region_19122
R19123,Region_19123
R19124,Region_19124
R19125,Region_19125
R19126,Region_19126
R19127,Region_19127
R19128,Region_19128
R19129,Region_19129
R19130,Region_19130
R19131,Region_19131
R19132,Region_19132
R19133,Region_19133
R19134,Region_19134
R19135,Region_19135
R19136,Region_19136
R19137,Region_19137
R19138,Region_19138
R19139,Region_19139
R19140,Region_19140
R19141,Region_19141
R19142,Region_19142
R19143,Region_19143
R19144,Region_19144
R19145,Region_19145
R19146,Region_19146
R19147,Region_19147
R19148,Region_19148
R19149,Region_19149
R19150,Region_19150
R19151,Region_19151
R19152,Region_19152
R19153,Region_19153
R19154,Region_19154
R19155,Region_19155
R19156,Region_19156
R19157,Region_19157
R19158,Region_19158
R19159,Region_19159
R19160,Region_19160
R19161,Region_19161
R19162,Region_19162
R19163,Region_19163
R19164,Region_19164
R19165,Region_19165
R19166,Region_19166
R19167,Region_19167
R19168,Region_19168
R19169,Region_19169
R19170,Region_19170
R19171,Region_19171
R19172,Region_19172
R19173,Region_19173
R19174,Region_19174
R19175,Region_19175
R19176,Region_19176
R19177,Region_19177
R19178,Region_19178
R19179,Region_19179
R19180,Region_19180
R19181,Region_19181
R19182,Region_19182
R19183,Region_19183
R19184,Region_19184
R19185,Region_19185
R19186,Region_19186
R19187,Region_19187
R19188,Region_19188
R19189,Region_19189
R19190,Region_19190
R19191,Region_19191
R19192,Region_19192
R19193,Region_19193
R19194,Region_19194
R19195,Region_19195
R19196,Region_19196
R19197,Region_19197
R19198,Region_19198
R19199,Region_19199
R19200,Region_19200
R19201,Region_19201
R19202,Region_19202
R19203,Region_19203
R19204,Region_19204
R19205,Region_19205
R19206,Region_19206
R19207,Region_19207
R19208,Region_19208
R19209,Region_19209
R19210,Region_19210
R19211,Region_19211
R19212,Region_19212
R19213,Region_19213
R19214,Region_19214
R19215,Region_19215
R19216,Region_19216
R19217,Region_19217
R19218,Region_19218
R19219,Region_19219
R19220,Region_19220
R19221,Region_19221
R19222,Region_19222
R19223,Region_19223
R19224,Region_19224
R19225,Region_19225
R19226,Region_19226
R19227,Region_19227
R19228,Region_19228
R19229,Region_19229
R19230,Region_19230
R19231,Region_19231
R19232,Region_19232
R19233,Region_19233
R19234,Region_19234
R19235,Region_19235
R19236,Region_19236
R19237,Region_19237
R19238,Region_19238
R19239,Region_19239
R19240,Region_19240
R19241,Region_19241
R19242,Region_19242
R19243,Region_19243
R19244,Region_19244
R19245,Region_19245
R19246,Region_19246
R19247,Region_19247
R19248,Region_19248
R19249,Region_19249
R19250,Region_19250
R19251,Region_19251
R19252,Region_19252
R19253,Region_19253
R19254,Region_19254
R19255,Region_19255
R19256,Region_19256
R19257,Region_19257
R19258,Region_19258
R19259,Region_19259
R19260,Region_19260
R19261,Region_19261
R19262,Region_19262
R19263,Region_19263
R19264,Region_19264
R19265,Region_19265
R19266,Region_19266
R19267,Region_19267
R19268,Region_19268
R19269,Region_19269
R19270,Region_19270
R19271,Region_19271
R19272,Region_19272
R19273,Region_19273
R19274,Region_19274
R19275,Region_19275
R19276,Region_19276
R19277,Region_19277
R19278,Region_19278
R19279,Region_19279
R19280,Region_19280
R19281,Region_19281
R19282,Region_19282
R19283,Region_19283
R19284,Region_19284
R19285,Region_19285
R19286,Region_19286
R19287,Region_19287
R19288,Region_19288
R19289,Region_19289
R19290,Region_19290
R19291,Region_19291
R19292,Region_19292
R19293,Region_19293
R19294,Region_19294
R19295,Region_19295
R19296,Region_19296
R19297,Region_19297
R19298,Region_19298
R19299,Region_19299
R19300,Region_19300
R19301,Region_19301
R19302,Region_19302
R19303,Region_19303
R19304,Region_19304
R19305,Region_19305
R19306,Region_19306
R19307,Region_19307
R19308,Region_19308
R19309,Region_19309
R19310,Region_19310
R19311,Region_19311
R19312,Region_19312
R19313,Region_19313
R19314,Region_19314
R19315,Region_19315
R19316,Region_19316
R19317,Region_19317
R19318,Region_19318
R19319,Region_19319
R19320,Region_19320
R19321,Region_19321
R19322,Region_19322
R19323,Region_19323
R19324,Region_19324
R19325,Region_19325
R19326,Region_19326
R19327,Region_19327
R19328,Region_19328
R19329,Region_19329
R19330,Region_19330
R19331,Region_19331
R19332,Region_19332
R19333,Region_19333
R19334,Region_19334
R19335,Region_19335
R19336,Region_19336
R19337,Region_19337
R19338,Region_19338
R19339,Region_19339
R19340,Region_19340
R19341,Region_19341
R19342,Region_19342
R19343,Region_19343
R19344,Region_19344
R19345,Region_19345
R19346,Region_19346
R19347,Region_19347
R19348,Region_19348
R19349,Region_19349
R19350,Region_19350
R19351,Region_19351
R19352,Region_19352
R19353,Region_19353
R19354,Region_19354
R19355,Region_19355
R19356,Region_19356
R19357,Region_19357
R19358,Region_19358
R19359,Region_19359
R19360,Region_19360
R19361,Region_19361
R19362,Region_19362
R19363,Region_19363
R19364,Region_19364
R19365,Region_19365
R19366,Region_19366
R19367,Region_19367
R19368,Region_19368
R19369,Region_19369
R19370,Region_19370
R19371,Region_19371
R19372,Region_19372
R19373,Region_19373
R19374,Region_19374
R19375,Region_19375
R19376,Region_19376
R19377,Region_19377
R19378,Region_19378
R19379,Region_19379
R19380,Region_19380
R19381,Region_19381
R19382,Region_19382
R19383,Region_19383
R19384,Region_19384
R19385,Region_19385
R19386,Region_19386
R19387,Region_19387
R19388,Region_19388
R19389,Region_19389
R19390,Region_19390
R19391,Region_19391
R19392,Region_19392
R19393,Region_19393
R19394,Region_19394
R19395,Region_19395
R19396,Region_19396
R19397,Region_19397
R19398,Region_19398
R19399,Region_19399
R19400,Region_19400
R19401,Region_19401
R19402,Region_19402
R19403,Region_19403
R19404,Region_19404
R19405,Region_19405
R19406,Region_19406
R19407,Region_19407
R19408,Region_19408
R19409,Region_19409
R19410,Region_19410
R19411,Region_19411
R19412,Region_19412
R19413,Region_19413
R19414,Region_19414
R19415,Region_19415
R19416,Region_19416
R19417,Region_19417
R19418,Region_19418
R19419,Region_19419
R19420,Region_19420
R19421,Region_19421
R19422,Region_19422
R19423,Region_19423
R19424,Region_19424
R19425,Region_19425
R19426,Region_19426
R19427,Region_19427
R19428,Region_19428
R19429,Region_19429
R19430,Region_19430
R19431,Region_19431
R19432,Region_19432
R19433,Region_19433
R19434,Region_19434
R19435,Region_19435
R19436,Region_19436
R19437,Region_19437
R19438,Region_19438
R19439,Region_19439
R19440,Region_19440
R19441,Region_19441
R19442,Region_19442
R19443,Region_19443
R19444,Region_19444
R19445,Region_19445
R19446,Region_19446
R19447,Region_19447
R19448,Region_19448
R19449,Region_19449
R19450,Region_19450
R19451,Region_19451
R19452,Region_19452
R19453,Region_19453
R19454,Region_19454
R19455,Region_19455
R19456,Region_19456
R19457,Region_19457
R19458,Region_19458
R19459,Region_19459
R19460,Region_19460
R19461,Region_19461
R19462,Region_19462
R19463,Region_19463
R19464,Region_19464
R19465,Region_19465
R19466,Region_19466
R19467,Region_19467
R19468,Region_19468
R19469,Region_19469
R19470,Region_19470
R19471,Region_19471
R19472,Region_19472
R19473,Region_19473
R19474,Region_19474
R19475,Region_19475
R19476,Region_19476
R19477,Region_19477
R19478,Region_19478
R19479,Region_19479
R19480,Region_19480
R19481,Region_19481
R19482,Region_19482
R19483,Region_19483
R19484,Region_19484
R19485,Region_19485
R19486,Region_19486
R19487,Region_19487
R19488,Region_19488
R19489,Region_19489
R19490,Region_19490
R19491,Region_19491
R19492,Region_19492
R19493,Region_19493
R19494,Region_19494
R19495,Region_19495
R19496,Region_19496
R19497,Region_19497
R19498,Region_19498
R19499,Region_19499
R19500,Region_19500
R19501,Region_19501
R19502,Region_19502
R19503,Region_19503
R19504,Region_19504
R19505,Region_19505
R19506,Region_19506
R19507,Region_19507
R19508,Region_19508
R19509,Region_19509
R19510,Region_19510
R19511,Region_19511
R19512,Region_19512
R19513,Region_19513
R19514,Region_19514
R19515,Region_19515
R19516,Region_19516
R19517,Region_19517
R19518,Region_19518
R19519,Region_19519
R19520,Region_19520
R19521,Region_19521
R19522,Region_19522
R19523,Region_19523
R19524,Region_19524
R19525,Region_19525
R19526,Region_19526
R19527,Region_19527
R19528,Region_19528
R19529,Region_19529
R19530,Region_19530
R19531,Region_19531
R19532,Region_19532
R19533,Region_19533
R19534,Region_19534
R19535,Region_19535
R19536,Region_19536
R19537,Region_19537
R19538,Region_19538
R19539,Region_19539
R19540,Region_19540
R19541,Region_19541
R19542,Region_19542
R19543,Region_19543
R19544,Region_19544
R19545,Region_19545
R19546,Region_19546
R19547,Region_19547
R19548,Region_19548
R19549,Region_19549
R19550,Region_19550
R19551,Region_19551
R19552,Region_19552
R19553,Region_19553
R19554,Region_19554
R19555,Region_19555
R19556,Region_19556
R19557,Region_19557
R19558,Region_19558
R19559,Region_19559
R19560,Region_19560
R19561,Region_19561
R19562,Region_19562
R19563,Region_19563
R19564,Region_19564
R19565,Region_19565
R19566,Region_19566
R19567,Region_19567
R19568,Region_19568
R19569,Region_19569
R19570,Region_19570
R19571,Region_19571
R19572,Region_19572
R19573,Region_19573
R19574,Region_19574
R19575,Region_19575
R19576,Region_19576
R19577,Region_19577
R19578,Region_19578
R19579,Region_19579
R19580,Region_19580
R19581,Region_19581
R19582,Region_19582
R19583,Region_19583
R19584,Region_19584
R19585,Region_19585
R19586,Region_19586
R19587,Region_19587
R19588,Region_19588
R19589,Region_19589
R19590,Region_19590
R19591,Region_19591
R19592,Region_19592
R19593,Region_19593
R19594,Region_19594
R19595,Region_19595
R19596,Region_19596
R19597,Region_19597
R19598,Region_19598
R19599,Region_19599
R19600,Region_19600
R19601,Region_19601
R19602,Region_19602
R19603,Region_19603
R19604,Region_19604
R19605,Region_19605
R19606,Region_19606
R19607,Region_19607
R19608,Region_19608
R19609,Region_19609
R19610,Region_19610
R19611,Region_19611
R19612,Region_19612
R19613,Region_19613
R19614,Region_19614
R19615,Region_19615
R19616,Region_19616
R19617,Region_19617
R19618,Region_19618
R19619,Region_19619
R19620,Region_19620
R19621,Region_19621
R19622,Region_19622
R19623,Region_19623
R19624,Region_19624
R19625,Region_19625
R19626,Region_19626
R19627,Region_19627
R19628,Region_19628
R19629,Region_19629
R19630,Region_19630
R19631,Region_19631
R19632,Region_19632
R19633,Region_19633
R19634,Region_19634
R19635,Region_19635
R19636,Region_19636
R19637,Region_19637
R19638,Region_19638
R19639,Region_19639
R19640,Region_19640
R19641,Region_19641
R19642,Region_19642
R19643,Region_19643
R19644,Region_19644
R19645,Region_19645
R19646,Region_19646
R19647,Region_19647
R19648,Region_19648
R19649,Region_19649
R19650,Region_19650
R19651,Region_19651
R19652,Region_19652
R19653,Region_19653
R19654,Region_19654
R19655,Region_19655
R19656,Region_19656
R19657,Region_19657
R19658,Region_19658
R19659,Region_19659
R19660,Region_19660
R19661,Region_19661
R19662,Region_19662
R19663,Region_19663
R19664,Region_19664
R19665,Region_19665
R19666,Region_19666
R19667,Region_19667
R19668,Region_19668
R19669,Region_19669
R19670,Region_19670
R19671,Region_19671
R19672,Region_19672
R19673,Region_19673
R19674,Region_19674
R19675,Region_19675
R19676,Region_19676
R19677,Region_19677
R19678,Region_19678
R19679,Region_19679
R19680,Region_19680
R19681,Region_19681
R19682,Region_19682
R19683,Region_19683
R19684,Region_19684
R19685,Region_19685
R19686,Region_19686
R19687,Region_19687
R19688,Region_19688
R19689,Region_19689
R19690,Region_19690
R19691,Region_19691
R19692,Region_19692
R19693,Region_19693
R19694,Region_19694
R19695,Region_19695
R19696,Region_19696
R19697,Region_19697
R19698,Region_19698
R19699,Region_19699
R19700,Region_19700
R19701,Region_19701
R19702,Region_19702
R19703,Region_19703
R19704,Region_19704
R19705,Region_19705
R19706,Region_19706
R19707,Region_19707
R19708,Region_19708
R19709,Region_19709
R19710,Region_19710
R19711,Region_19711
R19712,Region_19712
R19713,Region_19713
R19714,Region_19714
R19715,Region_19715
R19716,Region_19716
R19717,Region_19717
R19718,Region_19718
R19719,Region_19719
R19720,Region_19720
R19721,Region_19721
R19722,Region_19722
R19723,Region_19723
R19724,Region_19724
R19725,Region_19725
R19726,Region_19726
R19727,Region_19727
R19728,Region_19728
R19729,Region_19729
R19730,Region_19730
R19731,Region_19731
R19732,Region_19732
R19733,Region_19733
R19734,Region_19734
R19735,Region_19735
R19736,Region_19736
R19737,Region_19737
R19738,Region_19738
R19739,Region_19739
R19740,Region_19740
R19741,Region_19741
R19742,Region_19742
R19743,Region_19743
R19744,Region_19744
R19745,Region_19745
R19746,Region_19746
R19747,Region_19747
R19748,Region_19748
R19749,Region_19749
R19750,Region_19750
R19751,Region_19751
R19752,Region_19752
R19753,Region_19753
R19754,Region_19754
R19755,Region_19755
R19756,Region_19756
R19757,Region_19757
R19758,Region_19758
R19759,Region_19759
R19760,Region_19760
R19761,Region_19761
R19762,Region_19762
R19763,Region_19763
R19764,Region_19764
R19765,Region_19765
R19766,Region_19766
R19767,Region_19767
R19768,Region_19768
R19769,Region_19769
R19770,Region_19770
R19771,Region_19771
R19772,Region_19772
R19773,Region_19773
R19774,Region_19774
R19775,Region_19775
R19776,Region_19776
R19777,Region_19777
R19778,Region_19778
R19779,Region_19779
R19780,Region_19780
R19781,Region_19781
R19782,Region_19782
R19783,Region_19783
R19784,Region_19784
R19785,Region_19785
R19786,Region_19786
R19787,Region_19787
R19788,Region_19788
R19789,Region_19789
R19790,Region_19790
R19791,Region_19791
R19792,Region_19792
R19793,Region_19793
R19794,Region_19794
R19795,Region_19795
R19796,Region_19796
R19797,Region_19797
R19798,Region_19798
R19799,Region_19799
R19800,Region_19800
R19801,Region_19801
R19802,Region_19802
R19803,Region_19803
R19804,Region_19804
R19805,Region_19805
R19806,Region_19806
R19807,Region_19807
R19808,Region_19808
R19809,Region_19809
R19810,Region_19810
R19811,Region_19811
R19812,Region_19812
R19813,Region_19813
R19814,Region_19814
R19815,Region_19815
R19816,Region_19816
R19817,Region_19817
R19818,Region_19818
R19819,Region_19819
R19820,Region_19820
R19821,Region_19821
R19822,Region_19822
R19823,Region_19823
R19824,Region_19824
R19825,Region_19825
R19826,Region_19826
R19827,Region_19827
R19828,Region_19828
R19829,Region_19829
R19830,Region_19830
R19831,Region_19831
R19832,Region_19832
R19833,Region_19833
R19834,Region_19834
R19835,Region_19835
R19836,Region_19836
R19837,Region_19837
R19838,Region_19838
R19839,Region_19839
R19840,Region_19840
R19841,Region_19841
R19842,Region_19842
R19843,Region_19843
R19844,Region_19844
R19845,Region_19845
R19846,Region_19846
R19847,Region_19847
R19848,Region_19848
R19849,Region_19849
R19850,Region_19850
R19851,Region_19851
R19852,Region_19852
R19853,Region_19853
R19854,Region_19854
R19855,Region_19855
R19856,Region_19856
R19857,Region_19857
R19858,Region_19858
R19859,Region_19859
R19860,Region_19860
R19861,Region_19861
R19862,Region_19862
R19863,Region_19863
R19864,Region_19864
R19865,Region_19865
R19866,Region_19866
R19867,Region_19867
R19868,Region_19868
R19869,Region_19869
R19870,Region_19870
R19871,Region_19871
R19872,Region_19872
R19873,Region_19873
R19874,Region_19874
R19875,Region_19875
R19876,Region_19876
R19877,Region_19877
R19878,Region_19878
R19879,Region_19879
R19880,Region_19880
R19881,Region_19881
R19882,Region_19882
R19883,Region_19883
R19884,Region_19884
R19885,Region_19885
R19886,Region_19886
R19887,Region_19887
R19888,Region_19888
R19889,Region_19889
R19890,Region_19890
R19891,Region_19891
R19892,Region_19892
R19893,Region_19893
R19894,Region_19894
R19895,Region_19895
R19896,Region_19896
R19897,Region_19897
R19898,Region_19898
R19899,Region_19899
R19900,Region_19900
R19901,Region_19901
R19902,Region_19902
R19903,Region_19903
R19904,Region_19904
R19905,Region_19905
R19906,Region_19906
R19907,Region_19907
R19908,Region_19908
R19909,Region_19909
R19910,Region_19910
R19911,Region_19911
R19912,Region_19912
R19913,Region_19913
R19914,Region_19914
R19915,Region_19915
R19916,Region_19916
R19917,Region_19917
R19918,Region_19918
R19919,Region_19919
R19920,Region_19920
R19921,Region_19921
R19922,Region_19922
R19923,Region_19923
R19924,Region_19924
R19925,Region_19925
R19926,Region_19926
R19927,Region_19927
R19928,Region_19928
R19929,Region_19929
R19930,Region_19930
R19931,Region_19931
R19932,Region_19932
R19933,Region_19933
R19934,Region_19934
R19935,Region_19935
R19936,Region_19936
R19937,Region_19937
R19938,Region_19938
R19939,Region_19939
R19940,Region_19940
R19941,Region_19941
R19942,Region_19942
R19943,Region_19943
R19944,Region_19944
R19945,Region_19945
R19946,Region_19946
R19947,Region_19947
R19948,Region_19948
R19949,Region_19949
R19950,Region_19950
R19951,Region_19951
R19952,Region_19952
R19953,Region_19953
R19954,Region_19954
R19955,Region_19955
R19956,Region_19956
R19957,Region_19957
R19958,Region_19958
R19959,Region_19959
R19960,Region_19960
R19961,Region_19961
R19962,Region_19962
R19963,Region_19963
R19964,Region_19964
R19965,Region_19965
R19966,Region_19966
R19967,Region_19967
R19968,Region_19968
R19969,Region_19969
R19970,Region_19970
R19971,Region_19971
R19972,Region_19972
R19973,Region_19973
R19974,Region_19974
R19975,Region_19975
R19976,Region_19976
R19977,Region_19977
R19978,Region_19978
R19979,Region_19979
R19980,Region_19980
R19981,Region_19981
R19982,Region_19982
R19983,Region_19983
R19984,Region_19984
R19985,Region_19985
R19986,Region_19986
R19987,Region_19987
R19988,Region_19988
R19989,Region_19989
R19990,Region_19990
R19991,Region_19991
R19992,Region_19992
R19993,Region_19993
R19994,Region_19994
R19995,Region_19995
R19996,Region_19996
R19997,Region_19997
R19998,Region_19998
R19999,Region_19999
R20000,Region_20000
R20001,Region_20001
R20002,Region_20002
R20003,Region_20003
R20004,Region_20004
R20005,Region_20005
R20006,Region_20006
R20007,Region_20007
R20008,Region_20008
R20009,Region_20009
R20010,Region_20010
R20011,Region_20011
R20012,Region_20012
R20013,Region_20013
R20014,Region_20014
R20015,Region_20015
R20016,Region_20016
R20017,Region_20017
R20018,Region_20018
R20019,Region_20019
R20020,Region_20020
R20021,Region_20021
R20022,Region_20022
R20023,Region_20023
R20024,Region_20024
R20025,Region_20025
R20026,Region_20026
R20027,Region_20027
R20028,Region_20028
R20029,Region_20029
R20030,Region_20030
R20031,Region_20031
R20032,Region_20032
R20033,Region_20033
R20034,Region_20034
R20035,Region_20035
R20036,Region_20036
R20037,Region_20037
R20038,Region_20038
R20039,Region_20039
R20040,Region_20040
R20041,Region_20041
R20042,Region_20042
R20043,Region_20043
R20044,Region_20044
R20045,Region_20045
R20046,Region_20046
R20047,Region_20047
R20048,Region_20048
R20049,Region_20049
R20050,Region_20050
R20051,Region_20051
R20052,Region_20052
R20053,Region_20053
R20054,Region_20054
R20055,Region_20055
R20056,Region_20056
R20057,Region_20057
R20058,Region_20058
R20059,Region_20059
R20060,Region_20060
R20061,Region_20061
R20062,Region_20062
R20063,Region_20063
R20064,Region_20064
R20065,Region_20065
R20066,Region_20066
R20067,Region_20067
R20068,Region_20068
R20069,Region_20069
R20070,Region_20070
R20071,Region_20071
R20072,Region_20072
R20073,Region_20073
R20074,Region_20074
R20075,Region_20075
R20076,Region_20076
R20077,Region_20077
R20078,Region_20078
R20079,Region_20079
R20080,Region_20080
R20081,Region_20081
R20082,Region_20082
R20083,Region_20083
R20084,Region_20084
R20085,Region_20085
R20086,Region_20086
R20087,Region_20087
R20088,Region_20088
R20089,Region_20089
R20090,Region_20090
R20091,Region_20091
R20092,Region_20092
R20093,Region_20093
R20094,Region_20094
R20095,Region_20095
R20096,Region_20096
R20097,Region_20097
R20098,Region_20098
R20099,Region_20099
R20100,Region_20100
R20101,Region_20101
R20102,Region_20102
R20103,Region_20103
R20104,Region_20104
R20105,Region_20105
R20106,Region_20106
R20107,Region_20107
R20108,Region_20108
R20109,Region_20109
R20110,Region_20110
R20111,Region_20111
R20112,Region_20112
R20113,Region_20113
R20114,Region_20114
R20115,Region_20115
R20116,Region_20116
R20117,Region_20117
R20118,Region_20118
R20119,Region_20119
R20120,Region_20120
R20121,Region_20121
R20122,Region_20122
R20123,Region_20123
R20124,Region_20124
R20125,Region_20125
R20126,Region_20126
R20127,Region_20127
R20128,Region_20128
R20129,Region_20129
R20130,Region_20130
R20131,Region_20131
R20132,Region_20132
R20133,Region_20133
R20134,Region_20134
R20135,Region_20135
R20136,Region_20136
R20137,Region_20137
R20138,Region_20138
R20139,Region_20139
R20140,Region_20140
R20141,Region_20141
R20142,Region_20142
R20143,Region_20143
R20144,Region_20144
R20145,Region_20145
R20146,Region_20146
R20147,Region_20147
R20148,Region_20148
R20149,Region_20149
R20150,Region_20150
R20151,Region_20151
R20152,Region_20152
R20153,Region_20153
R20154,Region_20154
R20155,Region_20155
R20156,Region_20156
R20157,Region_20157
R20158,Region_20158
R20159,Region_20159
R20160,Region_20160
R20161,Region_20161
R20162,Region_20162
R20163,Region_20163
R20164,Region_20164
R20165,Region_20165
R20166,Region_20166
R20167,Region_20167
R20168,Region_20168
R20169,Region_20169
R20170,Region_20170
R20171,Region_20171
R20172,Region_20172
R20173,Region_20173
R20174,Region_20174
R20175,Region_20175
R20176,Region_20176
R20177,Region_20177
R20178,Region_20178
R20179,Region_20179
R20180,Region_20180
R20181,Region_20181
R20182,Region_20182
R20183,Region_20183
R20184,Region_20184
R20185,Region_20185
R20186,Region_20186
R20187,Region_20187
R20188,Region_20188
R20189,Region_20189
R20190,Region_20190
R20191,Region_20191
R20192,Region_20192
R20193,Region_20193
R20194,Region_20194
R20195,Region_20195
R20196,Region_20196
R20197,Region_20197
R20198,Region_20198
R20199,Region_20199
R20200,Region_20200
R20201,Region_20201
R20202,Region_20202
R20203,Region_20203
R20204,Region_20204
R20205,Region_20205
R20206,Region_20206
R20207,Region_20207
R20208,Region_20208
R20209,Region_20209
R20210,Region_20210
R20211,Region_20211
R20212,Region_20212
R20213,Region_20213
R20214,Region_20214
R20215,Region_20215
R20216,Region_20216
R20217,Region_20217
R20218,Region_20218
R20219,Region_20219
R20220,Region_20220
R20221,Region_20221
R20222,Region_20222
R20223,Region_20223
R20224,Region_20224
R20225,Region_20225
R20226,Region_20226
R20227,Region_20227
R20228,Region_20228
R20229,Region_20229
R20230,Region_20230
R20231,Region_20231
R20232,Region_20232
R20233,Region_20233
R20234,Region_20234
R20235,Region_20235
R20236,Region_20236
R20237,Region_20237
R20238,Region_20238
R20239,Region_20239
R20240,Region_20240
R20241,Region_20241
R20242,Region_20242
R20243,Region_20243
R20244,Region_20244
R20245,Region_20245
R20246,Region_20246
R20247,Region_20247
R20248,Region_20248
R20249,Region_20249
R20250,Region_20250
R20251,Region_20251
R20252,Region_20252
R20253,Region_20253
R20254,Region_20254
R20255,Region_20255
R20256,Region_20256
R20257,Region_20257
R20258,Region_20258
R20259,Region_20259
R20260,Region_20260
R20261,Region_20261
R20262,Region_20262
R20263,Region_20263
R20264,Region_20264
R20265,Region_20265
R20266,Region_20266
R20267,Region_20267
R20268,Region_20268
R20269,Region_20269
R20270,Region_20270
R20271,Region_20271
R20272,Region_20272
R20273,Region_20273
R20274,Region_20274
R20275,Region_20275
R20276,Region_20276
R20277,Region_20277
R20278,Region_20278
R20279,Region_20279
R20280,Region_20280
R20281,Region_20281
R20282,Region_20282
R20283,Region_20283
R20284,Region_20284
R20285,Region_20285
R20286,Region_20286
R20287,Region_20287
R20288,Region_20288
R20289,Region_20289
R20290,Region_20290
R20291,Region_20291
R20292,Region_20292
R20293,Region_20293
R20294,Region_20294
R20295,Region_20295
R20296,Region_20296
R20297,Region_20297
R20298,Region_20298
R20299,Region_20299
R20300,Region_20300
R20301,Region_20301
R20302,Region_20302
R20303,Region_20303
R20304,Region_20304
R20305,Region_20305
R20306,Region_20306
R20307,Region_20307
R20308,Region_20308
R20309,Region_20309
R20310,Region_20310
R20311,Region_20311
R20312,Region_20312
R20313,Region_20313
R20314,Region_20314
R20315,Region_20315
R20316,Region_20316
R20317,Region_20317
R20318,Region_20318
R20319,Region_20319
R20320,Region_20320
R20321,Region_20321
R20322,Region_20322
R20323,Region_20323
R20324,Region_20324
R20325,Region_20325
R20326,Region_20326
R20327,Region_20327
R20328,Region_20328
R20329,Region_20329
R20330,Region_20330
R20331,Region_20331
R20332,Region_20332
R20333,Region_20333
R20334,Region_20334
R20335,Region_20335
R20336,Region_20336
R20337,Region_20337
R20338,Region_20338
R20339,Region_20339
R20340,Region_20340
R20341,Region_20341
R20342,Region_20342
R20343,Region_20343
R20344,Region_20344
R20345,Region_20345
R20346,Region_20346
R20347,Region_20347
R20348,Region_20348
R20349,Region_20349
R20350,Region_20350
R20351,Region_20351
R20352,Region_20352
R20353,Region_20353
R20354,Region_20354
R20355,Region_20355
R20356,Region_20356
R20357,Region_20357
R20358,Region_20358
R20359,Region_20359
R20360,Region_20360
R20361,Region_20361
R20362,Region_20362
R20363,Region_20363
R20364,Region_20364
R20365,Region_20365
R20366,Region_20366
R20367,Region_20367
R20368,Region_20368
R20369,Region_20369
R20370,Region_20370
R20371,Region_20371
R20372,Region_20372
R20373,Region_20373
R20374,Region_20374
R20375,Region_20375
R20376,Region_20376
R20377,Region_20377
R20378,Region_20378
R20379,Region_20379
R20380,Region_20380
R20381,Region_20381
R20382,Region_20382
R20383,Region_20383
R20384,Region_20384
R20385,Region_20385
R20386,Region_20386
R20387,Region_20387
R20388,Region_20388
R20389,Region_20389
R20390,Region_20390
R20391,Region_20391
R20392,Region_20392
R20393,Region_20393
R20394,Region_20394
R20395,Region_20395
R20396,Region_20396
R20397,Region_20397
R20398,Region_20398
R20399,Region_20399
R20400,Region_20400
R20401,Region_20401
R20402,Region_20402
R20403,Region_20403
R20404,Region_20404
R20405,Region_20405
R20406,Region_20406
R20407,Region_20407
R20408,Region_20408
R20409,Region_20409
R20410,Region_20410
R20411,Region_20411
R20412,Region_20412
R20413,Region_20413
R20414,Region_20414
R20415,Region_20415
R20416,Region_20416
R20417,Region_20417
R20418,Region_20418
R20419,Region_20419
R20420,Region_20420
R20421,Region_20421
R20422,Region_20422
R20423,Region_20423
R20424,Region_20424
R20425,Region_20425
R20426,Region_20426
R20427,Region_20427
R20428,Region_20428
R20429,Region_20429
R20430,Region_20430
R20431,Region_20431
R20432,Region_20432
R20433,Region_20433
R20434,Region_20434
R20435,Region_20435
R20436,Region_20436
R20437,Region_20437
R20438,Region_20438
R20439,Region_20439
R20440,Region_20440
R20441,Region_20441
R20442,Region_20442
R20443,Region_20443
R20444,Region_20444
R20445,Region_20445
R20446,Region_20446
R20447,Region_20447
R20448,Region_20448
R20449,Region_20449
R20450,Region_20450
R20451,Region_20451
R20452,Region_20452
R20453,Region_20453
R20454,Region_20454
R20455,Region_20455
R20456,Region_20456
R20457,Region_20457
R20458,Region_20458
R20459,Region_20459
R20460,Region_20460
R20461,Region_20461
R20462,Region_20462
R20463,Region_20463
R20464,Region_20464
R20465,Region_20465
R20466,Region_20466
R20467,Region_20467
R20468,Region_20468
R20469,Region_20469
R20470,Region_20470
R20471,Region_20471
R20472,Region_20472
R20473,Region_20473
R20474,Region_20474
R20475,Region_20475
R20476,Region_20476
R20477,Region_20477
R20478,Region_20478
R20479,Region_20479
R20480,Region_20480
R20481,Region_20481
R20482,Region_20482
R20483,Region_20483
R20484,Region_20484
R20485,Region_20485
R20486,Region_20486
R20487,Region_20487
R20488,Region_20488
R20489,Region_20489
R20490,Region_20490
R20491,Region_20491
R20492,Region_20492
R20493,Region_20493
R20494,Region_20494
R20495,Region_20495
R20496,Region_20496
R20497,Region_20497
R20498,Region_20498
R20499,Region_20499
R20500,Region_20500
R20501,Region_20501
R20502,Region_20502
R20503,Region_20503
R20504,Region_20504
R20505,Region_20505
R20506,Region_20506
R20507,Region_20507
R20508,Region_20508
R20509,Region_20509
R20510,Region_20510
R20511,Region_20511
R20512,Region_20512
R20513,Region_20513
R20514,Region_20514
R20515,Region_20515
R20516,Region_20516
R20517,Region_20517
R20518,Region_20518
R20519,Region_20519
R20520,Region_20520
R20521,Region_20521
R20522,Region_20522
R20523,Region_20523
R20524,Region_20524
R20525,Region_20525
R20526,Region_20526
R20527,Region_20527
R20528,Region_20528
R20529,Region_20529
R20530,Region_20530
R20531,Region_20531
R20532,Region_20532
R20533,Region_20533
R20534,Region_20534
R20535,Region_20535
R20536,Region_20536
R20537,Region_20537
R20538,Region_20538
R20539,Region_20539
R20540,Region_20540
R20541,Region_20541
R20542,Region_20542
R20543,Region_20543
R20544,Region_20544
R20545,Region_20545
R20546,Region_20546
R20547,Region_20547
R20548,Region_20548
R20549,Region_20549
R20550,Region_20550
R20551,Region_20551
R20552,Region_20552
R20553,Region_20553
R20554,Region_20554
R20555,Region_20555
R20556,Region_20556
R20557,Region_20557
R20558,Region_20558
R20559,Region_20559
R20560,Region_20560
R20561,Region_20561
R20562,Region_20562
R20563,Region_20563
R20564,Region_20564
R20565,Region_20565
R20566,Region_20566
R20567,Region_20567
R20568,Region_20568
R20569,Region_20569
R20570,Region_20570
R20571,Region_20571
R20572,Region_20572
R20573,Region_20573
R20574,Region_20574
R20575,Region_20575
R20576,Region_20576
R20577,Region_20577
R20578,Region_20578
R20579,Region_20579
R20580,Region_20580
R20581,Region_20581
R20582,Region_20582
R20583,Region_20583
R20584,Region_20584
R20585,Region_20585
R20586,Region_20586
R20587,Region_20587
R20588,Region_20588
R20589,Region_20589
R20590,Region_20590
R20591,Region_20591
R20592,Region_20592
R20593,Region_20593
R20594,Region_20594
R20595,Region_20595
R20596,Region_20596
R20597,Region_20597
R20598,Region_20598
R20599,Region_20599
R20600,Region_20600
R20601,Region_20601
R20602,Region_20602
R20603,Region_20603
R20604,Region_20604
R20605,Region_20605
R20606,Region_20606
R20607,Region_20607
R20608,Region_20608
R20609,Region_20609
R20610,Region_20610
R20611,Region_20611
R20612,Region_20612
R20613,Region_20613
R20614,Region_20614
R20615,Region_20615
R20616,Region_20616
R20617,Region_20617
R20618,Region_20618
R20619,Region_20619
R20620,Region_20620
R20621,Region_20621
R20622,Region_20622
R20623,Region_20623
R20624,Region_20624
R20625,Region_20625
R20626,Region_20626
R20627,Region_20627
R20628,Region_20628
R20629,Region_20629
R20630,Region_20630
R20631,Region_20631
R20632,Region_20632
R20633,Region_20633
R20634,Region_20634
R20635,Region_20635
R20636,Region_20636
R20637,Region_20637
R20638,Region_20638
R20639,Region_20639
R20640,Region_20640
R20641,Region_20641
R20642,Region_20642
R20643,Region_20643
R20644,Region_20644
R20645,Region_20645
R20646,Region_20646
R20647,Region_20647
R20648,Region_20648
R20649,Region_20649
R20650,Region_20650
R20651,Region_20651
R20652,Region_20652
R20653,Region_20653
R20654,Region_20654
R20655,Region_20655
R20656,Region_20656
R20657,Region_20657
R20658,Region_20658
R20659,Region_20659
R20660,Region_20660
R20661,Region_20661
R20662,Region_20662
R20663,Region_20663
R20664,Region_20664
R20665,Region_20665
R20666,Region_20666
R20667,Region_20667
R20668,Region_20668
R20669,Region_20669
R20670,Region_20670
R20671,Region_20671
R20672,Region_20672
R20673,Region_20673
R20674,Region_20674
R20675,Region_20675
R20676,Region_20676
R20677,Region_20677
R20678,Region_20678
R20679,Region_20679
R20680,Region_20680
R20681,Region_20681
R20682,Region_20682
R20683,Region_20683
R20684,Region_20684
R20685,Region_20685
R20686,Region_20686
R20687,Region_20687
R20688,Region_20688
R20689,Region_20689
R20690,Region_20690
R20691,Region_20691
R20692,Region_20692
R20693,Region_20693
R20694,Region_20694
R20695,Region_20695
R20696,Region_20696
R20697,Region_20697
R20698,Region_20698
R20699,Region_20699
R20700,Region_20700
R20701,Region_20701
R20702,Region_20702
R20703,Region_20703
R20704,Region_20704
R20705,Region_20705
R20706,Region_20706
R20707,Region_20707
R20708,Region_20708
R20709,Region_20709
R20710,Region_20710
R20711,Region_20711
R20712,Region_20712
R20713,Region_20713
R20714,Region_20714
R20715,Region_20715
R20716,Region_20716
R20717,Region_20717
R20718,Region_20718
R20719,Region_20719
R20720,Region_20720
R20721,Region_20721
R20722,Region_20722
R20723,Region_20723
R20724,Region_20724
R20725,Region_20725
R20726,Region_20726
R20727,Region_20727
R20728,Region_20728
R20729,Region_20729
R20730,Region_20730
R20731,Region_20731
R20732,Region_20732
R20733,Region_20733
R20734,Region_20734
R20735,Region_20735
R20736,Region_20736
R20737,Region_20737
R20738,Region_20738
R20739,Region_20739
R20740,Region_20740
R20741,Region_20741
R20742,Region_20742
R20743,Region_20743
R20744,Region_20744
R20745,Region_20745
R20746,Region_20746
R20747,Region_20747
R20748,Region_20748
R20749,Region_20749
R20750,Region_20750
R20751,Region_20751
R20752,Region_20752
R20753,Region_20753
R20754,Region_20754
R20755,Region_20755
R20756,Region_20756
R20757,Region_20757
R20758,Region_20758
R20759,Region_20759
R20760,Region_20760
R20761,Region_20761
R20762,Region_20762
R20763,Region_20763
R20764,Region_20764
R20765,Region_20765
R20766,Region_20766
R20767,Region_20767
R20768,Region_20768
R20769,Region_20769
R20770,Region_20770
R20771,Region_20771
R20772,Region_20772
R20773,Region_20773
R20774,Region_20774
R20775,Region_20775
R20776,Region_20776
R20777,Region_20777
R20778,Region_20778
R20779,Region_20779
R20780,Region_20780
R20781,Region_20781
R20782,Region_20782
R20783,Region_20783
R20784,Region_20784
R20785,Region_20785
R20786,Region_20786
R20787,Region_20787
R20788,Region_20788
R20789,Region_20789
R20790,Region_20790
R20791,Region_20791
R20792,Region_20792
R20793,Region_20793
R20794,Region_20794
R20795,Region_20795
R20796,Region_20796
R20797,Region_20797
R20798,Region_20798
R20799,Region_20799
R20800,Region_20800
R20801,Region_20801
R20802,Region_20802
R20803,Region_20803
R20804,Region_20804
R20805,Region_20805
R20806,Region_20806
R20807,Region_20807
R20808,Region_20808
R20809,Region_20809
R20810,Region_20810
R20811,Region_20811
R20812,Region_20812
R20813,Region_20813
R20814,Region_20814
R20815,Region_20815
R20816,Region_20816
R20817,Region_20817
R20818,Region_20818
R20819,Region_20819
R20820,Region_20820
R20821,Region_20821
R20822,Region_20822
R20823,Region_20823
R20824,Region_20824
R20825,Region_20825
R20826,Region_20826
R20827,Region_20827
R20828,Region_20828
R20829,Region_20829
R20830,Region_20830
R20831,Region_20831
R20832,Region_20832
R20833,Region_20833
R20834,Region_20834
R20835,Region_20835
R20836,Region_20836
R20837,Region_20837
R20838,Region_20838
R20839,Region_20839
R20840,Region_20840
R20841,Region_20841
R20842,Region_20842
R20843,Region_20843
R20844,Region_20844
R20845,Region_20845
R20846,Region_20846
R20847,Region_20847
R20848,Region_20848
R20849,Region_20849
R20850,Region_20850
R20851,Region_20851
R20852,Region_20852
R20853,Region_20853
R20854,Region_20854
R20855,Region_20855
R20856,Region_20856
R20857,Region_20857
R20858,Region_20858
R20859,Region_20859
R20860,Region_20860
R20861,Region_20861
R20862,Region_20862
R20863,Region_20863
R20864,Region_20864
R20865,Region_20865
R20866,Region_20866
R20867,Region_20867
R20868,Region_20868
R20869,Region_20869
R20870,Region_20870
R20871,Region_20871
R20872,Region_20872
R20873,Region_20873
R20874,Region_20874
R20875,Region_20875
R20876,Region_20876
R20877,Region_20877
R20878,Region_20878
R20879,Region_20879
R20880,Region_20880
R20881,Region_20881
R20882,Region_20882
R20883,Region_20883
R20884,Region_20884
R20885,Region_20885
R20886,Region_20886
R20887,Region_20887
R20888,Region_20888
R20889,Region_20889
R20890,Region_20890
R20891,Region_20891
R20892,Region_20892
R20893,Region_20893
R20894,Region_20894
R20895,Region_20895
R20896,Region_20896
R20897,Region_20897
R20898,Region_20898
R20899,Region_20899
R20900,Region_20900
R20901,Region_20901
R20902,Region_20902
R20903,Region_20903
R20904,Region_20904
R20905,Region_20905
R20906,Region_20906
R20907,Region_20907
R20908,Region_20908
R20909,Region_20909
R20910,Region_20910
R20911,Region_20911
R20912,Region_20912
R20913,Region_20913
R20914,Region_20914
R20915,Region_20915
R20916,Region_20916
R20917,Region_20917
R20918,Region_20918
R20919,Region_20919
R20920,Region_20920
R20921,Region_20921
R20922,Region_20922
R20923,Region_20923
R20924,Region_20924
R20925,Region_20925
R20926,Region_20926
R20927,Region_20927
R20928,Region_20928
R20929,Region_20929
R20930,Region_20930
R20931,Region_20931
R20932,Region_20932
R20933,Region_20933
R20934,Region_20934
R20935,Region_20935
R20936,Region_20936
R20937,Region_20937
R20938,Region_20938
R20939,Region_20939
R20940,Region_20940
R20941,Region_20941
R20942,Region_20942
R20943,Region_20943
R20944,Region_20944
R20945,Region_20945
R20946,Region_20946
R20947,Region_20947
R20948,Region_20948
R20949,Region_20949
R20950,Region_20950
R20951,Region_20951
R20952,Region_20952
R20953,Region_20953
R20954,Region_20954
R20955,Region_20955
R20956,Region_20956
R20957,Region_20957
R20958,Region_20958
R20959,Region_20959
R20960,Region_20960
R20961,Region_20961
R20962,Region_20962
R20963,Region_20963
R20964,Region_20964
R20965,Region_20965
R20966,Region_20966
R20967,Region_20967
R20968,Region_20968
R20969,Region_20969
R20970,Region_20970
R20971,Region_20971
R20972,Region_20972
R20973,Region_20973
R20974,Region_20974
R20975,Region_20975
R20976,Region_20976
R20977,Region_20977
R20978,Region_20978
R20979,Region_20979
R20980,Region_20980
R20981,Region_20981
R20982,Region_20982
R20983,Region_20983
R20984,Region_20984
R20985,Region_20985
R20986,Region_20986
R20987,Region_20987
R20988,Region_20988
R20989,Region_20989
R20990,Region_20990
R20991,Region_20991
R20992,Region_20992
R20993,Region_20993
R20994,Region_20994
R20995,Region_20995
R20996,Region_20996
R20997,Region_20997
R20998,Region_20998
R20999,Region_20999
R21000,Region_21000
R21001,Region_21001
R21002,Region_21002
R21003,Region_21003
R21004,Region_21004
R21005,Region_21005
R21006,Region_21006
R21007,Region_21007
R21008,Region_21008
R21009,Region_21009
R21010,Region_21010
R21011,Region_21011
R21012,Region_21012
R21013,Region_21013
R21014,Region_21014
R21015,Region_21015
R21016,Region_21016
R21017,Region_21017
R21018,Region_21018
R21019,Region_21019
R21020,Region_21020
R21021,Region_21021
R21022,Region_21022
R21023,Region_21023
R21024,Region_21024
R21025,Region_21025
R21026,Region_21026
R21027,Region_21027
R21028,Region_21028
R21029,Region_21029
R21030,Region_21030
R21031,Region_21031
R21032,Region_21032
R21033,Region_21033
R21034,Region_21034
R21035,Region_21035
R21036,Region_21036
R21037,Region_21037
R21038,Region_21038
R21039,Region_21039
R21040,Region_21040
R21041,Region_21041
R21042,Region_21042
R21043,Region_21043
R21044,Region_21044
R21045,Region_21045
R21046,Region_21046
R21047,Region_21047
R21048,Region_21048
R21049,Region_21049
R21050,Region_21050
R21051,Region_21051
R21052,Region_21052
R21053,Region_21053
R21054,Region_21054
R21055,Region_21055
R21056,Region_21056
R21057,Region_21057
R21058,Region_21058
R21059,Region_21059
R21060,Region_21060
R21061,Region_21061
R21062,Region_21062
R21063,Region_21063
R21064,Region_21064
R21065,Region_21065
R21066,Region_21066
R21067,Region_21067
R21068,Region_21068
R21069,Region_21069
R21070,Region_21070
R21071,Region_21071
R21072,Region_21072
R21073,Region_21073
R21074,Region_21074
R21075,Region_21075
R21076,Region_21076
R21077,Region_21077
R21078,Region_21078
R21079,Region_21079
R21080,Region_21080
R21081,Region_21081
R21082,Region_21082
R21083,Region_21083
R21084,Region_21084
R21085,Region_21085
R21086,Region_21086
R21087,Region_21087
R21088,Region_21088
R21089,Region_21089
R21090,Region_21090
R21091,Region_21091
R21092,Region_21092
R21093,Region_21093
R21094,Region_21094
R21095,Region_21095
R21096,Region_21096
R21097,Region_21097
R21098,Region_21098
R21099,Region_21099
R21100,Region_21100
R21101,Region_21101
R21102,Region_21102
R21103,Region_21103
R21104,Region_21104
R21105,Region_21105
R21106,Region_21106
R21107,Region_21107
R21108,Region_21108
R21109,Region_21109
R21110,Region_21110
R21111,Region_21111
R21112,Region_21112
R21113,Region_21113
R21114,Region_21114
R21115,Region_21115
R21116,Region_21116
R21117,Region_21117
R21118,Region_21118
R21119,Region_21119
R21120,Region_21120
R21121,Region_21121
R21122,Region_21122
R21123,Region_21123
R21124,Region_21124
R21125,Region_21125
R21126,Region_21126
R21127,Region_21127
R21128,Region_21128
R21129,Region_21129
R21130,Region_21130
R21131,Region_21131
R21132,Region_21132
R21133,Region_21133
R21134,Region_21134
R21135,Region_21135
R21136,Region_21136
R21137,Region_21137
R21138,Region_21138
R21139,Region_21139
R21140,Region_21140
R21141,Region_21141
R21142,Region_21142
R21143,Region_21143
R21144,Region_21144
R21145,Region_21145
R21146,Region_21146
R21147,Region_21147
R21148,Region_21148
R21149,Region_21149
R21150,Region_21150
R21151,Region_21151
R21152,Region_21152
R21153,Region_21153
R21154,Region_21154
R21155,Region_21155
R21156,Region_21156
R21157,Region_21157
R21158,Region_21158
R21159,Region_21159
R21160,Region_21160
R21161,Region_21161
R21162,Region_21162
R21163,Region_21163
R21164,Region_21164
R21165,Region_21165
R21166,Region_21166
R21167,Region_21167
R21168,Region_21168
R21169,Region_21169
R21170,Region_21170
R21171,Region_21171
R21172,Region_21172
R21173,Region_21173
R21174,Region_21174
R21175,Region_21175
R21176,Region_21176
R21177,Region_21177
R21178,Region_21178
R21179,Region_21179
R21180,Region_21180
R21181,Region_21181
R21182,Region_21182
R21183,Region_21183
R21184,Region_21184
R21185,Region_21185
R21186,Region_21186
R21187,Region_21187
R21188,Region_21188
R21189,Region_21189
R21190,Region_21190
R21191,Region_21191
R21192,Region_21192
R21193,Region_21193
R21194,Region_21194
R21195,Region_21195
R21196,Region_21196
R21197,Region_21197
R21198,Region_21198
R21199,Region_21199
R21200,Region_21200
R21201,Region_21201
R21202,Region_21202
R21203,Region_21203
R21204,Region_21204
R21205,Region_21205
R21206,Region_21206
R21207,Region_21207
R21208,Region_21208
R21209,Region_21209
R21210,Region_21210
R21211,Region_21211
R21212,Region_21212
R21213,Region_21213
R21214,Region_21214
R21215,Region_21215
R21216,Region_21216
R21217,Region_21217
R21218,Region_21218
R21219,Region_21219
R21220,Region_21220
R21221,Region_21221
R21222,Region_21222
R21223,Region_21223
R21224,Region_21224
R21225,Region_21225
R21226,Region_21226
R21227,Region_21227
R21228,Region_21228
R21229,Region_21229
R21230,Region_21230
R21231,Region_21231
R21232,Region_21232
R21233,Region_21233
R21234,Region_21234
R21235,Region_21235
R21236,Region_21236
R21237,Region_21237
R21238,Region_21238
R21239,Region_21239
R21240,Region_21240
R21241,Region_21241
R21242,Region_21242
R21243,Region_21243
R21244,Region_21244
R21245,Region_21245
R21246,Region_21246
R21247,Region_21247
R21248,Region_21248
R21249,Region_21249
R21250,Region_21250
R21251,Region_21251
R21252,Region_21252
R21253,Region_21253
R21254,Region_21254
R21255,Region_21255
R21256,Region_21256
R21257,Region_21257
R21258,Region_21258
R21259,Region_21259
R21260,Region_21260
R21261,Region_21261
R21262,Region_21262
R21263,Region_21263
R21264,Region_21264
R21265,Region_21265
R21266,Region_21266
R21267,Region_21267
R21268,Region_21268
R21269,Region_21269
R21270,Region_21270
R21271,Region_21271
R21272,Region_21272
R21273,Region_21273
R21274,Region_21274
R21275,Region_21275
R21276,Region_21276
R21277,Region_21277
R21278,Region_21278
R21279,Region_21279
R21280,Region_21280
R21281,Region_21281
R21282,Region_21282
R21283,Region_21283
R21284,Region_21284
R21285,Region_21285
R21286,Region_21286
R21287,Region_21287
R21288,Region_21288
R21289,Region_21289
R21290,Region_21290
R21291,Region_21291
R21292,Region_21292
R21293,Region_21293
R21294,Region_21294
R21295,Region_21295
R21296,Region_21296
R21297,Region_21297
R21298,Region_21298
R21299,Region_21299
R21300,Region_21300
R21301,Region_21301
R21302,Region_21302
R21303,Region_21303
R21304,Region_21304
R21305,Region_21305
R21306,Region_21306
R21307,Region_21307
R21308,Region_21308
R21309,Region_21309
R21310,Region_21310
R21311,Region_21311
R21312,Region_21312
R21313,Region_21313
R21314,Region_21314
R21315,Region_21315
R21316,Region_21316
R21317,Region_21317
R21318,Region_21318
R21319,Region_21319
R21320,Region_21320
R21321,Region_21321
R21322,Region_21322
R21323,Region_21323
R21324,Region_21324
R21325,Region_21325
R21326,Region_21326
R21327,Region_21327
R21328,Region_21328
R21329,Region_21329
R21330,Region_21330
R21331,Region_21331
R21332,Region_21332
R21333,Region_21333
R21334,Region_21334
R21335,Region_21335
R21336,Region_21336
R21337,Region_21337
R21338,Region_21338
R21339,Region_21339
R21340,Region_21340
R21341,Region_21341
R21342,Region_21342
R21343,Region_21343
R21344,Region_21344
R21345,Region_21345
R21346,Region_21346
R21347,Region_21347
R21348,Region_21348
R21349,Region_21349
R21350,Region_21350
R21351,Region_21351
R21352,Region_21352
R21353,Region_21353
R21354,Region_21354
R21355,Region_21355
R21356,Region_21356
R21357,Region_21357
R21358,Region_21358
R21359,Region_21359
R21360,Region_21360
R21361,Region_21361
R21362,Region_21362
R21363,Region_21363
R21364,Region_21364
R21365,Region_21365
R21366,Region_21366
R21367,Region_21367
R21368,Region_21368
R21369,Region_21369
R21370,Region_21370
R21371,Region_21371
R21372,Region_21372
R21373,Region_21373
R21374,Region_21374
R21375,Region_21375
R21376,Region_21376
R21377,Region_21377
R21378,Region_21378
R21379,Region_21379
R21380,Region_21380
R21381,Region_21381
R21382,Region_21382
R21383,Region_21383
R21384,Region_21384
R21385,Region_21385
R21386,Region_21386
R21387,Region_21387
R21388,Region_21388
R21389,Region_21389
R21390,Region_21390
R21391,Region_21391
R21392,Region_21392
R21393,Region_21393
R21394,Region_21394
R21395,Region_21395
R21396,Region_21396
R21397,Region_21397
R21398,Region_21398
R21399,Region_21399
R21400,Region_21400
R21401,Region_21401
R21402,Region_21402
R21403,Region_21403
R21404,Region_21404
R21405,Region_21405
R21406,Region_21406
R21407,Region_21407
R21408,Region_21408
R21409,Region_21409
R21410,Region_21410
R21411,Region_21411
R21412,Region_21412
R21413,Region_21413
R21414,Region_21414
R21415,Region_21415
R21416,Region_21416
R21417,Region_21417
R21418,Region_21418
R21419,Region_21419
R21420,Region_21420
R21421,Region_21421
R21422,Region_21422
R21423,Region_21423
R21424,Region_21424
R21425,Region_21425
R21426,Region_21426
R21427,Region_21427
R21428,Region_21428
R21429,Region_21429
R21430,Region_21430
R21431,Region_21431
R21432,Region_21432
R21433,Region_21433
R21434,Region_21434
R21435,Region_21435
R21436,Region_21436
R21437,Region_21437
R21438,Region_21438
R21439,Region_21439
R21440,Region_21440
R21441,Region_21441
R21442,Region_21442
R21443,Region_21443
R21444,Region_21444
R21445,Region_21445
R21446,Region_21446
R21447,Region_21447
R21448,Region_21448
R21449,Region_21449
R21450,Region_21450
R21451,Region_21451
R21452,Region_21452
R21453,Region_21453
R21454,Region_21454
R21455,Region_21455
R21456,Region_21456
R21457,Region_21457
R21458,Region_21458
R21459,Region_21459
R21460,Region_21460
R21461,Region_21461
R21462,Region_21462
R21463,Region_21463
R21464,Region_21464
R21465,Region_21465
R21466,Region_21466
R21467,Region_21467
R21468,Region_21468
R21469,Region_21469
R21470,Region_21470
R21471,Region_21471
R21472,Region_21472
R21473,Region_21473
R21474,Region_21474
R21475,Region_21475
R21476,Region_21476
R21477,Region_21477
R21478,Region_21478
R21479,Region_21479
R21480,Region_21480
R21481,Region_21481
R21482,Region_21482
R21483,Region_21483
R21484,Region_21484
R21485,Region_21485
R21486,Region_21486
R21487,Region_21487
R21488,Region_21488
R21489,Region_21489
R21490,Region_21490
R21491,Region_21491
R21492,Region_21492
R21493,Region_21493
R21494,Region_21494
R21495,Region_21495
R21496,Region_21496
R21497,Region_21497
R21498,Region_21498
R21499,Region_21499
R21500,Region_21500
R21501,Region_21501
R21502,Region_21502
R21503,Region_21503
R21504,Region_21504
R21505,Region_21505
R21506,Region_21506
R21507,Region_21507
R21508,Region_21508
R21509,Region_21509
R21510,Region_21510
R21511,Region_21511
R21512,Region_21512
R21513,Region_21513
R21514,Region_21514
R21515,Region_21515
R21516,Region_21516
R21517,Region_21517
R21518,Region_21518
R21519,Region_21519
R21520,Region_21520
R21521,Region_21521
R21522,Region_21522
R21523,Region_21523
R21524,Region_21524
R21525,Region_21525
R21526,Region_21526
R21527,Region_21527
R21528,Region_21528
R21529,Region_21529
R21530,Region_21530
R21531,Region_21531
R21532,Region_21532
R21533,Region_21533
R21534,Region_21534
R21535,Region_21535
R21536,Region_21536
R21537,Region_21537
R21538,Region_21538
R21539,Region_21539
R21540,Region_21540
R21541,Region_21541
R21542,Region_21542
R21543,Region_21543
R21544,Region_21544
R21545,Region_21545
R21546,Region_21546
R21547,Region_21547
R21548,Region_21548
R21549,Region_21549
R21550,Region_21550
R21551,Region_21551
R21552,Region_21552
R21553,Region_21553
R21554,Region_21554
R21555,Region_21555
R21556,Region_21556
R21557,Region_21557
R21558,Region_21558
R21559,Region_21559
R21560,Region_21560
R21561,Region_21561
R21562,Region_21562
R21563,Region_21563
R21564,Region_21564
R21565,Region_21565
R21566,Region_21566
R21567,Region_21567
R21568,Region_21568
R21569,Region_21569
R21570,Region_21570
R21571,Region_21571
R21572,Region_21572
R21573,Region_21573
R21574,Region_21574
R21575,Region_21575
R21576,Region_21576
R21577,Region_21577
R21578,Region_21578
R21579,Region_21579
R21580,Region_21580
R21581,Region_21581
R21582,Region_21582
R21583,Region_21583
R21584,Region_21584
R21585,Region_21585
R21586,Region_21586
R21587,Region_21587
R21588,Region_21588
R21589,Region_21589
R21590,Region_21590
R21591,Region_21591
R21592,Region_21592
R21593,Region_21593
R21594,Region_21594
R21595,Region_21595
R21596,Region_21596
R21597,Region_21597
R21598,Region_21598
R21599,Region_21599
R21600,Region_21600
R21601,Region_21601
R21602,Region_21602
R21603,Region_21603
R21604,Region_21604
R21605,Region_21605
R21606,Region_21606
R21607,Region_21607
R21608,Region_21608
R21609,Region_21609
R21610,Region_21610
R21611,Region_21611
R21612,Region_21612
R21613,Region_21613
R21614,Region_21614
R21615,Region_21615
R21616,Region_21616
R21617,Region_21617
R21618,Region_21618
R21619,Region_21619
R21620,Region_21620
R21621,Region_21621
R21622,Region_21622
R21623,Region_21623
R21624,Region_21624
R21625,Region_21625
R21626,Region_21626
R21627,Region_21627
R21628,Region_21628
R21629,Region_21629
R21630,Region_21630
R21631,Region_21631
R21632,Region_21632
R21633,Region_21633
R21634,Region_21634
R21635,Region_21635
R21636,Region_21636
R21637,Region_21637
R21638,Region_21638
R21639,Region_21639
R21640,Region_21640
R21641,Region_21641
R21642,Region_21642
R21643,Region_21643
R21644,Region_21644
R21645,Region_21645
R21646,Region_21646
R21647,Region_21647
R21648,Region_21648
R21649,Region_21649
R21650,Region_21650
R21651,Region_21651
R21652,Region_21652
R21653,Region_21653
R21654,Region_21654
R21655,Region_21655
R21656,Region_21656
R21657,Region_21657
R21658,Region_21658
R21659,Region_21659
R21660,Region_21660
R21661,Region_21661
R21662,Region_21662
R21663,Region_21663
R21664,Region_21664
R21665,Region_21665
R21666,Region_21666
R21667,Region_21667
R21668,Region_21668
R21669,Region_21669
R21670,Region_21670
R21671,Region_21671
R21672,Region_21672
R21673,Region_21673
R21674,Region_21674
R21675,Region_21675
R21676,Region_21676
R21677,Region_21677
R21678,Region_21678
R21679,Region_21679
R21680,Region_21680
R21681,Region_21681
R21682,Region_21682
R21683,Region_21683
R21684,Region_21684
R21685,Region_21685
R21686,Region_21686
R21687,Region_21687
R21688,Region_21688
R21689,Region_21689
R21690,Region_21690
R21691,Region_21691
R21692,Region_21692
R21693,Region_21693
R21694,Region_21694
R21695,Region_21695
R21696,Region_21696
R21697,Region_21697
R21698,Region_21698
R21699,Region_21699
R21700,Region_21700
R21701,Region_21701
R21702,Region_21702
R21703,Region_21703
R21704,Region_21704
R21705,Region_21705
R21706,Region_21706
R21707,Region_21707
R21708,Region_21708
R21709,Region_21709
R21710,Region_21710
R21711,Region_21711
R21712,Region_21712
R21713,Region_21713
R21714,Region_21714
R21715,Region_21715
R21716,Region_21716
R21717,Region_21717
R21718,Region_21718
R21719,Region_21719
R21720,Region_21720
R21721,Region_21721
R21722,Region_21722
R21723,Region_21723
R21724,Region_21724
R21725,Region_21725
R21726,Region_21726
R21727,Region_21727
R21728,Region_21728
R21729,Region_21729
R21730,Region_21730
R21731,Region_21731
R21732,Region_21732
R21733,Region_21733
R21734,Region_21734
R21735,Region_21735
R21736,Region_21736
R21737,Region_21737
R21738,Region_21738
R21739,Region_21739
R21740,Region_21740
R21741,Region_21741
R21742,Region_21742
R21743,Region_21743
R21744,Region_21744
R21745,Region_21745
R21746,Region_21746
R21747,Region_21747
R21748,Region_21748
R21749,Region_21749
R21750,Region_21750
R21751,Region_21751
R21752,Region_21752
R21753,Region_21753
R21754,Region_21754
R21755,Region_21755
R21756,Region_21756
R21757,Region_21757
R21758,Region_21758
R21759,Region_21759
R21760,Region_21760
R21761,Region_21761
R21762,Region_21762
R21763,Region_21763
R21764,Region_21764
R21765,Region_21765
R21766,Region_21766
R21767,Region_21767
R21768,Region_21768
R21769,Region_21769
R21770,Region_21770
R21771,Region_21771
R21772,Region_21772
R21773,Region_21773
R21774,Region_21774
R21775,Region_21775
R21776,Region_21776
R21777,Region_21777
R21778,Region_21778
R21779,Region_21779
R21780,Region_21780
R21781,Region_21781
R21782,Region_21782
R21783,Region_21783
R21784,Region_21784
R21785,Region_21785
R21786,Region_21786
R21787,Region_21787
R21788,Region_21788
R21789,Region_21789
R21790,Region_21790
R21791,Region_21791
R21792,Region_21792
R21793,Region_21793
R21794,Region_21794
R21795,Region_21795
R21796,Region_21796
R21797,Region_21797
R21798,Region_21798
R21799,Region_21799
R21800,Region_21800
R21801,Region_21801
R21802,Region_21802
R21803,Region_21803
R21804,Region_21804
R21805,Region_21805
R21806,Region_21806
R21807,Region_21807
R21808,Region_21808
R21809,Region_21809
R21810,Region_21810
R21811,Region_21811
R21812,Region_21812
R21813,Region_21813
R21814,Region_21814
R21815,Region_21815
R21816,Region_21816
R21817,Region_21817
R21818,Region_21818
R21819,Region_21819
R21820,Region_21820
R21821,Region_21821
R21822,Region_21822
R21823,Region_21823
R21824,Region_21824
R21825,Region_21825
R21826,Region_21826
R21827,Region_21827
R21828,Region_21828
R21829,Region_21829
R21830,Region_21830
R21831,Region_21831
R21832,Region_21832
R21833,Region_21833
R21834,Region_21834
R21835,Region_21835
R21836,Region_21836
R21837,Region_21837
R21838,Region_21838
R21839,Region_21839
R21840,Region_21840
R21841,Region_21841
R21842,Region_21842
R21843,Region_21843
R21844,Region_21844
R21845,Region_21845
R21846,Region_21846
R21847,Region_21847
R21848,Region_21848
R21849,Region_21849
R21850,Region_21850
R21851,Region_21851
R21852,Region_21852
R21853,Region_21853
R21854,Region_21854
R21855,Region_21855
R21856,Region_21856
R21857,Region_21857
R21858,Region_21858
R21859,Region_21859
R21860,Region_21860
R21861,Region_21861
R21862,Region_21862
R21863,Region_21863
R21864,Region_21864
R21865,Region_21865
R21866,Region_21866
R21867,Region_21867
R21868,Region_21868
R21869,Region_21869
R21870,Region_21870
R21871,Region_21871
R21872,Region_21872
R21873,Region_21873
R21874,Region_21874
R21875,Region_21875
R21876,Region_21876
R21877,Region_21877
R21878,Region_21878
R21879,Region_21879
R21880,Region_21880
R21881,Region_21881
R21882,Region_21882
R21883,Region_21883
R21884,Region_21884
R21885,Region_21885
R21886,Region_21886
R21887,Region_21887
R21888,Region_21888
R21889,Region_21889
R21890,Region_21890
R21891,Region_21891
R21892,Region_21892
R21893,Region_21893
R21894,Region_21894
R21895,Region_21895
R21896,Region_21896
R21897,Region_21897
R21898,Region_21898
R21899,Region_21899
R21900,Region_21900
R21901,Region_21901
R21902,Region_21902
R21903,Region_21903
R21904,Region_21904
R21905,Region_21905
R21906,Region_21906
R21907,Region_21907
R21908,Region_21908
R21909,Region_21909
R21910,Region_21910
R21911,Region_21911
R21912,Region_21912
R21913,Region_21913
R21914,Region_21914
R21915,Region_21915
R21916,Region_21916
R21917,Region_21917
R21918,Region_21918
R21919,Region_21919
R21920,Region_21920
R21921,Region_21921
R21922,Region_21922
R21923,Region_21923
R21924,Region_21924
R21925,Region_21925
R21926,Region_21926
R21927,Region_21927
R21928,Region_21928
R21929,Region_21929
R21930,Region_21930
R21931,Region_21931
R21932,Region_21932
R21933,Region_21933
R21934,Region_21934
R21935,Region_21935
R21936,Region_21936
R21937,Region_21937
R21938,Region_21938
R21939,Region_21939
R21940,Region_21940
R21941,Region_21941
R21942,Region_21942
R21943,Region_21943
R21944,Region_21944
R21945,Region_21945
R21946,Region_21946
R21947,Region_21947
R21948,Region_21948
R21949,Region_21949
R21950,Region_21950
R21951,Region_21951
R21952,Region_21952
R21953,Region_21953
R21954,Region_21954
R21955,Region_21955
R21956,Region_21956
R21957,Region_21957
R21958,Region_21958
R21959,Region_21959
R21960,Region_21960
R21961,Region_21961
R21962,Region_21962
R21963,Region_21963
R21964,Region_21964
R21965,Region_21965
R21966,Region_21966
R21967,Region_21967
R21968,Region_21968
R21969,Region_21969
R21970,Region_21970
R21971,Region_21971
R21972,Region_21972
R21973,Region_21973
R21974,Region_21974
R21975,Region_21975
R21976,Region_21976
R21977,Region_21977
R21978,Region_21978
R21979,Region_21979
R21980,Region_21980
R21981,Region_21981
R21982,Region_21982
R21983,Region_21983
R21984,Region_21984
R21985,Region_21985
R21986,Region_21986
R21987,Region_21987
R21988,Region_21988
R21989,Region_21989
R21990,Region_21990
R21991,Region_21991
R21992,Region_21992
R21993,Region_21993
R21994,Region_21994
R21995,Region_21995
R21996,Region_21996
R21997,Region_21997
R21998,Region_21998
R21999,Region_21999
R22000,Region_22000
R22001,Region_22001
R22002,Region_22002
R22003,Region_22003
R22004,Region_22004
R22005,Region_22005
R22006,Region_22006
R22007,Region_22007
R22008,Region_22008
R22009,Region_22009
R22010,Region_22010
R22011,Region_22011
R22012,Region_22012
R22013,Region_22013
R22014,Region_22014
R22015,Region_22015
R22016,Region_22016
R22017,Region_22017
R22018,Region_22018
R22019,Region_22019
R22020,Region_22020
R22021,Region_22021
R22022,Region_22022
R22023,Region_22023
R22024,Region_22024
R22025,Region_22025
R22026,Region_22026
R22027,Region_22027
R22028,Region_22028
R22029,Region_22029
R22030,Region_22030
R22031,Region_22031
R22032,Region_22032
R22033,Region_22033
R22034,Region_22034
R22035,Region_22035
R22036,Region_22036
R22037,Region_22037
R22038,Region_22038
R22039,Region_22039
R22040,Region_22040
R22041,Region_22041
R22042,Region_22042
R22043,Region_22043
R22044,Region_22044
R22045,Region_22045
R22046,Region_22046
R22047,Region_22047
R22048,Region_22048
R22049,Region_22049
R22050,Region_22050
R22051,Region_22051
R22052,Region_22052
R22053,Region_22053
R22054,Region_22054
R22055,Region_22055
R22056,Region_22056
R22057,Region_22057
R22058,Region_22058
R22059,Region_22059
R22060,Region_22060
R22061,Region_22061
R22062,Region_22062
R22063,Region_22063
R22064,Region_22064
R22065,Region_22065
R22066,Region_22066
R22067,Region_22067
R22068,Region_22068
R22069,Region_22069
R22070,Region_22070
R22071,Region_22071
R22072,Region_22072
R22073,Region_22073
R22074,Region_22074
R22075,Region_22075
R22076,Region_22076
R22077,Region_22077
R22078,Region_22078
R22079,Region_22079
R22080,Region_22080
R22081,Region_22081
R22082,Region_22082
R22083,Region_22083
R22084,Region_22084
R22085,Region_22085
R22086,Region_22086
R22087,Region_22087
R22088,Region_22088
R22089,Region_22089
R22090,Region_22090
R22091,Region_22091
R22092,Region_22092
R22093,Region_22093
R22094,Region_22094
R22095,Region_22095
R22096,Region_22096
R22097,Region_22097
R22098,Region_22098
R22099,Region_22099
R22100,Region_22100
R22101,Region_22101
R22102,Region_22102
R22103,Region_22103
R22104,Region_22104
R22105,Region_22105
R22106,Region_22106
R22107,Region_22107
R22108,Region_22108
R22109,Region_22109
R22110,Region_22110
R22111,Region_22111
R22112,Region_22112
R22113,Region_22113
R22114,Region_22114
R22115,Region_22115
R22116,Region_22116
R22117,Region_22117
R22118,Region_22118
R22119,Region_22119
R22120,Region_22120
R22121,Region_22121
R22122,Region_22122
R22123,Region_22123
R22124,Region_22124
R22125,Region_22125
R22126,Region_22126
R22127,Region_22127
R22128,Region_22128
R22129,Region_22129
R22130,Region_22130
R22131,Region_22131
R22132,Region_22132
R22133,Region_22133
R22134,Region_22134
R22135,Region_22135
R22136,Region_22136
R22137,Region_22137
R22138,Region_22138
R22139,Region_22139
R22140,Region_22140
R22141,Region_22141
R22142,Region_22142
R22143,Region_22143
R22144,Region_22144
R22145,Region_22145
R22146,Region_22146
R22147,Region_22147
R22148,Region_22148
R22149,Region_22149
R22150,Region_22150
R22151,Region_22151
R22152,Region_22152
R22153,Region_22153
R22154,Region_22154
R22155,Region_22155
R22156,Region_22156
R22157,Region_22157
R22158,Region_22158
R22159,Region_22159
R22160,Region_22160
R22161,Region_22161
R22162,Region_22162
R22163,Region_22163
R22164,Region_22164
R22165,Region_22165
R22166,Region_22166
R22167,Region_22167
R22168,Region_22168
R22169,Region_22169
R22170,Region_22170
R22171,Region_22171
R22172,Region_22172
R22173,Region_22173
R22174,Region_22174
R22175,Region_22175
R22176,Region_22176
R22177,Region_22177
R22178,Region_22178
R22179,Region_22179
R22180,Region_22180
R22181,Region_22181
R22182,Region_22182
R22183,Region_22183
R22184,Region_22184
R22185,Region_22185
R22186,Region_22186
R22187,Region_22187
R22188,Region_22188
R22189,Region_22189
R22190,Region_22190
R22191,Region_22191
R22192,Region_22192
R22193,Region_22193
R22194,Region_22194
R22195,Region_22195
R22196,Region_22196
R22197,Region_22197
R22198,Region_22198
R22199,Region_22199
R22200,Region_22200
R22201,Region_22201
R22202,Region_22202
R22203,Region_22203
R22204,Region_22204
R22205,Region_22205
R22206,Region_22206
R22207,Region_22207
R22208,Region_22208
R22209,Region_22209
R22210,Region_22210
R22211,Region_22211
R22212,Region_22212
R22213,Region_22213
R22214,Region_22214
R22215,Region_22215
R22216,Region_22216
R22217,Region_22217
R22218,Region_22218
R22219,Region_22219
R22220,Region_22220
R22221,Region_22221
R22222,Region_22222
R22223,Region_22223
R22224,Region_22224
R22225,Region_22225
R22226,Region_22226
R22227,Region_22227
R22228,Region_22228
R22229,Region_22229
R22230,Region_22230
R22231,Region_22231
R22232,Region_22232
R22233,Region_22233
R22234,Region_22234
R22235,Region_22235
R22236,Region_22236
R22237,Region_22237
R22238,Region_22238
R22239,Region_22239
R22240,Region_22240
R22241,Region_22241
R22242,Region_22242
R22243,Region_22243
R22244,Region_22244
R22245,Region_22245
R22246,Region_22246
R22247,Region_22247
R22248,Region_22248
R22249,Region_22249
R22250,Region_22250
R22251,Region_22251
R22252,Region_22252
R22253,Region_22253
R22254,Region_22254
R22255,Region_22255
R22256,Region_22256
R22257,Region_22257
R22258,Region_22258
R22259,Region_22259
R22260,Region_22260
R22261,Region_22261
R22262,Region_22262
R22263,Region_22263
R22264,Region_22264
R22265,Region_22265
R22266,Region_22266
R22267,Region_22267
R22268,Region_22268
R22269,Region_22269
R22270,Region_22270
R22271,Region_22271
R22272,Region_22272
R22273,Region_22273
R22274,Region_22274
R22275,Region_22275
R22276,Region_22276
R22277,Region_22277
R22278,Region_22278
R22279,Region_22279
R22280,Region_22280
R22281,Region_22281
R22282,Region_22282
R22283,Region_22283
R22284,Region_22284
R22285,Region_22285
R22286,Region_22286
R22287,Region_22287
R22288,Region_22288
R22289,Region_22289
R22290,Region_22290
R22291,Region_22291
R22292,Region_22292
R22293,Region_22293
R22294,Region_22294
R22295,Region_22295
R22296,Region_22296
R22297,Region_22297
R22298,Region_22298
R22299,Region_22299
R22300,Region_22300
R22301,Region_22301
R22302,Region_22302
R22303,Region_22303
R22304,Region_22304
R22305,Region_22305
R22306,Region_22306
R22307,Region_22307
R22308,Region_22308
R22309,Region_22309
R22310,Region_22310
R22311,Region_22311
R22312,Region_22312
R22313,Region_22313
R22314,Region_22314
R22315,Region_22315
R22316,Region_22316
R22317,Region_22317
R22318,Region_22318
R22319,Region_22319
R22320,Region_22320
R22321,Region_22321
R22322,Region_22322
R22323,Region_22323
R22324,Region_22324
R22325,Region_22325
R22326,Region_22326
R22327,Region_22327
R22328,Region_22328
R22329,Region_22329
R22330,Region_22330
R22331,Region_22331
R22332,Region_22332
R22333,Region_22333
R22334,Region_22334
R22335,Region_22335
R22336,Region_22336
R22337,Region_22337
R22338,Region_22338
R22339,Region_22339
R22340,Region_22340
R22341,Region_22341
R22342,Region_22342
R22343,Region_22343
R22344,Region_22344
R22345,Region_22345
R22346,Region_22346
R22347,Region_22347
R22348,Region_22348
R22349,Region_22349
R22350,Region_22350
R22351,Region_22351
R22352,Region_22352
R22353,Region_22353
R22354,Region_22354
R22355,Region_22355
R22356,Region_22356
R22357,Region_22357
R22358,Region_22358
R22359,Region_22359
R22360,Region_22360
R22361,Region_22361
R22362,Region_22362
R22363,Region_22363
R22364,Region_22364
R22365,Region_22365
R22366,Region_22366
R22367,Region_22367
R22368,Region_22368
R22369,Region_22369
R22370,Region_22370
R22371,Region_22371
R22372,Region_22372
R22373,Region_22373
R22374,Region_22374
R22375,Region_22375
R22376,Region_22376
R22377,Region_22377
R22378,Region_22378
R22379,Region_22379
R22380,Region_22380
R22381,Region_22381
R22382,Region_22382
R22383,Region_22383
R22384,Region_22384
R22385,Region_22385
R22386,Region_22386
R22387,Region_22387
R22388,Region_22388
R22389,Region_22389
R22390,Region_22390
R22391,Region_22391
R22392,Region_22392
R22393,Region_22393
R22394,Region_22394
R22395,Region_22395
R22396,Region_22396
R22397,Region_22397
R22398,Region_22398
R22399,Region_22399
R22400,Region_22400
R22401,Region_22401
R22402,Region_22402
R22403,Region_22403
R22404,Region_22404
R22405,Region_22405
R22406,Region_22406
R22407,Region_22407
R22408,Region_22408
R22409,Region_22409
R22410,Region_22410
R22411,Region_22411
R22412,Region_22412
R22413,Region_22413
R22414,Region_22414
R22415,Region_22415
R22416,Region_22416
R22417,Region_22417
R22418,Region_22418
R22419,Region_22419
R22420,Region_22420
R22421,Region_22421
R22422,Region_22422
R22423,Region_22423
R22424,Region_22424
R22425,Region_22425
R22426,Region_22426
R22427,Region_22427
R22428,Region_22428
R22429,Region_22429
R22430,Region_22430
R22431,Region_22431
R22432,Region_22432
R22433,Region_22433
R22434,Region_22434
R22435,Region_22435
R22436,Region_22436
R22437,Region_22437
R22438,Region_22438
R22439,Region_22439
R22440,Region_22440
R22441,Region_22441
R22442,Region_22442
R22443,Region_22443
R22444,Region_22444
R22445,Region_22445
R22446,Region_22446
R22447,Region_22447
R22448,Region_22448
R22449,Region_22449
R22450,Region_22450
R22451,Region_22451
R22452,Region_22452
R22453,Region_22453
R22454,Region_22454
R22455,Region_22455
R22456,Region_22456
R22457,Region_22457
R22458,Region_22458
R22459,Region_22459
R22460,Region_22460
R22461,Region_22461
R22462,Region_22462
R22463,Region_22463
R22464,Region_22464
R22465,Region_22465
R22466,Region_22466
R22467,Region_22467
R22468,Region_22468
R22469,Region_22469
R22470,Region_22470
R22471,Region_22471
R22472,Region_22472
R22473,Region_22473
R22474,Region_22474
R22475,Region_22475
R22476,Region_22476
R22477,Region_22477
R22478,Region_22478
R22479,Region_22479
R22480,Region_22480
R22481,Region_22481
R22482,Region_22482
R22483,Region_22483
R22484,Region_22484
R22485,Region_22485
R22486,Region_22486
R22487,Region_22487
R22488,Region_22488
R22489,Region_22489
R22490,Region_22490
R22491,Region_22491
R22492,Region_22492
R22493,Region_22493
R22494,Region_22494
R22495,Region_22495
R22496,Region_22496
R22497,Region_22497
R22498,Region_22498
R22499,Region_22499
R22500,Region_22500
R22501,Region_22501
R22502,Region_22502
R22503,Region_22503
R22504,Region_22504
R22505,Region_22505
R22506,Region_22506
R22507,Region_22507
R22508,Region_22508
R22509,Region_22509
R22510,Region_22510
R22511,Region_22511
R22512,Region_22512
R22513,Region_22513
R22514,Region_22514
R22515,Region_22515
R22516,Region_22516
R22517,Region_22517
R22518,Region_22518
R22519,Region_22519
R22520,Region_22520
R22521,Region_22521
R22522,Region_22522
R22523,Region_22523
R22524,Region_22524
R22525,Region_22525
R22526,Region_22526
R22527,Region_22527
R22528,Region_22528
R22529,Region_22529
R22530,Region_22530
R22531,Region_22531
R22532,Region_22532
R22533,Region_22533
R22534,Region_22534
R22535,Region_22535
R22536,Region_22536
R22537,Region_22537
R22538,Region_22538
R22539,Region_22539
R22540,Region_22540
R22541,Region_22541
R22542,Region_22542
R22543,Region_22543
R22544,Region_22544
R22545,Region_22545
R22546,Region_22546
R22547,Region_22547
R22548,Region_22548
R22549,Region_22549
R22550,Region_22550
R22551,Region_22551
R22552,Region_22552
R22553,Region_22553
R22554,Region_22554
R22555,Region_22555
R22556,Region_22556
R22557,Region_22557
R22558,Region_22558
R22559,Region_22559
R22560,Region_22560
R22561,Region_22561
R22562,Region_22562
R22563,Region_22563
R22564,Region_22564
R22565,Region_22565
R22566,Region_22566
R22567,Region_22567
R22568,Region_22568
R22569,Region_22569
R22570,Region_22570
R22571,Region_22571
R22572,Region_22572
R22573,Region_22573
R22574,Region_22574
R22575,Region_22575
R22576,Region_22576
R22577,Region_22577
R22578,Region_22578
R22579,Region_22579
R22580,Region_22580
R22581,Region_22581
R22582,Region_22582
R22583,Region_22583
R22584,Region_22584
R22585,Region_22585
R22586,Region_22586
R22587,Region_22587
R22588,Region_22588
R22589,Region_22589
R22590,Region_22590
R22591,Region_22591
R22592,Region_22592
R22593,Region_22593
R22594,Region_22594
R22595,Region_22595
R22596,Region_22596
R22597,Region_22597
R22598,Region_22598
R22599,Region_22599
R22600,Region_22600
R22601,Region_22601
R22602,Region_22602
R22603,Region_22603
R22604,Region_22604
R22605,Region_22605
R22606,Region_22606
R22607,Region_22607
R22608,Region_22608
R22609,Region_22609
R22610,Region_22610
R22611,Region_22611
R22612,Region_22612
R22613,Region_22613
R22614,Region_22614
R22615,Region_22615
R22616,Region_22616
R22617,Region_22617
R22618,Region_22618
R22619,Region_22619
R22620,Region_22620
R22621,Region_22621
R22622,Region_22622
R22623,Region_22623
R22624,Region_22624
R22625,Region_22625
R22626,Region_22626
R22627,Region_22627
R22628,Region_22628
R22629,Region_22629
R22630,Region_22630
R22631,Region_22631
R22632,Region_22632
R22633,Region_22633
R22634,Region_22634
R22635,Region_22635
R22636,Region_22636
R22637,Region_22637
R22638,Region_22638
R22639,Region_22639
R22640,Region_22640
R22641,Region_22641
R22642,Region_22642
R22643,Region_22643
R22644,Region_22644
R22645,Region_22645
R22646,Region_22646
R22647,Region_22647
R22648,Region_22648
R22649,Region_22649
R22650,Region_22650
R22651,Region_22651
R22652,Region_22652
R22653,Region_22653
R22654,Region_22654
R22655,Region_22655
R22656,Region_22656
R22657,Region_22657
R22658,Region_22658
R22659,Region_22659
R22660,Region_22660
R22661,Region_22661
R22662,Region_22662
R22663,Region_22663
R22664,Region_22664
R22665,Region_22665
R22666,Region_22666
R22667,Region_22667
R22668,Region_22668
R22669,Region_22669
R22670,Region_22670
R22671,Region_22671
R22672,Region_22672
R22673,Region_22673
R22674,Region_22674
R22675,Region_22675
R22676,Region_22676
R22677,Region_22677
R22678,Region_22678
R22679,Region_22679
R22680,Region_22680
R22681,Region_22681
R22682,Region_22682
R22683,Region_22683
R22684,Region_22684
R22685,Region_22685
R22686,Region_22686
R22687,Region_22687
R22688,Region_22688
R22689,Region_22689
R22690,Region_22690
R22691,Region_22691
R22692,Region_22692
R22693,Region_22693
R22694,Region_22694
R22695,Region_22695
R22696,Region_22696
R22697,Region_22697
R22698,Region_22698
R22699,Region_22699
R22700,Region_22700
R22701,Region_22701
R22702,Region_22702
R22703,Region_22703
R22704,Region_22704
R22705,Region_22705
R22706,Region_22706
R22707,Region_22707
R22708,Region_22708
R22709,Region_22709
R22710,Region_22710
R22711,Region_22711
R22712,Region_22712
R22713,Region_22713
R22714,Region_22714
R22715,Region_22715
R22716,Region_22716
R22717,Region_22717
R22718,Region_22718
R22719,Region_22719
R22720,Region_22720
R22721,Region_22721
R22722,Region_22722
R22723,Region_22723
R22724,Region_22724
R22725,Region_22725
R22726,Region_22726
R22727,Region_22727
R22728,Region_22728
R22729,Region_22729
R22730,Region_22730
R22731,Region_22731
R22732,Region_22732
R22733,Region_22733
R22734,Region_22734
R22735,Region_22735
R22736,Region_22736
R22737,Region_22737
R22738,Region_22738
R22739,Region_22739
R22740,Region_22740
R22741,Region_22741
R22742,Region_22742
R22743,Region_22743
R22744,Region_22744
R22745,Region_22745
R22746,Region_22746
R22747,Region_22747
R22748,Region_22748
R22749,Region_22749
R22750,Region_22750
R22751,Region_22751
R22752,Region_22752
R22753,Region_22753
R22754,Region_22754
R22755,Region_22755
R22756,Region_22756
R22757,Region_22757
R22758,Region_22758
R22759,Region_22759
R22760,Region_22760
R22761,Region_22761
R22762,Region_22762
R22763,Region_22763
R22764,Region_22764
R22765,Region_22765
R22766,Region_22766
R22767,Region_22767
R22768,Region_22768
R22769,Region_22769
R22770,Region_22770
R22771,Region_22771
R22772,Region_22772
R22773,Region_22773
R22774,Region_22774
R22775,Region_22775
R22776,Region_22776
R22777,Region_22777
R22778,Region_22778
R22779,Region_22779
R22780,Region_22780
R22781,Region_22781
R22782,Region_22782
R22783,Region_22783
R22784,Region_22784
R22785,Region_22785
R22786,Region_22786
R22787,Region_22787
R22788,Region_22788
R22789,Region_22789
R22790,Region_22790
R22791,Region_22791
R22792,Region_22792
R22793,Region_22793
R22794,Region_22794
R22795,Region_22795
R22796,Region_22796
R22797,Region_22797
R22798,Region_22798
R22799,Region_22799
R22800,Region_22800
R22801,Region_22801
R22802,Region_22802
R22803,Region_22803
R22804,Region_22804
R22805,Region_22805
R22806,Region_22806
R22807,Region_22807
R22808,Region_22808
R22809,Region_22809
R22810,Region_22810
R22811,Region_22811
R22812,Region_22812
R22813,Region_22813
R22814,Region_22814
R22815,Region_22815
R22816,Region_22816
R22817,Region_22817
R22818,Region_22818
R22819,Region_22819
R22820,Region_22820
R22821,Region_22821
R22822,Region_22822
R22823,Region_22823
R22824,Region_22824
R22825,Region_22825
R22826,Region_22826
R22827,Region_22827
R22828,Region_22828
R22829,Region_22829
R22830,Region_22830
R22831,Region_22831
R22832,Region_22832
R22833,Region_22833
R22834,Region_22834
R22835,Region_22835
R22836,Region_22836
R22837,Region_22837
R22838,Region_22838
R22839,Region_22839
R22840,Region_22840
R22841,Region_22841
R22842,Region_22842
R22843,Region_22843
R22844,Region_22844
R22845,Region_22845
R22846,Region_22846
R22847,Region_22847
R22848,Region_22848
R22849,Region_22849
R22850,Region_22850
R22851,Region_22851
R22852,Region_22852
R22853,Region_22853
R22854,Region_22854
R22855,Region_22855
R22856,Region_22856
R22857,Region_22857
R22858,Region_22858
R22859,Region_22859
R22860,Region_22860
R22861,Region_22861
R22862,Region_22862
R22863,Region_22863
R22864,Region_22864
R22865,Region_22865
R22866,Region_22866
R22867,Region_22867
R22868,Region_22868
R22869,Region_22869
R22870,Region_22870
R22871,Region_22871
R22872,Region_22872
R22873,Region_22873
R22874,Region_22874
R22875,Region_22875
R22876,Region_22876
R22877,Region_22877
R22878,Region_22878
R22879,Region_22879
R22880,Region_22880
R22881,Region_22881
R22882,Region_22882
R22883,Region_22883
R22884,Region_22884
R22885,Region_22885
R22886,Region_22886
R22887,Region_22887
R22888,Region_22888
R22889,Region_22889
R22890,Region_22890
R22891,Region_22891
R22892,Region_22892
R22893,Region_22893
R22894,Region_22894
R22895,Region_22895
R22896,Region_22896
R22897,Region_22897
R22898,Region_22898
R22899,Region_22899
R22900,Region_22900
R22901,Region_22901
R22902,Region_22902
R22903,Region_22903
R22904,Region_22904
R22905,Region_22905
R22906,Region_22906
R22907,Region_22907
R22908,Region_22908
R22909,Region_22909
R22910,Region_22910
R22911,Region_22911
R22912,Region_22912
R22913,Region_22913
R22914,Region_22914
R22915,Region_22915
R22916,Region_22916
R22917,Region_22917
R22918,Region_22918
R22919,Region_22919
R22920,Region_22920
R22921,Region_22921
R22922,Region_22922
R22923,Region_22923
R22924,Region_22924
R22925,Region_22925
R22926,Region_22926
R22927,Region_22927
R22928,Region_22928
R22929,Region_22929
R22930,Region_22930
R22931,Region_22931
R22932,Region_22932
R22933,Region_22933
R22934,Region_22934
R22935,Region_22935
R22936,Region_22936
R22937,Region_22937
R22938,Region_22938
R22939,Region_22939
R22940,Region_22940
R22941,Region_22941
R22942,Region_22942
R22943,Region_22943
R22944,Region_22944
R22945,Region_22945
R22946,Region_22946
R22947,Region_22947
R22948,Region_22948
R22949,Region_22949
R22950,Region_22950
R22951,Region_22951
R22952,Region_22952
R22953,Region_22953
R22954,Region_22954
R22955,Region_22955
R22956,Region_22956
R22957,Region_22957
R22958,Region_22958
R22959,Region_22959
R22960,Region_22960
R22961,Region_22961
R22962,Region_22962
R22963,Region_22963
R22964,Region_22964
R22965,Region_22965
R22966,Region_22966
R22967,Region_22967
R22968,Region_22968
R22969,Region_22969
R22970,Region_22970
R22971,Region_22971
R22972,Region_22972
R22973,Region_22973
R22974,Region_22974
R22975,Region_22975
R22976,Region_22976
R22977,Region_22977
R22978,Region_22978
R22979,Region_22979
R22980,Region_22980
R22981,Region_22981
R22982,Region_22982
R22983,Region_22983
R22984,Region_22984
R22985,Region_22985
R22986,Region_22986
R22987,Region_22987
R22988,Region_22988
R22989,Region_22989
R22990,Region_22990
R22991,Region_22991
R22992,Region_22992
R22993,Region_22993
R22994,Region_22994
R22995,Region_22995
R22996,Region_22996
R22997,Region_22997
R22998,Region_22998
R22999,Region_22999
R23000,Region_23000
R23001,Region_23001
R23002,Region_23002
R23003,Region_23003
R23004,Region_23004
R23005,Region_23005
R23006,Region_23006
R23007,Region_23007
R23008,Region_23008
R23009,Region_23009
R23010,Region_23010
R23011,Region_23011
R23012,Region_23012
R23013,Region_23013
R23014,Region_23014
R23015,Region_23015
R23016,Region_23016
R23017,Region_23017
R23018,Region_23018
R23019,Region_23019
R23020,Region_23020
R23021,Region_23021
R23022,Region_23022
R23023,Region_23023
R23024,Region_23024
R23025,Region_23025
R23026,Region_23026
R23027,Region_23027
R23028,Region_23028
R23029,Region_23029
R23030,Region_23030
R23031,Region_23031
R23032,Region_23032
R23033,Region_23033
R23034,Region_23034
R23035,Region_23035
R23036,Region_23036
R23037,Region_23037
R23038,Region_23038
R23039,Region_23039
R23040,Region_23040
R23041,Region_23041
R23042,Region_23042
R23043,Region_23043
R23044,Region_23044
R23045,Region_23045
R23046,Region_23046
R23047,Region_23047
R23048,Region_23048
R23049,Region_23049
R23050,Region_23050
R23051,Region_23051
R23052,Region_23052
R23053,Region_23053
R23054,Region_23054
R23055,Region_23055
R23056,Region_23056
R23057,Region_23057
R23058,Region_23058
R23059,Region_23059
R23060,Region_23060
R23061,Region_23061
R23062,Region_23062
R23063,Region_23063
R23064,Region_23064
R23065,Region_23065
R23066,Region_23066
R23067,Region_23067
R23068,Region_23068
R23069,Region_23069
R23070,Region_23070
R23071,Region_23071
R23072,Region_23072
R23073,Region_23073
R23074,Region_23074
R23075,Region_23075
R23076,Region_23076
R23077,Region_23077
R23078,Region_23078
R23079,Region_23079
R23080,Region_23080
R23081,Region_23081
R23082,Region_23082
R23083,Region_23083
R23084,Region_23084
R23085,Region_23085
R23086,Region_23086
R23087,Region_23087
R23088,Region_23088
R23089,Region_23089
R23090,Region_23090
R23091,Region_23091
R23092,Region_23092
R23093,Region_23093
R23094,Region_23094
R23095,Region_23095
R23096,Region_23096
R23097,Region_23097
R23098,Region_23098
R23099,Region_23099
R23100,Region_23100
R23101,Region_23101
R23102,Region_23102
R23103,Region_23103
R23104,Region_23104
R23105,Region_23105
R23106,Region_23106
R23107,Region_23107
R23108,Region_23108
R23109,Region_23109
R23110,Region_23110
R23111,Region_23111
R23112,Region_23112
R23113,Region_23113
R23114,Region_23114
R23115,Region_23115
R23116,Region_23116
R23117,Region_23117
R23118,Region_23118
R23119,Region_23119
R23120,Region_23120
R23121,Region_23121
R23122,Region_23122
R23123,Region_23123
R23124,Region_23124
R23125,Region_23125
R23126,Region_23126
R23127,Region_23127
R23128,Region_23128
R23129,Region_23129
R23130,Region_23130
R23131,Region_23131
R23132,Region_23132
R23133,Region_23133
R23134,Region_23134
R23135,Region_23135
R23136,Region_23136
R23137,Region_23137
R23138,Region_23138
R23139,Region_23139
R23140,Region_23140
R23141,Region_23141
R23142,Region_23142
R23143,Region_23143
R23144,Region_23144
R23145,Region_23145
R23146,Region_23146
R23147,Region_23147
R23148,Region_23148
R23149,Region_23149
R23150,Region_23150
R23151,Region_23151
R23152,Region_23152
R23153,Region_23153
R23154,Region_23154
R23155,Region_23155
R23156,Region_23156
R23157,Region_23157
R23158,Region_23158
R23159,Region_23159
R23160,Region_23160
R23161,Region_23161
R23162,Region_23162
R23163,Region_23163
R23164,Region_23164
R23165,Region_23165
R23166,Region_23166
R23167,Region_23167
R23168,Region_23168
R23169,Region_23169
R23170,Region_23170
R23171,Region_23171
R23172,Region_23172
R23173,Region_23173
R23174,Region_23174
R23175,Region_23175
R23176,Region_23176
R23177,Region_23177
R23178,Region_23178
R23179,Region_23179
R23180,Region_23180
R23181,Region_23181
R23182,Region_23182
R23183,Region_23183
R23184,Region_23184
R23185,Region_23185
R23186,Region_23186
R23187,Region_23187
R23188,Region_23188
R23189,Region_23189
R23190,Region_23190
R23191,Region_23191
R23192,Region_23192
R23193,Region_23193
R23194,Region_23194
R23195,Region_23195
R23196,Region_23196
R23197,Region_23197
R23198,Region_23198
R23199,Region_23199
R23200,Region_23200
R23201,Region_23201
R23202,Region_23202
R23203,Region_23203
R23204,Region_23204
R23205,Region_23205
R23206,Region_23206
R23207,Region_23207
R23208,Region_23208
R23209,Region_23209
R23210,Region_23210
R23211,Region_23211
R23212,Region_23212
R23213,Region_23213
R23214,Region_23214
R23215,Region_23215
R23216,Region_23216
R23217,Region_23217
R23218,Region_23218
R23219,Region_23219
R23220,Region_23220
R23221,Region_23221
R23222,Region_23222
R23223,Region_23223
R23224,Region_23224
R23225,Region_23225
R23226,Region_23226
R23227,Region_23227
R23228,Region_23228
R23229,Region_23229
R23230,Region_23230
R23231,Region_23231
R23232,Region_23232
R23233,Region_23233
R23234,Region_23234
R23235,Region_23235
R23236,Region_23236
R23237,Region_23237
R23238,Region_23238
R23239,Region_23239
R23240,Region_23240
R23241,Region_23241
R23242,Region_23242
R23243,Region_23243
R23244,Region_23244
R23245,Region_23245
R23246,Region_23246
R23247,Region_23247
R23248,Region_23248
R23249,Region_23249
R23250,Region_23250
R23251,Region_23251
R23252,Region_23252
R23253,Region_23253
R23254,Region_23254
R23255,Region_23255
R23256,Region_23256
R23257,Region_23257
R23258,Region_23258
R23259,Region_23259
R23260,Region_23260
R23261,Region_23261
R23262,Region_23262
R23263,Region_23263
R23264,Region_23264
R23265,Region_23265
R23266,Region_23266
R23267,Region_23267
R23268,Region_23268
R23269,Region_23269
R23270,Region_23270
R23271,Region_23271
R23272,Region_23272
R23273,Region_23273
R23274,Region_23274
R23275,Region_23275
R23276,Region_23276
R23277,Region_23277
R23278,Region_23278
R23279,Region_23279
R23280,Region_23280
R23281,Region_23281
R23282,Region_23282
R23283,Region_23283
R23284,Region_23284
R23285,Region_23285
R23286,Region_23286
R23287,Region_23287
R23288,Region_23288
R23289,Region_23289
R23290,Region_23290
R23291,Region_23291
R23292,Region_23292
R23293,Region_23293
R23294,Region_23294
R23295,Region_23295
R23296,Region_23296
R23297,Region_23297
R23298,Region_23298
R23299,Region_23299
R23300,Region_23300
R23301,Region_23301
R23302,Region_23302
R23303,Region_23303
R23304,Region_23304
R23305,Region_23305
R23306,Region_23306
R23307,Region_23307
R23308,Region_23308
R23309,Region_23309
R23310,Region_23310
R23311,Region_23311
R23312,Region_23312
R23313,Region_23313
R23314,Region_23314
R23315,Region_23315
R23316,Region_23316
R23317,Region_23317
R23318,Region_23318
R23319,Region_23319
R23320,Region_23320
R23321,Region_23321
R23322,Region_23322
R23323,Region_23323
R23324,Region_23324
R23325,Region_23325
R23326,Region_23326
R23327,Region_23327
R23328,Region_23328
R23329,Region_23329
R23330,Region_23330
R23331,Region_23331
R23332,Region_23332
R23333,Region_23333
R23334,Region_23334
R23335,Region_23335
R23336,Region_23336
R23337,Region_23337
R23338,Region_23338
R23339,Region_23339
R23340,Region_23340
R23341,Region_23341
R23342,Region_23342
R23343,Region_23343
R23344,Region_23344
R23345,Region_23345
R23346,Region_23346
R23347,Region_23347
R23348,Region_23348
R23349,Region_23349
R23350,Region_23350
R23351,Region_23351
R23352,Region_23352
R23353,Region_23353
R23354,Region_23354
R23355,Region_23355
R23356,Region_23356
R23357,Region_23357
R23358,Region_23358
R23359,Region_23359
R23360,Region_23360
R23361,Region_23361
R23362,Region_23362
R23363,Region_23363
R23364,Region_23364
R23365,Region_23365
R23366,Region_23366
R23367,Region_23367
R23368,Region_23368
R23369,Region_23369
R23370,Region_23370
R23371,Region_23371
R23372,Region_23372
R23373,Region_23373
R23374,Region_23374
R23375,Region_23375
R23376,Region_23376
R23377,Region_23377
R23378,Region_23378
R23379,Region_23379
R23380,Region_23380
R23381,Region_23381
R23382,Region_23382
R23383,Region_23383
R23384,Region_23384
R23385,Region_23385
R23386,Region_23386
R23387,Region_23387
R23388,Region_23388
R23389,Region_23389
R23390,Region_23390
R23391,Region_23391
R23392,Region_23392
R23393,Region_23393
R23394,Region_23394
R23395,Region_23395
R23396,Region_23396
R23397,Region_23397
R23398,Region_23398
R23399,Region_23399
R23400,Region_23400
R23401,Region_23401
R23402,Region_23402
R23403,Region_23403
R23404,Region_23404
R23405,Region_23405
R23406,Region_23406
R23407,Region_23407
R23408,Region_23408
R23409,Region_23409
R23410,Region_23410
R23411,Region_23411
R23412,Region_23412
R23413,Region_23413
R23414,Region_23414
R23415,Region_23415
R23416,Region_23416
R23417,Region_23417
R23418,Region_23418
R23419,Region_23419
R23420,Region_23420
R23421,Region_23421
R23422,Region_23422
R23423,Region_23423
R23424,Region_23424
R23425,Region_23425
R23426,Region_23426
R23427,Region_23427
R23428,Region_23428
R23429,Region_23429
R23430,Region_23430
R23431,Region_23431
R23432,Region_23432
R23433,Region_23433
R23434,Region_23434
R23435,Region_23435
R23436,Region_23436
R23437,Region_23437
R23438,Region_23438
R23439,Region_23439
R23440,Region_23440
R23441,Region_23441
R23442,Region_23442
R23443,Region_23443
R23444,Region_23444
R23445,Region_23445
R23446,Region_23446
R23447,Region_23447
R23448,Region_23448
R23449,Region_23449
R23450,Region_23450
R23451,Region_23451
R23452,Region_23452
R23453,Region_23453
R23454,Region_23454
R23455,Region_23455
R23456,Region_23456
R23457,Region_23457
R23458,Region_23458
R23459,Region_23459
R23460,Region_23460
R23461,Region_23461
R23462,Region_23462
R23463,Region_23463
R23464,Region_23464
R23465,Region_23465
R23466,Region_23466
R23467,Region_23467
R23468,Region_23468
R23469,Region_23469
R23470,Region_23470
R23471,Region_23471
R23472,Region_23472
R23473,Region_23473
R23474,Region_23474
R23475,Region_23475
R23476,Region_23476
R23477,Region_23477
R23478,Region_23478
R23479,Region_23479
R23480,Region_23480
R23481,Region_23481
R23482,Region_23482
R23483,Region_23483
R23484,Region_23484
R23485,Region_23485
R23486,Region_23486
R23487,Region_23487
R23488,Region_23488
R23489,Region_23489
R23490,Region_23490
R23491,Region_23491
R23492,Region_23492
R23493,Region_23493
R23494,Region_23494
R23495,Region_23495
R23496,Region_23496
R23497,Region_23497
R23498,Region_23498
R23499,Region_23499
R23500,Region_23500
R23501,Region_23501
R23502,Region_23502
R23503,Region_23503
R23504,Region_23504
R23505,Region_23505
R23506,Region_23506
R23507,Region_23507
R23508,Region_23508
R23509,Region_23509
R23510,Region_23510
R23511,Region_23511
R23512,Region_23512
R23513,Region_23513
R23514,Region_23514
R23515,Region_23515
R23516,Region_23516
R23517,Region_23517
R23518,Region_23518
R23519,Region_23519
R23520,Region_23520
R23521,Region_23521
R23522,Region_23522
R23523,Region_23523
R23524,Region_23524
R23525,Region_23525
R23526,Region_23526
R23527,Region_23527
R23528,Region_23528
R23529,Region_23529
R23530,Region_23530
R23531,Region_23531
R23532,Region_23532
R23533,Region_23533
R23534,Region_23534
R23535,Region_23535
R23536,Region_23536
R23537,Region_23537
R23538,Region_23538
R23539,Region_23539
R23540,Region_23540
R23541,Region_23541
R23542,Region_23542
R23543,Region_23543
R23544,Region_23544
R23545,Region_23545
R23546,Region_23546
R23547,Region_23547
R23548,Region_23548
R23549,Region_23549
R23550,Region_23550
R23551,Region_23551
R23552,Region_23552
R23553,Region_23553
R23554,Region_23554
R23555,Region_23555
R23556,Region_23556
R23557,Region_23557
R23558,Region_23558
R23559,Region_23559
R23560,Region_23560
R23561,Region_23561
R23562,Region_23562
R23563,Region_23563
R23564,Region_23564
R23565,Region_23565
R23566,Region_23566
R23567,Region_23567
R23568,Region_23568
R23569,Region_23569
R23570,Region_23570
R23571,Region_23571
R23572,Region_23572
R23573,Region_23573
R23574,Region_23574
R23575,Region_23575
R23576,Region_23576
R23577,Region_23577
R23578,Region_23578
R23579,Region_23579
R23580,Region_23580
R23581,Region_23581
R23582,Region_23582
R23583,Region_23583
R23584,Region_23584
R23585,Region_23585
R23586,Region_23586
R23587,Region_23587
R23588,Region_23588
R23589,Region_23589
R23590,Region_23590
R23591,Region_23591
R23592,Region_23592
R23593,Region_23593
R23594,Region_23594
R23595,Region_23595
R23596,Region_23596
R23597,Region_23597
R23598,Region_23598
R23599,Region_23599
R23600,Region_23600
R23601,Region_23601
R23602,Region_23602
R23603,Region_23603
R23604,Region_23604
R23605,Region_23605
R23606,Region_23606
R23607,Region_23607
R23608,Region_23608
R23609,Region_23609
R23610,Region_23610
R23611,Region_23611
R23612,Region_23612
R23613,Region_23613
R23614,Region_23614
R23615,Region_23615
R23616,Region_23616
R23617,Region_23617
R23618,Region_23618
R23619,Region_23619
R23620,Region_23620
R23621,Region_23621
R23622,Region_23622
R23623,Region_23623
R23624,Region_23624
R23625,Region_23625
R23626,Region_23626
R23627,Region_23627
R23628,Region_23628
R23629,Region_23629
R23630,Region_23630
R23631,Region_23631
R23632,Region_23632
R23633,Region_23633
R23634,Region_23634
R23635,Region_23635
R23636,Region_23636
R23637,Region_23637
R23638,Region_23638
R23639,Region_23639
R23640,Region_23640
R23641,Region_23641
R23642,Region_23642
R23643,Region_23643
R23644,Region_23644
R23645,Region_23645
R23646,Region_23646
R23647,Region_23647
R23648,Region_23648
R23649,Region_23649
R23650,Region_23650
R23651,Region_23651
R23652,Region_23652
R23653,Region_23653
R23654,Region_23654
R23655,Region_23655
R23656,Region_23656
R23657,Region_23657
R23658,Region_23658
R23659,Region_23659
R23660,Region_23660
R23661,Region_23661
R23662,Region_23662
R23663,Region_23663
R23664,Region_23664
R23665,Region_23665
R23666,Region_23666
R23667,Region_23667
R23668,Region_23668
R23669,Region_23669
R23670,Region_23670
R23671,Region_23671
R23672,Region_23672
R23673,Region_23673
R23674,Region_23674
R23675,Region_23675
R23676,Region_23676
R23677,Region_23677
R23678,Region_23678
R23679,Region_23679
R23680,Region_23680
R23681,Region_23681
R23682,Region_23682
R23683,Region_23683
R23684,Region_23684
R23685,Region_23685
R23686,Region_23686
R23687,Region_23687
R23688,Region_23688
R23689,Region_23689
R23690,Region_23690
R23691,Region_23691
R23692,Region_23692
R23693,Region_23693
R23694,Region_23694
R23695,Region_23695
R23696,Region_23696
R23697,Region_23697
R23698,Region_23698
R23699,Region_23699
R23700,Region_23700
R23701,Region_23701
R23702,Region_23702
R23703,Region_23703
R23704,Region_23704
R23705,Region_23705
R23706,Region_23706
R23707,Region_23707
R23708,Region_23708
R23709,Region_23709
R23710,Region_23710
R23711,Region_23711
R23712,Region_23712
R23713,Region_23713
R23714,Region_23714
R23715,Region_23715
R23716,Region_23716
R23717,Region_23717
R23718,Region_23718
R23719,Region_23719
R23720,Region_23720
R23721,Region_23721
R23722,Region_23722
R23723,Region_23723
R23724,Region_23724
R23725,Region_23725
R23726,Region_23726
R23727,Region_23727
R23728,Region_23728
R23729,Region_23729
R23730,Region_23730
R23731,Region_23731
R23732,Region_23732
R23733,Region_23733
R23734,Region_23734
R23735,Region_23735
R23736,Region_23736
R23737,Region_23737
R23738,Region_23738
R23739,Region_23739
R23740,Region_23740
R23741,Region_23741
R23742,Region_23742
R23743,Region_23743
R23744,Region_23744
R23745,Region_23745
R23746,Region_23746
R23747,Region_23747
R23748,Region_23748
R23749,Region_23749
R23750,Region_23750
R23751,Region_23751
R23752,Region_23752
R23753,Region_23753
R23754,Region_23754
R23755,Region_23755
R23756,Region_23756
R23757,Region_23757
R23758,Region_23758
R23759,Region_23759
R23760,Region_23760
R23761,Region_23761
R23762,Region_23762
R23763,Region_23763
R23764,Region_23764
R23765,Region_23765
R23766,Region_23766
R23767,Region_23767
R23768,Region_23768
R23769,Region_23769
R23770,Region_23770
R23771,Region_23771
R23772,Region_23772
R23773,Region_23773
R23774,Region_23774
R23775,Region_23775
R23776,Region_23776
R23777,Region_23777
R23778,Region_23778
R23779,Region_23779
R23780,Region_23780
R23781,Region_23781
R23782,Region_23782
R23783,Region_23783
R23784,Region_23784
R23785,Region_23785
R23786,Region_23786
R23787,Region_23787
R23788,Region_23788
R23789,Region_23789
R23790,Region_23790
R23791,Region_23791
R23792,Region_23792
R23793,Region_23793
R23794,Region_23794
R23795,Region_23795
R23796,Region_23796
R23797,Region_23797
R23798,Region_23798
R23799,Region_23799
R23800,Region_23800
R23801,Region_23801
R23802,Region_23802
R23803,Region_23803
R23804,Region_23804
R23805,Region_23805
R23806,Region_23806
R23807,Region_23807
R23808,Region_23808
R23809,Region_23809
R23810,Region_23810
R23811,Region_23811
R23812,Region_23812
R23813,Region_23813
R23814,Region_23814
R23815,Region_23815
R23816,Region_23816
R23817,Region_23817
R23818,Region_23818
R23819,Region_23819
R23820,Region_23820
R23821,Region_23821
R23822,Region_23822
R23823,Region_23823
R23824,Region_23824
R23825,Region_23825
R23826,Region_23826
R23827,Region_23827
R23828,Region_23828
R23829,Region_23829
R23830,Region_23830
R23831,Region_23831
R23832,Region_23832
R23833,Region_23833
R23834,Region_23834
R23835,Region_23835
R23836,Region_23836
R23837,Region_23837
R23838,Region_23838
R23839,Region_23839
R23840,Region_23840
R23841,Region_23841
R23842,Region_23842
R23843,Region_23843
R23844,Region_23844
R23845,Region_23845
R23846,Region_23846
R23847,Region_23847
R23848,Region_23848
R23849,Region_23849
R23850,Region_23850
R23851,Region_23851
R23852,Region_23852
R23853,Region_23853
R23854,Region_23854
R23855,Region_23855
R23856,Region_23856
R23857,Region_23857
R23858,Region_23858
R23859,Region_23859
R23860,Region_23860
R23861,Region_23861
R23862,Region_23862
R23863,Region_23863
R23864,Region_23864
R23865,Region_23865
R23866,Region_23866
R23867,Region_23867
R23868,Region_23868
R23869,Region_23869
R23870,Region_23870
R23871,Region_23871
R23872,Region_23872
R23873,Region_23873
R23874,Region_23874
R23875,Region_23875
R23876,Region_23876
R23877,Region_23877
R23878,Region_23878
R23879,Region_23879
R23880,Region_23880
R23881,Region_23881
R23882,Region_23882
R23883,Region_23883
R23884,Region_23884
R23885,Region_23885
R23886,Region_23886
R23887,Region_23887
R23888,Region_23888
R23889,Region_23889
R23890,Region_23890
R23891,Region_23891
R23892,Region_23892
R23893,Region_23893
R23894,Region_23894
R23895,Region_23895
R23896,Region_23896
R23897,Region_23897
R23898,Region_23898
R23899,Region_23899
R23900,Region_23900
R23901,Region_23901
R23902,Region_23902
R23903,Region_23903
R23904,Region_23904
R23905,Region_23905
R23906,Region_23906
R23907,Region_23907
R23908,Region_23908
R23909,Region_23909
R23910,Region_23910
R23911,Region_23911
R23912,Region_23912
R23913,Region_23913
R23914,Region_23914
R23915,Region_23915
R23916,Region_23916
R23917,Region_23917
R23918,Region_23918
R23919,Region_23919
R23920,Region_23920
R23921,Region_23921
R23922,Region_23922
R23923,Region_23923
R23924,Region_23924
R23925,Region_23925
R23926,Region_23926
R23927,Region_23927
R23928,Region_23928
R23929,Region_23929
R23930,Region_23930
R23931,Region_23931
R23932,Region_23932
R23933,Region_23933
R23934,Region_23934
R23935,Region_23935
R23936,Region_23936
R23937,Region_23937
R23938,Region_23938
R23939,Region_23939
R23940,Region_23940
R23941,Region_23941
R23942,Region_23942
R23943,Region_23943
R23944,Region_23944
R23945,Region_23945
R23946,Region_23946
R23947,Region_23947
R23948,Region_23948
R23949,Region_23949
R23950,Region_23950
R23951,Region_23951
R23952,Region_23952
R23953,Region_23953
R23954,Region_23954
R23955,Region_23955
R23956,Region_23956
R23957,Region_23957
R23958,Region_23958
R23959,Region_23959
R23960,Region_23960
R23961,Region_23961
R23962,Region_23962
R23963,Region_23963
R23964,Region_23964
R23965,Region_23965
R23966,Region_23966
R23967,Region_23967
R23968,Region_23968
R23969,Region_23969
R23970,Region_23970
R23971,Region_23971
R23972,Region_23972
R23973,Region_23973
R23974,Region_23974
R23975,Region_23975
R23976,Region_23976
R23977,Region_23977
R23978,Region_23978
R23979,Region_23979
R23980,Region_23980
R23981,Region_23981
R23982,Region_23982
R23983,Region_23983
R23984,Region_23984
R23985,Region_23985
R23986,Region_23986
R23987,Region_23987
R23988,Region_23988
R23989,Region_23989
R23990,Region_23990
R23991,Region_23991
R23992,Region_23992
R23993,Region_23993
R23994,Region_23994
R23995,Region_23995
R23996,Region_23996
R23997,Region_23997
R23998,Region_23998
R23999,Region_23999
R24000,Region_24000
R24001,Region_24001
R24002,Region_24002
R24003,Region_24003
R24004,Region_24004
R24005,Region_24005
R24006,Region_24006
R24007,Region_24007
R24008,Region_24008
R24009,Region_24009
R24010,Region_24010
R24011,Region_24011
R24012,Region_24012
R24013,Region_24013
R24014,Region_24014
R24015,Region_24015
R24016,Region_24016
R24017,Region_24017
R24018,Region_24018
R24019,Region_24019
R24020,Region_24020
R24021,Region_24021
R24022,Region_24022
R24023,Region_24023
R24024,Region_24024
R24025,Region_24025
R24026,Region_24026
R24027,Region_24027
R24028,Region_24028
R24029,Region_24029
R24030,Region_24030
R24031,Region_24031
R24032,Region_24032
R24033,Region_24033
R24034,Region_24034
R24035,Region_24035
R24036,Region_24036
R24037,Region_24037
R24038,Region_24038
R24039,Region_24039
R24040,Region_24040
R24041,Region_24041
R24042,Region_24042
R24043,Region_24043
R24044,Region_24044
R24045,Region_24045
R24046,Region_24046
R24047,Region_24047
R24048,Region_24048
R24049,Region_24049
R24050,Region_24050
R24051,Region_24051
R24052,Region_24052
R24053,Region_24053
R24054,Region_24054
R24055,Region_24055
R24056,Region_24056
R24057,Region_24057
R24058,Region_24058
R24059,Region_24059
R24060,Region_24060
R24061,Region_24061
R24062,Region_24062
R24063,Region_24063
R24064,Region_24064
R24065,Region_24065
R24066,Region_24066
R24067,Region_24067
R24068,Region_24068
R24069,Region_24069
R24070,Region_24070
R24071,Region_24071
R24072,Region_24072
R24073,Region_24073
R24074,Region_24074
R24075,Region_24075
R24076,Region_24076
R24077,Region_24077
R24078,Region_24078
R24079,Region_24079
R24080,Region_24080
R24081,Region_24081
R24082,Region_24082
R24083,Region_24083
R24084,Region_24084
R24085,Region_24085
R24086,Region_24086
R24087,Region_24087
R24088,Region_24088
R24089,Region_24089
R24090,Region_24090
R24091,Region_24091
R24092,Region_24092
R24093,Region_24093
R24094,Region_24094
R24095,Region_24095
R24096,Region_24096
R24097,Region_24097
R24098,Region_24098
R24099,Region_24099
R24100,Region_24100
R24101,Region_24101
R24102,Region_24102
R24103,Region_24103
R24104,Region_24104
R24105,Region_24105
R24106,Region_24106
R24107,Region_24107
R24108,Region_24108
R24109,Region_24109
R24110,Region_24110
R24111,Region_24111
R24112,Region_24112
R24113,Region_24113
R24114,Region_24114
R24115,Region_24115
R24116,Region_24116
R24117,Region_24117
R24118,Region_24118
R24119,Region_24119
R24120,Region_24120
R24121,Region_24121
R24122,Region_24122
R24123,Region_24123
R24124,Region_24124
R24125,Region_24125
R24126,Region_24126
R24127,Region_24127
R24128,Region_24128
R24129,Region_24129
R24130,Region_24130
R24131,Region_24131
R24132,Region_24132
R24133,Region_24133
R24134,Region_24134
R24135,Region_24135
R24136,Region_24136
R24137,Region_24137
R24138,Region_24138
R24139,Region_24139
R24140,Region_24140
R24141,Region_24141
R24142,Region_24142
R24143,Region_24143
R24144,Region_24144
R24145,Region_24145
R24146,Region_24146
R24147,Region_24147
R24148,Region_24148
R24149,Region_24149
R24150,Region_24150
R24151,Region_24151
R24152,Region_24152
R24153,Region_24153
R24154,Region_24154
R24155,Region_24155
R24156,Region_24156
R24157,Region_24157
R24158,Region_24158
R24159,Region_24159
R24160,Region_24160
R24161,Region_24161
R24162,Region_24162
R24163,Region_24163
R24164,Region_24164
R24165,Region_24165
R24166,Region_24166
R24167,Region_24167
R24168,Region_24168
R24169,Region_24169
R24170,Region_24170
R24171,Region_24171
R24172,Region_24172
R24173,Region_24173
R24174,Region_24174
R24175,Region_24175
R24176,Region_24176
R24177,Region_24177
R24178,Region_24178
R24179,Region_24179
R24180,Region_24180
R24181,Region_24181
R24182,Region_24182
R24183,Region_24183
R24184,Region_24184
R24185,Region_24185
R24186,Region_24186
R24187,Region_24187
R24188,Region_24188
R24189,Region_24189
R24190,Region_24190
R24191,Region_24191
R24192,Region_24192
R24193,Region_24193
R24194,Region_24194
R24195,Region_24195
R24196,Region_24196
R24197,Region_24197
R24198,Region_24198
R24199,Region_24199
R24200,Region_24200
R24201,Region_24201
R24202,Region_24202
R24203,Region_24203
R24204,Region_24204
R24205,Region_24205
R24206,Region_24206
R24207,Region_24207
R24208,Region_24208
R24209,Region_24209
R24210,Region_24210
R24211,Region_24211
R24212,Region_24212
R24213,Region_24213
R24214,Region_24214
R24215,Region_24215
R24216,Region_24216
R24217,Region_24217
R24218,Region_24218
R24219,Region_24219
R24220,Region_24220
R24221,Region_24221
R24222,Region_24222
R24223,Region_24223
R24224,Region_24224
R24225,Region_24225
R24226,Region_24226
R24227,Region_24227
R24228,Region_24228
R24229,Region_24229
R24230,Region_24230
R24231,Region_24231
R24232,Region_24232
R24233,Region_24233
R24234,Region_24234
R24235,Region_24235
R24236,Region_24236
R24237,Region_24237
R24238,Region_24238
R24239,Region_24239
R24240,Region_24240
R24241,Region_24241
R24242,Region_24242
R24243,Region_24243
R24244,Region_24244
R24245,Region_24245
R24246,Region_24246
R24247,Region_24247
R24248,Region_24248
R24249,Region_24249
R24250,Region_24250
R24251,Region_24251
R24252,Region_24252
R24253,Region_24253
R24254,Region_24254
R24255,Region_24255
R24256,Region_24256
R24257,Region_24257
R24258,Region_24258
R24259,Region_24259
R24260,Region_24260
R24261,Region_24261
R24262,Region_24262
R24263,Region_24263
R24264,Region_24264
R24265,Region_24265
R24266,Region_24266
R24267,Region_24267
R24268,Region_24268
R24269,Region_24269
R24270,Region_24270
R24271,Region_24271
R24272,Region_24272
R24273,Region_24273
R24274,Region_24274
R24275,Region_24275
R24276,Region_24276
R24277,Region_24277
R24278,Region_24278
R24279,Region_24279
R24280,Region_24280
R24281,Region_24281
R24282,Region_24282
R24283,Region_24283
R24284,Region_24284
R24285,Region_24285
R24286,Region_24286
R24287,Region_24287
R24288,Region_24288
R24289,Region_24289
R24290,Region_24290
R24291,Region_24291
R24292,Region_24292
R24293,Region_24293
R24294,Region_24294
R24295,Region_24295
R24296,Region_24296
R24297,Region_24297
R24298,Region_24298
R24299,Region_24299
R24300,Region_24300
R24301,Region_24301
R24302,Region_24302
R24303,Region_24303
R24304,Region_24304
R24305,Region_24305
R24306,Region_24306
R24307,Region_24307
R24308,Region_24308
R24309,Region_24309
R24310,Region_24310
R24311,Region_24311
R24312,Region_24312
R24313,Region_24313
R24314,Region_24314
R24315,Region_24315
R24316,Region_24316
R24317,Region_24317
R24318,Region_24318
R24319,Region_24319
R24320,Region_24320
R24321,Region_24321
R24322,Region_24322
R24323,Region_24323
R24324,Region_24324
R24325,Region_24325
R24326,Region_24326
R24327,Region_24327
R24328,Region_24328
R24329,Region_24329
R24330,Region_24330
R24331,Region_24331
R24332,Region_24332
R24333,Region_24333
R24334,Region_24334
R24335,Region_24335
R24336,Region_24336
R24337,Region_24337
R24338,Region_24338
R24339,Region_24339
R24340,Region_24340
R24341,Region_24341
R24342,Region_24342
R24343,Region_24343
R24344,Region_24344
R24345,Region_24345
R24346,Region_24346
R24347,Region_24347
R24348,Region_24348
R24349,Region_24349
R24350,Region_24350
R24351,Region_24351
R24352,Region_24352
R24353,Region_24353
R24354,Region_24354
R24355,Region_24355
R24356,Region_24356
R24357,Region_24357
R24358,Region_24358
R24359,Region_24359
R24360,Region_24360
R24361,Region_24361
R24362,Region_24362
R24363,Region_24363
R24364,Region_24364
R24365,Region_24365
R24366,Region_24366
R24367,Region_24367
R24368,Region_24368
R24369,Region_24369
R24370,Region_24370
R24371,Region_24371
R24372,Region_24372
R24373,Region_24373
R24374,Region_24374
R24375,Region_24375
R24376,Region_24376
R24377,Region_24377
R24378,Region_24378
R24379,Region_24379
R24380,Region_24380
R24381,Region_24381
R24382,Region_24382
R24383,Region_24383
R24384,Region_24384
R24385,Region_24385
R24386,Region_24386
R24387,Region_24387
R24388,Region_24388
R24389,Region_24389
R24390,Region_24390
R24391,Region_24391
R24392,Region_24392
R24393,Region_24393
R24394,Region_24394
R24395,Region_24395
R24396,Region_24396
R24397,Region_24397
R24398,Region_24398
R24399,Region_24399
R24400,Region_24400
R24401,Region_24401
R24402,Region_24402
R24403,Region_24403
R24404,Region_24404
R24405,Region_24405
R24406,Region_24406
R24407,Region_24407
R24408,Region_24408
R24409,Region_24409
R24410,Region_24410
R24411,Region_24411
R24412,Region_24412
R24413,Region_24413
R24414,Region_24414
R24415,Region_24415
R24416,Region_24416
R24417,Region_24417
R24418,Region_24418
R24419,Region_24419
R24420,Region_24420
R24421,Region_24421
R24422,Region_24422
R24423,Region_24423
R24424,Region_24424
R24425,Region_24425
R24426,Region_24426
R24427,Region_24427
R24428,Region_24428
R24429,Region_24429
R24430,Region_24430
R24431,Region_24431
R24432,Region_24432
R24433,Region_24433
R24434,Region_24434
R24435,Region_24435
R24436,Region_24436
R24437,Region_24437
R24438,Region_24438
R24439,Region_24439
R24440,Region_24440
R24441,Region_24441
R24442,Region_24442
R24443,Region_24443
R24444,Region_24444
R24445,Region_24445
R24446,Region_24446
R24447,Region_24447
R24448,Region_24448
R24449,Region_24449
R24450,Region_24450
R24451,Region_24451
R24452,Region_24452
R24453,Region_24453
R24454,Region_24454
R24455,Region_24455
R24456,Region_24456
R24457,Region_24457
R24458,Region_24458
R24459,Region_24459
R24460,Region_24460
R24461,Region_24461
R24462,Region_24462
R24463,Region_24463
R24464,Region_24464
R24465,Region_24465
R24466,Region_24466
R24467,Region_24467
R24468,Region_24468
R24469,Region_24469
R24470,Region_24470
R24471,Region_24471
R24472,Region_24472
R24473,Region_24473
R24474,Region_24474
R24475,Region_24475
R24476,Region_24476
R24477,Region_24477
R24478,Region_24478
R24479,Region_24479
R24480,Region_24480
R24481,Region_24481
R24482,Region_24482
R24483,Region_24483
R24484,Region_24484
R24485,Region_24485
R24486,Region_24486
R24487,Region_24487
R24488,Region_24488
R24489,Region_24489
R24490,Region_24490
R24491,Region_24491
R24492,Region_24492
R24493,Region_24493
R24494,Region_24494
R24495,Region_24495
R24496,Region_24496
R24497,Region_24497
R24498,Region_24498
R24499,Region_24499
R24500,Region_24500
R24501,Region_24501
R24502,Region_24502
R24503,Region_24503
R24504,Region_24504
R24505,Region_24505
R24506,Region_24506
R24507,Region_24507
R24508,Region_24508
R24509,Region_24509
R24510,Region_24510
R24511,Region_24511
R24512,Region_24512
R24513,Region_24513
R24514,Region_24514
R24515,Region_24515
R24516,Region_24516
R24517,Region_24517
R24518,Region_24518
R24519,Region_24519
R24520,Region_24520
R24521,Region_24521
R24522,Region_24522
R24523,Region_24523
R24524,Region_24524
R24525,Region_24525
R24526,Region_24526
R24527,Region_24527
R24528,Region_24528
R24529,Region_24529
R24530,Region_24530
R24531,Region_24531
R24532,Region_24532
R24533,Region_24533
R24534,Region_24534
R24535,Region_24535
R24536,Region_24536
R24537,Region_24537
R24538,Region_24538
R24539,Region_24539
R24540,Region_24540
R24541,Region_24541
R24542,Region_24542
R24543,Region_24543
R24544,Region_24544
R24545,Region_24545
R24546,Region_24546
R24547,Region_24547
R24548,Region_24548
R24549,Region_24549
R24550,Region_24550
R24551,Region_24551
R24552,Region_24552
R24553,Region_24553
R24554,Region_24554
R24555,Region_24555
R24556,Region_24556
R24557,Region_24557
R24558,Region_24558
R24559,Region_24559
R24560,Region_24560
R24561,Region_24561
R24562,Region_24562
R24563,Region_24563
R24564,Region_24564
R24565,Region_24565
R24566,Region_24566
R24567,Region_24567
R24568,Region_24568
R24569,Region_24569
R24570,Region_24570
R24571,Region_24571
R24572,Region_24572
R24573,Region_24573
R24574,Region_24574
R24575,Region_24575
R24576,Region_24576
R24577,Region_24577
R24578,Region_24578
R24579,Region_24579
R24580,Region_24580
R24581,Region_24581
R24582,Region_24582
R24583,Region_24583
R24584,Region_24584
R24585,Region_24585
R24586,Region_24586
R24587,Region_24587
R24588,Region_24588
R24589,Region_24589
R24590,Region_24590
R24591,Region_24591
R24592,Region_24592
R24593,Region_24593
R24594,Region_24594
R24595,Region_24595
R24596,Region_24596
R24597,Region_24597
R24598,Region_24598
R24599,Region_24599
R24600,Region_24600
R24601,Region_24601
R24602,Region_24602
R24603,Region_24603
R24604,Region_24604
R24605,Region_24605
R24606,Region_24606
R24607,Region_24607
R24608,Region_24608
R24609,Region_24609
R24610,Region_24610
R24611,Region_24611
R24612,Region_24612
R24613,Region_24613
R24614,Region_24614
R24615,Region_24615
R24616,Region_24616
R24617,Region_24617
R24618,Region_24618
R24619,Region_24619
R24620,Region_24620
R24621,Region_24621
R24622,Region_24622
R24623,Region_24623
R24624,Region_24624
R24625,Region_24625
R24626,Region_24626
R24627,Region_24627
R24628,Region_24628
R24629,Region_24629
R24630,Region_24630
R24631,Region_24631
R24632,Region_24632
R24633,Region_24633
R24634,Region_24634
R24635,Region_24635
R24636,Region_24636
R24637,Region_24637
R24638,Region_24638
R24639,Region_24639
R24640,Region_24640
R24641,Region_24641
R24642,Region_24642
R24643,Region_24643
R24644,Region_24644
R24645,Region_24645
R24646,Region_24646
R24647,Region_24647
R24648,Region_24648
R24649,Region_24649
R24650,Region_24650
R24651,Region_24651
R24652,Region_24652
R24653,Region_24653
R24654,Region_24654
R24655,Region_24655
R24656,Region_24656
R24657,Region_24657
R24658,Region_24658
R24659,Region_24659
R24660,Region_24660
R24661,Region_24661
R24662,Region_24662
R24663,Region_24663
R24664,Region_24664
R24665,Region_24665
R24666,Region_24666
R24667,Region_24667
R24668,Region_24668
R24669,Region_24669
R24670,Region_24670
R24671,Region_24671
R24672,Region_24672
R24673,Region_24673
R24674,Region_24674
R24675,Region_24675
R24676,Region_24676
R24677,Region_24677
R24678,Region_24678
R24679,Region_24679
R24680,Region_24680
R24681,Region_24681
R24682,Region_24682
R24683,Region_24683
R24684,Region_24684
R24685,Region_24685
R24686,Region_24686
R24687,Region_24687
R24688,Region_24688
R24689,Region_24689
R24690,Region_24690
R24691,Region_24691
R24692,Region_24692
R24693,Region_24693
R24694,Region_24694
R24695,Region_24695
R24696,Region_24696
R24697,Region_24697
R24698,Region_24698
R24699,Region_24699
R24700,Region_24700
R24701,Region_24701
R24702,Region_24702
R24703,Region_24703
R24704,Region_24704
R24705,Region_24705
R24706,Region_24706
R24707,Region_24707
R24708,Region_24708
R24709,Region_24709
R24710,Region_24710
R24711,Region_24711
R24712,Region_24712
R24713,Region_24713
R24714,Region_24714
R24715,Region_24715
R24716,Region_24716
R24717,Region_24717
R24718,Region_24718
R24719,Region_24719
R24720,Region_24720
R24721,Region_24721
R24722,Region_24722
R24723,Region_24723
R24724,Region_24724
R24725,Region_24725
R24726,Region_24726
R24727,Region_24727
R24728,Region_24728
R24729,Region_24729
R24730,Region_24730
R24731,Region_24731
R24732,Region_24732
R24733,Region_24733
R24734,Region_24734
R24735,Region_24735
R24736,Region_24736
R24737,Region_24737
R24738,Region_24738
R24739,Region_24739
R24740,Region_24740
R24741,Region_24741
R24742,Region_24742
R24743,Region_24743
R24744,Region_24744
R24745,Region_24745
R24746,Region_24746
R24747,Region_24747
R24748,Region_24748
R24749,Region_24749
R24750,Region_24750
R24751,Region_24751
R24752,Region_24752
R24753,Region_24753
R24754,Region_24754
R24755,Region_24755
R24756,Region_24756
R24757,Region_24757
R24758,Region_24758
R24759,Region_24759
R24760,Region_24760
R24761,Region_24761
R24762,Region_24762
R24763,Region_24763
R24764,Region_24764
R24765,Region_24765
R24766,Region_24766
R24767,Region_24767
R24768,Region_24768
R24769,Region_24769
R24770,Region_24770
R24771,Region_24771
R24772,Region_24772
R24773,Region_24773
R24774,Region_24774
R24775,Region_24775
R24776,Region_24776
R24777,Region_24777
R24778,Region_24778
R24779,Region_24779
R24780,Region_24780
R24781,Region_24781
R24782,Region_24782
R24783,Region_24783
R24784,Region_24784
R24785,Region_24785
R24786,Region_24786
R24787,Region_24787
R24788,Region_24788
R24789,Region_24789
R24790,Region_24790
R24791,Region_24791
R24792,Region_24792
R24793,Region_24793
R24794,Region_24794
R24795,Region_24795
R24796,Region_24796
R24797,Region_24797
R24798,Region_24798
R24799,Region_24799
R24800,Region_24800
R24801,Region_24801
R24802,Region_24802
R24803,Region_24803
R24804,Region_24804
R24805,Region_24805
R24806,Region_24806
R24807,Region_24807
R24808,Region_24808
R24809,Region_24809
R24810,Region_24810
R24811,Region_24811
R24812,Region_24812
R24813,Region_24813
R24814,Region_24814
R24815,Region_24815
R24816,Region_24816
R24817,Region_24817
R24818,Region_24818
R24819,Region_24819
R24820,Region_24820
R24821,Region_24821
R24822,Region_24822
R24823,Region_24823
R24824,Region_24824
R24825,Region_24825
R24826,Region_24826
R24827,Region_24827
R24828,Region_24828
R24829,Region_24829
R24830,Region_24830
R24831,Region_24831
R24832,Region_24832
R24833,Region_24833
R24834,Region_24834
R24835,Region_24835
R24836,Region_24836
R24837,Region_24837
R24838,Region_24838
R24839,Region_24839
R24840,Region_24840
R24841,Region_24841
R24842,Region_24842
R24843,Region_24843
R24844,Region_24844
R24845,Region_24845
R24846,Region_24846
R24847,Region_24847
R24848,Region_24848
R24849,Region_24849
R24850,Region_24850
R24851,Region_24851
R24852,Region_24852
R24853,Region_24853
R24854,Region_24854
R24855,Region_24855
R24856,Region_24856
R24857,Region_24857
R24858,Region_24858
R24859,Region_24859
R24860,Region_24860
R24861,Region_24861
R24862,Region_24862
R24863,Region_24863
R24864,Region_24864
R24865,Region_24865
R24866,Region_24866
R24867,Region_24867
R24868,Region_24868
R24869,Region_24869
R24870,Region_24870
R24871,Region_24871
R24872,Region_24872
R24873,Region_24873
R24874,Region_24874
R24875,Region_24875
R24876,Region_24876
R24877,Region_24877
R24878,Region_24878
R24879,Region_24879
R24880,Region_24880
R24881,Region_24881
R24882,Region_24882
R24883,Region_24883
R24884,Region_24884
R24885,Region_24885
R24886,Region_24886
R24887,Region_24887
R24888,Region_24888
R24889,Region_24889
R24890,Region_24890
R24891,Region_24891
R24892,Region_24892
R24893,Region_24893
R24894,Region_24894
R24895,Region_24895
R24896,Region_24896
R24897,Region_24897
R24898,Region_24898
R24899,Region_24899
R24900,Region_24900
R24901,Region_24901
R24902,Region_24902
R24903,Region_24903
R24904,Region_24904
R24905,Region_24905
R24906,Region_24906
R24907,Region_24907
R24908,Region_24908
R24909,Region_24909
R24910,Region_24910
R24911,Region_24911
R24912,Region_24912
R24913,Region_24913
R24914,Region_24914
R24915,Region_24915
R24916,Region_24916
R24917,Region_24917
R24918,Region_24918
R24919,Region_24919
R24920,Region_24920
R24921,Region_24921
R24922,Region_24922
R24923,Region_24923
R24924,Region_24924
R24925,Region_24925
R24926,Region_24926
R24927,Region_24927
R24928,Region_24928
R24929,Region_24929
R24930,Region_24930
R24931,Region_24931
R24932,Region_24932
R24933,Region_24933
R24934,Region_24934
R24935,Region_24935
R24936,Region_24936
R24937,Region_24937
R24938,Region_24938
R24939,Region_24939
R24940,Region_24940
R24941,Region_24941
R24942,Region_24942
R24943,Region_24943
R24944,Region_24944
R24945,Region_24945
R24946,Region_24946
R24947,Region_24947
R24948,Region_24948
R24949,Region_24949
R24950,Region_24950
R24951,Region_24951
R24952,Region_24952
R24953,Region_24953
R24954,Region_24954
R24955,Region_24955
R24956,Region_24956
R24957,Region_24957
R24958,Region_24958
R24959,Region_24959
R24960,Region_24960
R24961,Region_24961
R24962,Region_24962
R24963,Region_24963
R24964,Region_24964
R24965,Region_24965
R24966,Region_24966
R24967,Region_24967
R24968,Region_24968
R24969,Region_24969
R24970,Region_24970
R24971,Region_24971
R24972,Region_24972
R24973,Region_24973
R24974,Region_24974
R24975,Region_24975
R24976,Region_24976
R24977,Region_24977
R24978,Region_24978
R24979,Region_24979
R24980,Region_24980
R24981,Region_24981
R24982,Region_24982
R24983,Region_24983
R24984,Region_24984
R24985,Region_24985
R24986,Region_24986
R24987,Region_24987
R24988,Region_24988
R24989,Region_24989
R24990,Region_24990
R24991,Region_24991
R24992,Region_24992
R24993,Region_24993
R24994,Region_24994
R24995,Region_24995
R24996,Region_24996
R24997,Region_24997
R24998,Region_24998
R24999,Region_24999
R25000,Region_25000
R25001,Region_25001
R25002,Region_25002
R25003,Region_25003
R25004,Region_25004
R25005,Region_25005
R25006,Region_25006
R25007,Region_25007
R25008,Region_25008
R25009,Region_25009
R25010,Region_25010
R25011,Region_25011
R25012,Region_25012
R25013,Region_25013
R25014,Region_25014
R25015,Region_25015
R25016,Region_25016
R25017,Region_25017
R25018,Region_25018
R25019,Region_25019
R25020,Region_25020
R25021,Region_25021
R25022,Region_25022
R25023,Region_25023
R25024,Region_25024
R25025,Region_25025
R25026,Region_25026
R25027,Region_25027
R25028,Region_25028
R25029,Region_25029
R25030,Region_25030
R25031,Region_25031
R25032,Region_25032
R25033,Region_25033
R25034,Region_25034
R25035,Region_25035
R25036,Region_25036
R25037,Region_25037
R25038,Region_25038
R25039,Region_25039
R25040,Region_25040
R25041,Region_25041
R25042,Region_25042
R25043,Region_25043
R25044,Region_25044
R25045,Region_25045
R25046,Region_25046
R25047,Region_25047
R25048,Region_25048
R25049,Region_25049
R25050,Region_25050
R25051,Region_25051
R25052,Region_25052
R25053,Region_25053
R25054,Region_25054
R25055,Region_25055
R25056,Region_25056
R25057,Region_25057
R25058,Region_25058
R25059,Region_25059
R25060,Region_25060
R25061,Region_25061
R25062,Region_25062
R25063,Region_25063
R25064,Region_25064
R25065,Region_25065
R25066,Region_25066
R25067,Region_25067
R25068,Region_25068
R25069,Region_25069
R25070,Region_25070
R25071,Region_25071
R25072,Region_25072
R25073,Region_25073
R25074,Region_25074
R25075,Region_25075
R25076,Region_25076
R25077,Region_25077
R25078,Region_25078
R25079,Region_25079
R25080,Region_25080
R25081,Region_25081
R25082,Region_25082
R25083,Region_25083
R25084,Region_25084
R25085,Region_25085
R25086,Region_25086
R25087,Region_25087
R25088,Region_25088
R25089,Region_25089
R25090,Region_25090
R25091,Region_25091
R25092,Region_25092
R25093,Region_25093
R25094,Region_25094
R25095,Region_25095
R25096,Region_25096
R25097,Region_25097
R25098,Region_25098
R25099,Region_25099
R25100,Region_25100
R25101,Region_25101
R25102,Region_25102
R25103,Region_25103
R25104,Region_25104
R25105,Region_25105
R25106,Region_25106
R25107,Region_25107
R25108,Region_25108
R25109,Region_25109
R25110,Region_25110
R25111,Region_25111
R25112,Region_25112
R25113,Region_25113
R25114,Region_25114
R25115,Region_25115
R25116,Region_25116
R25117,Region_25117
R25118,Region_25118
R25119,Region_25119
R25120,Region_25120
R25121,Region_25121
R25122,Region_25122
R25123,Region_25123
R25124,Region_25124
R25125,Region_25125
R25126,Region_25126
R25127,Region_25127
R25128,Region_25128
R25129,Region_25129
R25130,Region_25130
R25131,Region_25131
R25132,Region_25132
R25133,Region_25133
R25134,Region_25134
R25135,Region_25135
R25136,Region_25136
R25137,Region_25137
R25138,Region_25138
R25139,Region_25139
R25140,Region_25140
R25141,Region_25141
R25142,Region_25142
R25143,Region_25143
R25144,Region_25144
R25145,Region_25145
R25146,Region_25146
R25147,Region_25147
R25148,Region_25148
R25149,Region_25149
R25150,Region_25150
R25151,Region_25151
R25152,Region_25152
R25153,Region_25153
R25154,Region_25154
R25155,Region_25155
R25156,Region_25156
R25157,Region_25157
R25158,Region_25158
R25159,Region_25159
R25160,Region_25160
R25161,Region_25161
R25162,Region_25162
R25163,Region_25163
R25164,Region_25164
R25165,Region_25165
R25166,Region_25166
R25167,Region_25167
R25168,Region_25168
R25169,Region_25169
R25170,Region_25170
R25171,Region_25171
R25172,Region_25172
R25173,Region_25173
R25174,Region_25174
R25175,Region_25175
R25176,Region_25176
R25177,Region_25177
R25178,Region_25178
R25179,Region_25179
R25180,Region_25180
R25181,Region_25181
R25182,Region_25182
R25183,Region_25183
R25184,Region_25184
R25185,Region_25185
R25186,Region_25186
R25187,Region_25187
R25188,Region_25188
R25189,Region_25189
R25190,Region_25190
R25191,Region_25191
R25192,Region_25192
R25193,Region_25193
R25194,Region_25194
R25195,Region_25195
R25196,Region_25196
R25197,Region_25197
R25198,Region_25198
R25199,Region_25199
R25200,Region_25200
R25201,Region_25201
R25202,Region_25202
R25203,Region_25203
R25204,Region_25204
R25205,Region_25205
R25206,Region_25206
R25207,Region_25207
R25208,Region_25208
R25209,Region_25209
R25210,Region_25210
R25211,Region_25211
R25212,Region_25212
R25213,Region_25213
R25214,Region_25214
R25215,Region_25215
R25216,Region_25216
R25217,Region_25217
R25218,Region_25218
R25219,Region_25219
R25220,Region_25220
R25221,Region_25221
R25222,Region_25222
R25223,Region_25223
R25224,Region_25224
R25225,Region_25225
R25226,Region_25226
R25227,Region_25227
R25228,Region_25228
R25229,Region_25229
R25230,Region_25230
R25231,Region_25231
R25232,Region_25232
R25233,Region_25233
R25234,Region_25234
R25235,Region_25235
R25236,Region_25236
R25237,Region_25237
R25238,Region_25238
R25239,Region_25239
R25240,Region_25240
R25241,Region_25241
R25242,Region_25242
R25243,Region_25243
R25244,Region_25244
R25245,Region_25245
R25246,Region_25246
R25247,Region_25247
R25248,Region_25248
R25249,Region_25249
R25250,Region_25250
R25251,Region_25251
R25252,Region_25252
R25253,Region_25253
R25254,Region_25254
R25255,Region_25255
R25256,Region_25256
R25257,Region_25257
R25258,Region_25258
R25259,Region_25259
R25260,Region_25260
R25261,Region_25261
R25262,Region_25262
R25263,Region_25263
R25264,Region_25264
R25265,Region_25265
R25266,Region_25266
R25267,Region_25267
R25268,Region_25268
R25269,Region_25269
R25270,Region_25270
R25271,Region_25271
R25272,Region_25272
R25273,Region_25273
R25274,Region_25274
R25275,Region_25275
R25276,Region_25276
R25277,Region_25277
R25278,Region_25278
R25279,Region_25279
R25280,Region_25280
R25281,Region_25281
R25282,Region_25282
R25283,Region_25283
R25284,Region_25284
R25285,Region_25285
R25286,Region_25286
R25287,Region_25287
R25288,Region_25288
R25289,Region_25289
R25290,Region_25290
R25291,Region_25291
R25292,Region_25292
R25293,Region_25293
R25294,Region_25294
R25295,Region_25295
R25296,Region_25296
R25297,Region_25297
R25298,Region_25298
R25299,Region_25299
R25300,Region_25300
R25301,Region_25301
R25302,Region_25302
R25303,Region_25303
R25304,Region_25304
R25305,Region_25305
R25306,Region_25306
R25307,Region_25307
R25308,Region_25308
R25309,Region_25309
R25310,Region_25310
R25311,Region_25311
R25312,Region_25312
R25313,Region_25313
R25314,Region_25314
R25315,Region_25315
R25316,Region_25316
R25317,Region_25317
R25318,Region_25318
R25319,Region_25319
R25320,Region_25320
R25321,Region_25321
R25322,Region_25322
R25323,Region_25323
R25324,Region_25324
R25325,Region_25325
R25326,Region_25326
R25327,Region_25327
R25328,Region_25328
R25329,Region_25329
R25330,Region_25330
R25331,Region_25331
R25332,Region_25332
R25333,Region_25333
R25334,Region_25334
R25335,Region_25335
R25336,Region_25336
R25337,Region_25337
R25338,Region_25338
R25339,Region_25339
R25340,Region_25340
R25341,Region_25341
R25342,Region_25342
R25343,Region_25343
R25344,Region_25344
R25345,Region_25345
R25346,Region_25346
R25347,Region_25347
R25348,Region_25348
R25349,Region_25349
R25350,Region_25350
R25351,Region_25351
R25352,Region_25352
R25353,Region_25353
R25354,Region_25354
R25355,Region_25355
R25356,Region_25356
R25357,Region_25357
R25358,Region_25358
R25359,Region_25359
R25360,Region_25360
R25361,Region_25361
R25362,Region_25362
R25363,Region_25363
R25364,Region_25364
R25365,Region_25365
R25366,Region_25366
R25367,Region_25367
R25368,Region_25368
R25369,Region_25369
R25370,Region_25370
R25371,Region_25371
R25372,Region_25372
R25373,Region_25373
R25374,Region_25374
R25375,Region_25375
R25376,Region_25376
R25377,Region_25377
R25378,Region_25378
R25379,Region_25379
R25380,Region_25380
R25381,Region_25381
R25382,Region_25382
R25383,Region_25383
R25384,Region_25384
R25385,Region_25385
R25386,Region_25386
R25387,Region_25387
R25388,Region_25388
R25389,Region_25389
R25390,Region_25390
R25391,Region_25391
R25392,Region_25392
R25393,Region_25393
R25394,Region_25394
R25395,Region_25395
R25396,Region_25396
R25397,Region_25397
R25398,Region_25398
R25399,Region_25399
R25400,Region_25400
R25401,Region_25401
R25402,Region_25402
R25403,Region_25403
R25404,Region_25404
R25405,Region_25405
R25406,Region_25406
R25407,Region_25407
R25408,Region_25408
R25409,Region_25409
R25410,Region_25410
R25411,Region_25411
R25412,Region_25412
R25413,Region_25413
R25414,Region_25414
R25415,Region_25415
R25416,Region_25416
R25417,Region_25417
R25418,Region_25418
R25419,Region_25419
R25420,Region_25420
R25421,Region_25421
R25422,Region_25422
R25423,Region_25423
R25424,Region_25424
R25425,Region_25425
R25426,Region_25426
R25427,Region_25427
R25428,Region_25428
R25429,Region_25429
R25430,Region_25430
R25431,Region_25431
R25432,Region_25432
R25433,Region_25433
R25434,Region_25434
R25435,Region_25435
R25436,Region_25436
R25437,Region_25437
R25438,Region_25438
R25439,Region_25439
R25440,Region_25440
R25441,Region_25441
R25442,Region_25442
R25443,Region_25443
R25444,Region_25444
R25445,Region_25445
R25446,Region_25446
R25447,Region_25447
R25448,Region_25448
R25449,Region_25449
R25450,Region_25450
R25451,Region_25451
R25452,Region_25452
R25453,Region_25453
R25454,Region_25454
R25455,Region_25455
R25456,Region_25456
R25457,Region_25457
R25458,Region_25458
R25459,Region_25459
R25460,Region_25460
R25461,Region_25461
R25462,Region_25462
R25463,Region_25463
R25464,Region_25464
R25465,Region_25465
R25466,Region_25466
R25467,Region_25467
R25468,Region_25468
R25469,Region_25469
R25470,Region_25470
R25471,Region_25471
R25472,Region_25472
R25473,Region_25473
R25474,Region_25474
R25475,Region_25475
R25476,Region_25476
R25477,Region_25477
R25478,Region_25478
R25479,Region_25479
R25480,Region_25480
R25481,Region_25481
R25482,Region_25482
R25483,Region_25483
R25484,Region_25484
R25485,Region_25485
R25486,Region_25486
R25487,Region_25487
R25488,Region_25488
R25489,Region_25489
R25490,Region_25490
R25491,Region_25491
R25492,Region_25492
R25493,Region_25493
R25494,Region_25494
R25495,Region_25495
R25496,Region_25496
R25497,Region_25497
R25498,Region_25498
R25499,Region_25499
R25500,Region_25500
R25501,Region_25501
R25502,Region_25502
R25503,Region_25503
R25504,Region_25504
R25505,Region_25505
R25506,Region_25506
R25507,Region_25507
R25508,Region_25508
R25509,Region_25509
R25510,Region_25510
R25511,Region_25511
R25512,Region_25512
R25513,Region_25513
R25514,Region_25514
R25515,Region_25515
R25516,Region_25516
R25517,Region_25517
R25518,Region_25518
R25519,Region_25519
R25520,Region_25520
R25521,Region_25521
R25522,Region_25522
R25523,Region_25523
R25524,Region_25524
R25525,Region_25525
R25526,Region_25526
R25527,Region_25527
R25528,Region_25528
R25529,Region_25529
R25530,Region_25530
R25531,Region_25531
R25532,Region_25532
R25533,Region_25533
R25534,Region_25534
R25535,Region_25535
R25536,Region_25536
R25537,Region_25537
R25538,Region_25538
R25539,Region_25539
R25540,Region_25540
R25541,Region_25541
R25542,Region_25542
R25543,Region_25543
R25544,Region_25544
R25545,Region_25545
R25546,Region_25546
R25547,Region_25547
R25548,Region_25548
R25549,Region_25549
R25550,Region_25550
R25551,Region_25551
R25552,Region_25552
R25553,Region_25553
R25554,Region_25554
R25555,Region_25555
R25556,Region_25556
R25557,Region_25557
R25558,Region_25558
R25559,Region_25559
R25560,Region_25560
R25561,Region_25561
R25562,Region_25562
R25563,Region_25563
R25564,Region_25564
R25565,Region_25565
R25566,Region_25566
R25567,Region_25567
R25568,Region_25568
R25569,Region_25569
R25570,Region_25570
R25571,Region_25571
R25572,Region_25572
R25573,Region_25573
R25574,Region_25574
R25575,Region_25575
R25576,Region_25576
R25577,Region_25577
R25578,Region_25578
R25579,Region_25579
R25580,Region_25580
R25581,Region_25581
R25582,Region_25582
R25583,Region_25583
R25584,Region_25584
R25585,Region_25585
R25586,Region_25586
R25587,Region_25587
R25588,Region_25588
R25589,Region_25589
R25590,Region_25590
R25591,Region_25591
R25592,Region_25592
R25593,Region_25593
R25594,Region_25594
R25595,Region_25595
R25596,Region_25596
R25597,Region_25597
R25598,Region_25598
R25599,Region_25599
R25600,Region_25600
R25601,Region_25601
R25602,Region_25602
R25603,Region_25603
R25604,Region_25604
R25605,Region_25605
R25606,Region_25606
R25607,Region_25607
R25608,Region_25608
R25609,Region_25609
R25610,Region_25610
R25611,Region_25611
R25612,Region_25612
R25613,Region_25613
R25614,Region_25614
R25615,Region_25615
R25616,Region_25616
R25617,Region_25617
R25618,Region_25618
R25619,Region_25619
R25620,Region_25620
R25621,Region_25621
R25622,Region_25622
R25623,Region_25623
R25624,Region_25624
R25625,Region_25625
R25626,Region_25626
R25627,Region_25627
R25628,Region_25628
R25629,Region_25629
R25630,Region_25630
R25631,Region_25631
R25632,Region_25632
R25633,Region_25633
R25634,Region_25634
R25635,Region_25635
R25636,Region_25636
R25637,Region_25637
R25638,Region_25638
R25639,Region_25639
R25640,Region_25640
R25641,Region_25641
R25642,Region_25642
R25643,Region_25643
R25644,Region_25644
R25645,Region_25645
R25646,Region_25646
R25647,Region_25647
R25648,Region_25648
R25649,Region_25649
R25650,Region_25650
R25651,Region_25651
R25652,Region_25652
R25653,Region_25653
R25654,Region_25654
R25655,Region_25655
R25656,Region_25656
R25657,Region_25657
R25658,Region_25658
R25659,Region_25659
R25660,Region_25660
R25661,Region_25661
R25662,Region_25662
R25663,Region_25663
R25664,Region_25664
R25665,Region_25665
R25666,Region_25666
R25667,Region_25667
R25668,Region_25668
R25669,Region_25669
R25670,Region_25670
R25671,Region_25671
R25672,Region_25672
R25673,Region_25673
R25674,Region_25674
R25675,Region_25675
R25676,Region_25676
R25677,Region_25677
R25678,Region_25678
R25679,Region_25679
R25680,Region_25680
R25681,Region_25681
R25682,Region_25682
R25683,Region_25683
R25684,Region_25684
R25685,Region_25685
R25686,Region_25686
R25687,Region_25687
R25688,Region_25688
R25689,Region_25689
R25690,Region_25690
R25691,Region_25691
R25692,Region_25692
R25693,Region_25693
R25694,Region_25694
R25695,Region_25695
R25696,Region_25696
R25697,Region_25697
R25698,Region_25698
R25699,Region_25699
R25700,Region_25700
R25701,Region_25701
R25702,Region_25702
R25703,Region_25703
R25704,Region_25704
R25705,Region_25705
R25706,Region_25706
R25707,Region_25707
R25708,Region_25708
R25709,Region_25709
R25710,Region_25710
R25711,Region_25711
R25712,Region_25712
R25713,Region_25713
R25714,Region_25714
R25715,Region_25715
R25716,Region_25716
R25717,Region_25717
R25718,Region_25718
R25719,Region_25719
R25720,Region_25720
R25721,Region_25721
R25722,Region_25722
R25723,Region_25723
R25724,Region_25724
R25725,Region_25725
R25726,Region_25726
R25727,Region_25727
R25728,Region_25728
R25729,Region_25729
R25730,Region_25730
R25731,Region_25731
R25732,Region_25732
R25733,Region_25733
R25734,Region_25734
R25735,Region_25735
R25736,Region_25736
R25737,Region_25737
R25738,Region_25738
R25739,Region_25739
R25740,Region_25740
R25741,Region_25741
R25742,Region_25742
R25743,Region_25743
R25744,Region_25744
R25745,Region_25745
R25746,Region_25746
R25747,Region_25747
R25748,Region_25748
R25749,Region_25749
R25750,Region_25750
R25751,Region_25751
R25752,Region_25752
R25753,Region_25753
R25754,Region_25754
R25755,Region_25755
R25756,Region_25756
R25757,Region_25757
R25758,Region_25758
R25759,Region_25759
R25760,Region_25760
R25761,Region_25761
R25762,Region_25762
R25763,Region_25763
R25764,Region_25764
R25765,Region_25765
R25766,Region_25766
R25767,Region_25767
R25768,Region_25768
R25769,Region_25769
R25770,Region_25770
R25771,Region_25771
R25772,Region_25772
R25773,Region_25773
R25774,Region_25774
R25775,Region_25775
R25776,Region_25776
R25777,Region_25777
R25778,Region_25778
R25779,Region_25779
R25780,Region_25780
R25781,Region_25781
R25782,Region_25782
R25783,Region_25783
R25784,Region_25784
R25785,Region_25785
R25786,Region_25786
R25787,Region_25787
R25788,Region_25788
R25789,Region_25789
R25790,Region_25790
R25791,Region_25791
R25792,Region_25792
R25793,Region_25793
R25794,Region_25794
R25795,Region_25795
R25796,Region_25796
R25797,Region_25797
R25798,Region_25798
R25799,Region_25799
R25800,Region_25800
R25801,Region_25801
R25802,Region_25802
R25803,Region_25803
R25804,Region_25804
R25805,Region_25805
R25806,Region_25806
R25807,Region_25807
R25808,Region_25808
R25809,Region_25809
R25810,Region_25810
R25811,Region_25811
R25812,Region_25812
R25813,Region_25813
R25814,Region_25814
R25815,Region_25815
R25816,Region_25816
R25817,Region_25817
R25818,Region_25818
R25819,Region_25819
R25820,Region_25820
R25821,Region_25821
R25822,Region_25822
R25823,Region_25823
R25824,Region_25824
R25825,Region_25825
R25826,Region_25826
R25827,Region_25827
R25828,Region_25828
R25829,Region_25829
R25830,Region_25830
R25831,Region_25831
R25832,Region_25832
R25833,Region_25833
R25834,Region_25834
R25835,Region_25835
R25836,Region_25836
R25837,Region_25837
R25838,Region_25838
R25839,Region_25839
R25840,Region_25840
R25841,Region_25841
R25842,Region_25842
R25843,Region_25843
R25844,Region_25844
R25845,Region_25845
R25846,Region_25846
R25847,Region_25847
R25848,Region_25848
R25849,Region_25849
R25850,Region_25850
R25851,Region_25851
R25852,Region_25852
R25853,Region_25853
R25854,Region_25854
R25855,Region_25855
R25856,Region_25856
R25857,Region_25857
R25858,Region_25858
R25859,Region_25859
R25860,Region_25860
R25861,Region_25861
R25862,Region_25862
R25863,Region_25863
R25864,Region_25864
R25865,Region_25865
R25866,Region_25866
R25867,Region_25867
R25868,Region_25868
R25869,Region_25869
R25870,Region_25870
R25871,Region_25871
R25872,Region_25872
R25873,Region_25873
R25874,Region_25874
R25875,Region_25875
R25876,Region_25876
R25877,Region_25877
R25878,Region_25878
R25879,Region_25879
R25880,Region_25880
R25881,Region_25881
R25882,Region_25882
R25883,Region_25883
R25884,Region_25884
R25885,Region_25885
R25886,Region_25886
R25887,Region_25887
R25888,Region_25888
R25889,Region_25889
R25890,Region_25890
R25891,Region_25891
R25892,Region_25892
R25893,Region_25893
R25894,Region_25894
R25895,Region_25895
R25896,Region_25896
R25897,Region_25897
R25898,Region_25898
R25899,Region_25899
R25900,Region_25900
R25901,Region_25901
R25902,Region_25902
R25903,Region_25903
R25904,Region_25904
R25905,Region_25905
R25906,Region_25906
R25907,Region_25907
R25908,Region_25908
R25909,Region_25909
R25910,Region_25910
R25911,Region_25911
R25912,Region_25912
R25913,Region_25913
R25914,Region_25914
R25915,Region_25915
R25916,Region_25916
R25917,Region_25917
R25918,Region_25918
R25919,Region_25919
R25920,Region_25920
R25921,Region_25921
R25922,Region_25922
R25923,Region_25923
R25924,Region_25924
R25925,Region_25925
R25926,Region_25926
R25927,Region_25927
R25928,Region_25928
R25929,Region_25929
R25930,Region_25930
R25931,Region_25931
R25932,Region_25932
R25933,Region_25933
R25934,Region_25934
R25935,Region_25935
R25936,Region_25936
R25937,Region_25937
R25938,Region_25938
R25939,Region_25939
R25940,Region_25940
R25941,Region_25941
R25942,Region_25942
R25943,Region_25943
R25944,Region_25944
R25945,Region_25945
R25946,Region_25946
R25947,Region_25947
R25948,Region_25948
R25949,Region_25949
R25950,Region_25950
R25951,Region_25951
R25952,Region_25952
R25953,Region_25953
R25954,Region_25954
R25955,Region_25955
R25956,Region_25956
R25957,Region_25957
R25958,Region_25958
R25959,Region_25959
R25960,Region_25960
R25961,Region_25961
R25962,Region_25962
R25963,Region_25963
R25964,Region_25964
R25965,Region_25965
R25966,Region_25966
R25967,Region_25967
R25968,Region_25968
R25969,Region_25969
R25970,Region_25970
R25971,Region_25971
R25972,Region_25972
R25973,Region_25973
R25974,Region_25974
R25975,Region_25975
R25976,Region_25976
R25977,Region_25977
R25978,Region_25978
R25979,Region_25979
R25980,Region_25980
R25981,Region_25981
R25982,Region_25982
R25983,Region_25983
R25984,Region_25984
R25985,Region_25985
R25986,Region_25986
R25987,Region_25987
R25988,Region_25988
R25989,Region_25989
R25990,Region_25990
R25991,Region_25991
R25992,Region_25992
R25993,Region_25993
R25994,Region_25994
R25995,Region_25995
R25996,Region_25996
R25997,Region_25997
R25998,Region_25998
R25999,Region_25999
R26000,Region_26000
R26001,Region_26001
R26002,Region_26002
R26003,Region_26003
R26004,Region_26004
R26005,Region_26005
R26006,Region_26006
R26007,Region_26007
R26008,Region_26008
R26009,Region_26009
R26010,Region_26010
R26011,Region_26011
R26012,Region_26012
R26013,Region_26013
R26014,Region_26014
R26015,Region_26015
R26016,Region_26016
R26017,Region_26017
R26018,Region_26018
R26019,Region_26019
R26020,Region_26020
R26021,Region_26021
R26022,Region_26022
R26023,Region_26023
R26024,Region_26024
R26025,Region_26025
R26026,Region_26026
R26027,Region_26027
R26028,Region_26028
R26029,Region_26029
R26030,Region_26030
R26031,Region_26031
R26032,Region_26032
R26033,Region_26033
R26034,Region_26034
R26035,Region_26035
R26036,Region_26036
R26037,Region_26037
R26038,Region_26038
R26039,Region_26039
R26040,Region_26040
R26041,Region_26041
R26042,Region_26042
R26043,Region_26043
R26044,Region_26044
R26045,Region_26045
R26046,Region_26046
R26047,Region_26047
R26048,Region_26048
R26049,Region_26049
R26050,Region_26050
R26051,Region_26051
R26052,Region_26052
R26053,Region_26053
R26054,Region_26054
R26055,Region_26055
R26056,Region_26056
R26057,Region_26057
R26058,Region_26058
R26059,Region_26059
R26060,Region_26060
R26061,Region_26061
R26062,Region_26062
R26063,Region_26063
R26064,Region_26064
R26065,Region_26065
R26066,Region_26066
R26067,Region_26067
R26068,Region_26068
R26069,Region_26069
R26070,Region_26070
R26071,Region_26071
R26072,Region_26072
R26073,Region_26073
R26074,Region_26074
R26075,Region_26075
R26076,Region_26076
R26077,Region_26077
R26078,Region_26078
R26079,Region_26079
R26080,Region_26080
R26081,Region_26081
R26082,Region_26082
R26083,Region_26083
R26084,Region_26084
R26085,Region_26085
R26086,Region_26086
R26087,Region_26087
R26088,Region_26088
R26089,Region_26089
R26090,Region_26090
R26091,Region_26091
R26092,Region_26092
R26093,Region_26093
R26094,Region_26094
R26095,Region_26095
R26096,Region_26096
R26097,Region_26097
R26098,Region_26098
R26099,Region_26099
R26100,Region_26100
R26101,Region_26101
R26102,Region_26102
R26103,Region_26103
R26104,Region_26104
R26105,Region_26105
R26106,Region_26106
R26107,Region_26107
R26108,Region_26108
R26109,Region_26109
R26110,Region_26110
R26111,Region_26111
R26112,Region_26112
R26113,Region_26113
R26114,Region_26114
R26115,Region_26115
R26116,Region_26116
R26117,Region_26117
R26118,Region_26118
R26119,Region_26119
R26120,Region_26120
R26121,Region_26121
R26122,Region_26122
R26123,Region_26123
R26124,Region_26124
R26125,Region_26125
R26126,Region_26126
R26127,Region_26127
R26128,Region_26128
R26129,Region_26129
R26130,Region_26130
R26131,Region_26131
R26132,Region_26132
R26133,Region_26133
R26134,Region_26134
R26135,Region_26135
R26136,Region_26136
R26137,Region_26137
R26138,Region_26138
R26139,Region_26139
R26140,Region_26140
R26141,Region_26141
R26142,Region_26142
R26143,Region_26143
R26144,Region_26144
R26145,Region_26145
R26146,Region_26146
R26147,Region_26147
R26148,Region_26148
R26149,Region_26149
R26150,Region_26150
R26151,Region_26151
R26152,Region_26152
R26153,Region_26153
R26154,Region_26154
R26155,Region_26155
R26156,Region_26156
R26157,Region_26157
R26158,Region_26158
R26159,Region_26159
R26160,Region_26160
R26161,Region_26161
R26162,Region_26162
R26163,Region_26163
R26164,Region_26164
R26165,Region_26165
R26166,Region_26166
R26167,Region_26167
R26168,Region_26168
R26169,Region_26169
R26170,Region_26170
R26171,Region_26171
R26172,Region_26172
R26173,Region_26173
R26174,Region_26174
R26175,Region_26175
R26176,Region_26176
R26177,Region_26177
R26178,Region_26178
R26179,Region_26179
R26180,Region_26180
R26181,Region_26181
R26182,Region_26182
R26183,Region_26183
R26184,Region_26184
R26185,Region_26185
R26186,Region_26186
R26187,Region_26187
R26188,Region_26188
R26189,Region_26189
R26190,Region_26190
R26191,Region_26191
R26192,Region_26192
R26193,Region_26193
R26194,Region_26194
R26195,Region_26195
R26196,Region_26196
R26197,Region_26197
R26198,Region_26198
R26199,Region_26199
R26200,Region_26200
R26201,Region_26201
R26202,Region_26202
R26203,Region_26203
R26204,Region_26204
R26205,Region_26205
R26206,Region_26206
R26207,Region_26207
R26208,Region_26208
R26209,Region_26209
R26210,Region_26210
R26211,Region_26211
R26212,Region_26212
R26213,Region_26213
R26214,Region_26214
R26215,Region_26215
R26216,Region_26216
R26217,Region_26217
R26218,Region_26218
R26219,Region_26219
R26220,Region_26220
R26221,Region_26221
R26222,Region_26222
R26223,Region_26223
R26224,Region_26224
R26225,Region_26225
R26226,Region_26226
R26227,Region_26227
R26228,Region_26228
R26229,Region_26229
R26230,Region_26230
R26231,Region_26231
R26232,Region_26232
R26233,Region_26233
R26234,Region_26234
R26235,Region_26235
R26236,Region_26236
R26237,Region_26237
R26238,Region_26238
R26239,Region_26239
R26240,Region_26240
R26241,Region_26241
R26242,Region_26242
R26243,Region_26243
R26244,Region_26244
R26245,Region_26245
R26246,Region_26246
R26247,Region_26247
R26248,Region_26248
R26249,Region_26249
R26250,Region_26250
R26251,Region_26251
R26252,Region_26252
R26253,Region_26253
R26254,Region_26254
R26255,Region_26255
R26256,Region_26256
R26257,Region_26257
R26258,Region_26258
R26259,Region_26259
R26260,Region_26260
R26261,Region_26261
R26262,Region_26262
R26263,Region_26263
R26264,Region_26264
R26265,Region_26265
R26266,Region_26266
R26267,Region_26267
R26268,Region_26268
R26269,Region_26269
R26270,Region_26270
R26271,Region_26271
R26272,Region_26272
R26273,Region_26273
R26274,Region_26274
R26275,Region_26275
R26276,Region_26276
R26277,Region_26277
R26278,Region_26278
R26279,Region_26279
R26280,Region_26280
R26281,Region_26281
R26282,Region_26282
R26283,Region_26283
R26284,Region_26284
R26285,Region_26285
R26286,Region_26286
R26287,Region_26287
R26288,Region_26288
R26289,Region_26289
R26290,Region_26290
R26291,Region_26291
R26292,Region_26292
R26293,Region_26293
R26294,Region_26294
R26295,Region_26295
R26296,Region_26296
R26297,Region_26297
R26298,Region_26298
R26299,Region_26299
R26300,Region_26300
R26301,Region_26301
R26302,Region_26302
R26303,Region_26303
R26304,Region_26304
R26305,Region_26305
R26306,Region_26306
R26307,Region_26307
R26308,Region_26308
R26309,Region_26309
R26310,Region_26310
R26311,Region_26311
R26312,Region_26312
R26313,Region_26313
R26314,Region_26314
R26315,Region_26315
R26316,Region_26316
R26317,Region_26317
R26318,Region_26318
R26319,Region_26319
R26320,Region_26320
R26321,Region_26321
R26322,Region_26322
R26323,Region_26323
R26324,Region_26324
R26325,Region_26325
R26326,Region_26326
R26327,Region_26327
R26328,Region_26328
R26329,Region_26329
R26330,Region_26330
R26331,Region_26331
R26332,Region_26332
R26333,Region_26333
R26334,Region_26334
R26335,Region_26335
R26336,Region_26336
R26337,Region_26337
R26338,Region_26338
R26339,Region_26339
R26340,Region_26340
R26341,Region_26341
R26342,Region_26342
R26343,Region_26343
R26344,Region_26344
R26345,Region_26345
R26346,Region_26346
R26347,Region_26347
R26348,Region_26348
R26349,Region_26349
R26350,Region_26350
R26351,Region_26351
R26352,Region_26352
R26353,Region_26353
R26354,Region_26354
R26355,Region_26355
R26356,Region_26356
R26357,Region_26357
R26358,Region_26358
R26359,Region_26359
R26360,Region_26360
R26361,Region_26361
R26362,Region_26362
R26363,Region_26363
R26364,Region_26364
R26365,Region_26365
R26366,Region_26366
R26367,Region_26367
R26368,Region_26368
R26369,Region_26369
R26370,Region_26370
R26371,Region_26371
R26372,Region_26372
R26373,Region_26373
R26374,Region_26374
R26375,Region_26375
R26376,Region_26376
R26377,Region_26377
R26378,Region_26378
R26379,Region_26379
R26380,Region_26380
R26381,Region_26381
R26382,Region_26382
R26383,Region_26383
R26384,Region_26384
R26385,Region_26385
R26386,Region_26386
R26387,Region_26387
R26388,Region_26388
R26389,Region_26389
R26390,Region_26390
R26391,Region_26391
R26392,Region_26392
R26393,Region_26393
R26394,Region_26394
R26395,Region_26395
R26396,Region_26396
R26397,Region_26397
R26398,Region_26398
R26399,Region_26399
R26400,Region_26400
R26401,Region_26401
R26402,Region_26402
R26403,Region_26403
R26404,Region_26404
R26405,Region_26405
R26406,Region_26406
R26407,Region_26407
R26408,Region_26408
R26409,Region_26409
R26410,Region_26410
R26411,Region_26411
R26412,Region_26412
R26413,Region_26413
R26414,Region_26414
R26415,Region_26415
R26416,Region_26416
R26417,Region_26417
R26418,Region_26418
R26419,Region_26419
R26420,Region_26420
R26421,Region_26421
R26422,Region_26422
R26423,Region_26423
R26424,Region_26424
R26425,Region_26425
R26426,Region_26426
R26427,Region_26427
R26428,Region_26428
R26429,Region_26429
R26430,Region_26430
R26431,Region_26431
R26432,Region_26432
R26433,Region_26433
R26434,Region_26434
R26435,Region_26435
R26436,Region_26436
R26437,Region_26437
R26438,Region_26438
R26439,Region_26439
R26440,Region_26440
R26441,Region_26441
R26442,Region_26442
R26443,Region_26443
R26444,Region_26444
R26445,Region_26445
R26446,Region_26446
R26447,Region_26447
R26448,Region_26448
R26449,Region_26449
R26450,Region_26450
R26451,Region_26451
R26452,Region_26452
R26453,Region_26453
R26454,Region_26454
R26455,Region_26455
R26456,Region_26456
R26457,Region_26457
R26458,Region_26458
R26459,Region_26459
R26460,Region_26460
R26461,Region_26461
R26462,Region_26462
R26463,Region_26463
R26464,Region_26464
R26465,Region_26465
R26466,Region_26466
R26467,Region_26467
R26468,Region_26468
R26469,Region_26469
R26470,Region_26470
R26471,Region_26471
R26472,Region_26472
R26473,Region_26473
R26474,Region_26474
R26475,Region_26475
R26476,Region_26476
R26477,Region_26477
R26478,Region_26478
R26479,Region_26479
R26480,Region_26480
R26481,Region_26481
R26482,Region_26482
R26483,Region_26483
R26484,Region_26484
R26485,Region_26485
R26486,Region_26486
R26487,Region_26487
R26488,Region_26488
R26489,Region_26489
R26490,Region_26490
R26491,Region_26491
R26492,Region_26492
R26493,Region_26493
R26494,Region_26494
R26495,Region_26495
R26496,Region_26496
R26497,Region_26497
R26498,Region_26498
R26499,Region_26499
R26500,Region_26500
R26501,Region_26501
R26502,Region_26502
R26503,Region_26503
R26504,Region_26504
R26505,Region_26505
R26506,Region_26506
R26507,Region_26507
R26508,Region_26508
R26509,Region_26509
R26510,Region_26510
R26511,Region_26511
R26512,Region_26512
R26513,Region_26513
R26514,Region_26514
R26515,Region_26515
R26516,Region_26516
R26517,Region_26517
R26518,Region_26518
R26519,Region_26519
R26520,Region_26520
R26521,Region_26521
R26522,Region_26522
R26523,Region_26523
R26524,Region_26524
R26525,Region_26525
R26526,Region_26526
R26527,Region_26527
R26528,Region_26528
R26529,Region_26529
R26530,Region_26530
R26531,Region_26531
R26532,Region_26532
R26533,Region_26533
R26534,Region_26534
R26535,Region_26535
R26536,Region_26536
R26537,Region_26537
R26538,Region_26538
R26539,Region_26539
R26540,Region_26540
R26541,Region_26541
R26542,Region_26542
R26543,Region_26543
R26544,Region_26544
R26545,Region_26545
R26546,Region_26546
R26547,Region_26547
R26548,Region_26548
R26549,Region_26549
R26550,Region_26550
R26551,Region_26551
R26552,Region_26552
R26553,Region_26553
R26554,Region_26554
R26555,Region_26555
R26556,Region_26556
R26557,Region_26557
R26558,Region_26558
R26559,Region_26559
R26560,Region_26560
R26561,Region_26561
R26562,Region_26562
R26563,Region_26563
R26564,Region_26564
R26565,Region_26565
R26566,Region_26566
R26567,Region_26567
R26568,Region_26568
R26569,Region_26569
R26570,Region_26570
R26571,Region_26571
R26572,Region_26572
R26573,Region_26573
R26574,Region_26574
R26575,Region_26575
R26576,Region_26576
R26577,Region_26577
R26578,Region_26578
R26579,Region_26579
R26580,Region_26580
R26581,Region_26581
R26582,Region_26582
R26583,Region_26583
R26584,Region_26584
R26585,Region_26585
R26586,Region_26586
R26587,Region_26587
R26588,Region_26588
R26589,Region_26589
R26590,Region_26590
R26591,Region_26591
R26592,Region_26592
R26593,Region_26593
R26594,Region_26594
R26595,Region_26595
R26596,Region_26596
R26597,Region_26597
R26598,Region_26598
R26599,Region_26599
R26600,Region_26600
R26601,Region_26601
R26602,Region_26602
R26603,Region_26603
R26604,Region_26604
R26605,Region_26605
R26606,Region_26606
R26607,Region_26607
R26608,Region_26608
R26609,Region_26609
R26610,Region_26610
R26611,Region_26611
R26612,Region_26612
R26613,Region_26613
R26614,Region_26614
R26615,Region_26615
R26616,Region_26616
R26617,Region_26617
R26618,Region_26618
R26619,Region_26619
R26620,Region_26620
R26621,Region_26621
R26622,Region_26622
R26623,Region_26623
R26624,Region_26624
R26625,Region_26625
R26626,Region_26626
R26627,Region_26627
R26628,Region_26628
R26629,Region_26629
R26630,Region_26630
R26631,Region_26631
R26632,Region_26632
R26633,Region_26633
R26634,Region_26634
R26635,Region_26635
R26636,Region_26636
R26637,Region_26637
R26638,Region_26638
R26639,Region_26639
R26640,Region_26640
R26641,Region_26641
R26642,Region_26642
R26643,Region_26643
R26644,Region_26644
R26645,Region_26645
R26646,Region_26646
R26647,Region_26647
R26648,Region_26648
R26649,Region_26649
R26650,Region_26650
R26651,Region_26651
R26652,Region_26652
R26653,Region_26653
R26654,Region_26654
R26655,Region_26655
R26656,Region_26656
R26657,Region_26657
R26658,Region_26658
R26659,Region_26659
R26660,Region_26660
R26661,Region_26661
R26662,Region_26662
R26663,Region_26663
R26664,Region_26664
R26665,Region_26665
R26666,Region_26666
R26667,Region_26667
R26668,Region_26668
R26669,Region_26669
R26670,Region_26670
R26671,Region_26671
R26672,Region_26672
R26673,Region_26673
R26674,Region_26674
R26675,Region_26675
R26676,Region_26676
R26677,Region_26677
R26678,Region_26678
R26679,Region_26679
R26680,Region_26680
R26681,Region_26681
R26682,Region_26682
R26683,Region_26683
R26684,Region_26684
R26685,Region_26685
R26686,Region_26686
R26687,Region_26687
R26688,Region_26688
R26689,Region_26689
R26690,Region_26690
R26691,Region_26691
R26692,Region_26692
R26693,Region_26693
R26694,Region_26694
R26695,Region_26695
R26696,Region_26696
R26697,Region_26697
R26698,Region_26698
R26699,Region_26699
R26700,Region_26700
R26701,Region_26701
R26702,Region_26702
R26703,Region_26703
R26704,Region_26704
R26705,Region_26705
R26706,Region_26706
R26707,Region_26707
R26708,Region_26708
R26709,Region_26709
R26710,Region_26710
R26711,Region_26711
R26712,Region_26712
R26713,Region_26713
R26714,Region_26714
R26715,Region_26715
R26716,Region_26716
R26717,Region_26717
R26718,Region_26718
R26719,Region_26719
R26720,Region_26720
R26721,Region_26721
R26722,Region_26722
R26723,Region_26723
R26724,Region_26724
R26725,Region_26725
R26726,Region_26726
R26727,Region_26727
R26728,Region_26728
R26729,Region_26729
R26730,Region_26730
R26731,Region_26731
R26732,Region_26732
R26733,Region_26733
R26734,Region_26734
R26735,Region_26735
R26736,Region_26736
R26737,Region_26737
R26738,Region_26738
R26739,Region_26739
R26740,Region_26740
R26741,Region_26741
R26742,Region_26742
R26743,Region_26743
R26744,Region_26744
R26745,Region_26745
R26746,Region_26746
R26747,Region_26747
R26748,Region_26748
R26749,Region_26749
R26750,Region_26750
R26751,Region_26751
R26752,Region_26752
R26753,Region_26753
R26754,Region_26754
R26755,Region_26755
R26756,Region_26756
R26757,Region_26757
R26758,Region_26758
R26759,Region_26759
R26760,Region_26760
R26761,Region_26761
R26762,Region_26762
R26763,Region_26763
R26764,Region_26764
R26765,Region_26765
R26766,Region_26766
R26767,Region_26767
R26768,Region_26768
R26769,Region_26769
R26770,Region_26770
R26771,Region_26771
R26772,Region_26772
R26773,Region_26773
R26774,Region_26774
R26775,Region_26775
R26776,Region_26776
R26777,Region_26777
R26778,Region_26778
R26779,Region_26779
R26780,Region_26780
R26781,Region_26781
R26782,Region_26782
R26783,Region_26783
R26784,Region_26784
R26785,Region_26785
R26786,Region_26786
R26787,Region_26787
R26788,Region_26788
R26789,Region_26789
R26790,Region_26790
R26791,Region_26791
R26792,Region_26792
R26793,Region_26793
R26794,Region_26794
R26795,Region_26795
R26796,Region_26796
R26797,Region_26797
R26798,Region_26798
R26799,Region_26799
R26800,Region_26800
R26801,Region_26801
R26802,Region_26802
R26803,Region_26803
R26804,Region_26804
R26805,Region_26805
R26806,Region_26806
R26807,Region_26807
R26808,Region_26808
R26809,Region_26809
R26810,Region_26810
R26811,Region_26811
R26812,Region_26812
R26813,Region_26813
R26814,Region_26814
R26815,Region_26815
R26816,Region_26816
R26817,Region_26817
R26818,Region_26818
R26819,Region_26819
R26820,Region_26820
R26821,Region_26821
R26822,Region_26822
R26823,Region_26823
R26824,Region_26824
R26825,Region_26825
R26826,Region_26826
R26827,Region_26827
R26828,Region_26828
R26829,Region_26829
R26830,Region_26830
R26831,Region_26831
R26832,Region_26832
R26833,Region_26833
R26834,Region_26834
R26835,Region_26835
R26836,Region_26836
R26837,Region_26837
R26838,Region_26838
R26839,Region_26839
R26840,Region_26840
R26841,Region_26841
R26842,Region_26842
R26843,Region_26843
R26844,Region_26844
R26845,Region_26845
R26846,Region_26846
R26847,Region_26847
R26848,Region_26848
R26849,Region_26849
R26850,Region_26850
R26851,Region_26851
R26852,Region_26852
R26853,Region_26853
R26854,Region_26854
R26855,Region_26855
R26856,Region_26856
R26857,Region_26857
R26858,Region_26858
R26859,Region_26859
R26860,Region_26860
R26861,Region_26861
R26862,Region_26862
R26863,Region_26863
R26864,Region_26864
R26865,Region_26865
R26866,Region_26866
R26867,Region_26867
R26868,Region_26868
R26869,Region_26869
R26870,Region_26870
R26871,Region_26871
R26872,Region_26872
R26873,Region_26873
R26874,Region_26874
R26875,Region_26875
R26876,Region_26876
R26877,Region_26877
R26878,Region_26878
R26879,Region_26879
R26880,Region_26880
R26881,Region_26881
R26882,Region_26882
R26883,Region_26883
R26884,Region_26884
R26885,Region_26885
R26886,Region_26886
R26887,Region_26887
R26888,Region_26888
R26889,Region_26889
R26890,Region_26890
R26891,Region_26891
R26892,Region_26892
R26893,Region_26893
R26894,Region_26894
R26895,Region_26895
R26896,Region_26896
R26897,Region_26897
R26898,Region_26898
R26899,Region_26899
R26900,Region_26900
R26901,Region_26901
R26902,Region_26902
R26903,Region_26903
R26904,Region_26904
R26905,Region_26905
R26906,Region_26906
R26907,Region_26907
R26908,Region_26908
R26909,Region_26909
R26910,Region_26910
R26911,Region_26911
R26912,Region_26912
R26913,Region_26913
R26914,Region_26914
R26915,Region_26915
R26916,Region_26916
R26917,Region_26917
R26918,Region_26918
R26919,Region_26919
R26920,Region_26920
R26921,Region_26921
R26922,Region_26922
R26923,Region_26923
R26924,Region_26924
R26925,Region_26925
R26926,Region_26926
R26927,Region_26927
R26928,Region_26928
R26929,Region_26929
R26930,Region_26930
R26931,Region_26931
R26932,Region_26932
R26933,Region_26933
R26934,Region_26934
R26935,Region_26935
R26936,Region_26936
R26937,Region_26937
R26938,Region_26938
R26939,Region_26939
R26940,Region_26940
R26941,Region_26941
R26942,Region_26942
R26943,Region_26943
R26944,Region_26944
R26945,Region_26945
R26946,Region_26946
R26947,Region_26947
R26948,Region_26948
R26949,Region_26949
R26950,Region_26950
R26951,Region_26951
R26952,Region_26952
R26953,Region_26953
R26954,Region_26954
R26955,Region_26955
R26956,Region_26956
R26957,Region_26957
R26958,Region_26958
R26959,Region_26959
R26960,Region_26960
R26961,Region_26961
R26962,Region_26962
R26963,Region_26963
R26964,Region_26964
R26965,Region_26965
R26966,Region_26966
R26967,Region_26967
R26968,Region_26968
R26969,Region_26969
R26970,Region_26970
R26971,Region_26971
R26972,Region_26972
R26973,Region_26973
R26974,Region_26974
R26975,Region_26975
R26976,Region_26976
R26977,Region_26977
R26978,Region_26978
R26979,Region_26979
R26980,Region_26980
R26981,Region_26981
R26982,Region_26982
R26983,Region_26983
R26984,Region_26984
R26985,Region_26985
R26986,Region_26986
R26987,Region_26987
R26988,Region_26988
R26989,Region_26989
R26990,Region_26990
R26991,Region_26991
R26992,Region_26992
R26993,Region_26993
R26994,Region_26994
R26995,Region_26995
R26996,Region_26996
R26997,Region_26997
R26998,Region_26998
R26999,Region_26999
R27000,Region_27000
R27001,Region_27001
R27002,Region_27002
R27003,Region_27003
R27004,Region_27004
R27005,Region_27005
R27006,Region_27006
R27007,Region_27007
R27008,Region_27008
R27009,Region_27009
R27010,Region_27010
R27011,Region_27011
R27012,Region_27012
R27013,Region_27013
R27014,Region_27014
R27015,Region_27015
R27016,Region_27016
R27017,Region_27017
R27018,Region_27018
R27019,Region_27019
R27020,Region_27020
R27021,Region_27021
R27022,Region_27022
R27023,Region_27023
R27024,Region_27024
R27025,Region_27025
R27026,Region_27026
R27027,Region_27027
R27028,Region_27028
R27029,Region_27029
R27030,Region_27030
R27031,Region_27031
R27032,Region_27032
R27033,Region_27033
R27034,Region_27034
R27035,Region_27035
R27036,Region_27036
R27037,Region_27037
R27038,Region_27038
R27039,Region_27039
R27040,Region_27040
R27041,Region_27041
R27042,Region_27042
R27043,Region_27043
R27044,Region_27044
R27045,Region_27045
R27046,Region_27046
R27047,Region_27047
R27048,Region_27048
R27049,Region_27049
R27050,Region_27050
R27051,Region_27051
R27052,Region_27052
R27053,Region_27053
R27054,Region_27054
R27055,Region_27055
R27056,Region_27056
R27057,Region_27057
R27058,Region_27058
R27059,Region_27059
R27060,Region_27060
R27061,Region_27061
R27062,Region_27062
R27063,Region_27063
R27064,Region_27064
R27065,Region_27065
R27066,Region_27066
R27067,Region_27067
R27068,Region_27068
R27069,Region_27069
R27070,Region_27070
R27071,Region_27071
R27072,Region_27072
R27073,Region_27073
R27074,Region_27074
R27075,Region_27075
R27076,Region_27076
R27077,Region_27077
R27078,Region_27078
R27079,Region_27079
R27080,Region_27080
R27081,Region_27081
R27082,Region_27082
R27083,Region_27083
R27084,Region_27084
R27085,Region_27085
R27086,Region_27086
R27087,Region_27087
R27088,Region_27088
R27089,Region_27089
R27090,Region_27090
R27091,Region_27091
R27092,Region_27092
R27093,Region_27093
R27094,Region_27094
R27095,Region_27095
R27096,Region_27096
R27097,Region_27097
R27098,Region_27098
R27099,Region_27099
R27100,Region_27100
R27101,Region_27101
R27102,Region_27102
R27103,Region_27103
R27104,Region_27104
R27105,Region_27105
R27106,Region_27106
R27107,Region_27107
R27108,Region_27108
R27109,Region_27109
R27110,Region_27110
R27111,Region_27111
R27112,Region_27112
R27113,Region_27113
R27114,Region_27114
R27115,Region_27115
R27116,Region_27116
R27117,Region_27117
R27118,Region_27118
R27119,Region_27119
R27120,Region_27120
R27121,Region_27121
R27122,Region_27122
R27123,Region_27123
R27124,Region_27124
R27125,Region_27125
R27126,Region_27126
R27127,Region_27127
R27128,Region_27128
R27129,Region_27129
R27130,Region_27130
R27131,Region_27131
R27132,Region_27132
R27133,Region_27133
R27134,Region_27134
R27135,Region_27135
R27136,Region_27136
R27137,Region_27137
R27138,Region_27138
R27139,Region_27139
R27140,Region_27140
R27141,Region_27141
R27142,Region_27142
R27143,Region_27143
R27144,Region_27144
R27145,Region_27145
R27146,Region_27146
R27147,Region_27147
R27148,Region_27148
R27149,Region_27149
R27150,Region_27150
R27151,Region_27151
R27152,Region_27152
R27153,Region_27153
R27154,Region_27154
R27155,Region_27155
R27156,Region_27156
R27157,Region_27157
R27158,Region_27158
R27159,Region_27159
R27160,Region_27160
R27161,Region_27161
R27162,Region_27162
R27163,Region_27163
R27164,Region_27164
R27165,Region_27165
R27166,Region_27166
R27167,Region_27167
R27168,Region_27168
R27169,Region_27169
R27170,Region_27170
R27171,Region_27171
R27172,Region_27172
R27173,Region_27173
R27174,Region_27174
R27175,Region_27175
R27176,Region_27176
R27177,Region_27177
R27178,Region_27178
R27179,Region_27179
R27180,Region_27180
R27181,Region_27181
R27182,Region_27182
R27183,Region_27183
R27184,Region_27184
R27185,Region_27185
R27186,Region_27186
R27187,Region_27187
R27188,Region_27188
R27189,Region_27189
R27190,Region_27190
R27191,Region_27191
R27192,Region_27192
R27193,Region_27193
R27194,Region_27194
R27195,Region_27195
R27196,Region_27196
R27197,Region_27197
R27198,Region_27198
R27199,Region_27199
R27200,Region_27200
R27201,Region_27201
R27202,Region_27202
R27203,Region_27203
R27204,Region_27204
R27205,Region_27205
R27206,Region_27206
R27207,Region_27207
R27208,Region_27208
R27209,Region_27209
R27210,Region_27210
R27211,Region_27211
R27212,Region_27212
R27213,Region_27213
R27214,Region_27214
R27215,Region_27215
R27216,Region_27216
R27217,Region_27217
R27218,Region_27218
R27219,Region_27219
R27220,Region_27220
R27221,Region_27221
R27222,Region_27222
R27223,Region_27223
R27224,Region_27224
R27225,Region_27225
R27226,Region_27226
R27227,Region_27227
R27228,Region_27228
R27229,Region_27229
R27230,Region_27230
R27231,Region_27231
R27232,Region_27232
R27233,Region_27233
R27234,Region_27234
R27235,Region_27235
R27236,Region_27236
R27237,Region_27237
R27238,Region_27238
R27239,Region_27239
R27240,Region_27240
R27241,Region_27241
R27242,Region_27242
R27243,Region_27243
R27244,Region_27244
R27245,Region_27245
R27246,Region_27246
R27247,Region_27247
R27248,Region_27248
R27249,Region_27249
R27250,Region_27250
R27251,Region_27251
R27252,Region_27252
R27253,Region_27253
R27254,Region_27254
R27255,Region_27255
R27256,Region_27256
R27257,Region_27257
R27258,Region_27258
R27259,Region_27259
R27260,Region_27260
R27261,Region_27261
R27262,Region_27262
R27263,Region_27263
R27264,Region_27264
R27265,Region_27265
R27266,Region_27266
R27267,Region_27267
R27268,Region_27268
R27269,Region_27269
R27270,Region_27270
R27271,Region_27271
R27272,Region_27272
R27273,Region_27273
R27274,Region_27274
R27275,Region_27275
R27276,Region_27276
R27277,Region_27277
R27278,Region_27278
R27279,Region_27279
R27280,Region_27280
R27281,Region_27281
R27282,Region_27282
R27283,Region_27283
R27284,Region_27284
R27285,Region_27285
R27286,Region_27286
R27287,Region_27287
R27288,Region_27288
R27289,Region_27289
R27290,Region_27290
R27291,Region_27291
R27292,Region_27292
R27293,Region_27293
R27294,Region_27294
R27295,Region_27295
R27296,Region_27296
R27297,Region_27297
R27298,Region_27298
R27299,Region_27299
R27300,Region_27300
R27301,Region_27301
R27302,Region_27302
R27303,Region_27303
R27304,Region_27304
R27305,Region_27305
R27306,Region_27306
R27307,Region_27307
R27308,Region_27308
R27309,Region_27309
R27310,Region_27310
R27311,Region_27311
R27312,Region_27312
R27313,Region_27313
R27314,Region_27314
R27315,Region_27315
R27316,Region_27316
R27317,Region_27317
R27318,Region_27318
R27319,Region_27319
R27320,Region_27320
R27321,Region_27321
R27322,Region_27322
R27323,Region_27323
R27324,Region_27324
R27325,Region_27325
R27326,Region_27326
R27327,Region_27327
R27328,Region_27328
R27329,Region_27329
R27330,Region_27330
R27331,Region_27331
R27332,Region_27332
R27333,Region_27333
R27334,Region_27334
R27335,Region_27335
R27336,Region_27336
R27337,Region_27337
R27338,Region_27338
R27339,Region_27339
R27340,Region_27340
R27341,Region_27341
R27342,Region_27342
R27343,Region_27343
R27344,Region_27344
R27345,Region_27345
R27346,Region_27346
R27347,Region_27347
R27348,Region_27348
R27349,Region_27349
R27350,Region_27350
R27351,Region_27351
R27352,Region_27352
R27353,Region_27353
R27354,Region_27354
R27355,Region_27355
R27356,Region_27356
R27357,Region_27357
R27358,Region_27358
R27359,Region_27359
R27360,Region_27360
R27361,Region_27361
R27362,Region_27362
R27363,Region_27363
R27364,Region_27364
R27365,Region_27365
R27366,Region_27366
R27367,Region_27367
R27368,Region_27368
R27369,Region_27369
R27370,Region_27370
R27371,Region_27371
R27372,Region_27372
R27373,Region_27373
R27374,Region_27374
R27375,Region_27375
R27376,Region_27376
R27377,Region_27377
R27378,Region_27378
R27379,Region_27379
R27380,Region_27380
R27381,Region_27381
R27382,Region_27382
R27383,Region_27383
R27384,Region_27384
R27385,Region_27385
R27386,Region_27386
R27387,Region_27387
R27388,Region_27388
R27389,Region_27389
R27390,Region_27390
R27391,Region_27391
R27392,Region_27392
R27393,Region_27393
R27394,Region_27394
R27395,Region_27395
R27396,Region_27396
R27397,Region_27397
R27398,Region_27398
R27399,Region_27399
R27400,Region_27400
R27401,Region_27401
R27402,Region_27402
R27403,Region_27403
R27404,Region_27404
R27405,Region_27405
R27406,Region_27406
R27407,Region_27407
R27408,Region_27408
R27409,Region_27409
R27410,Region_27410
R27411,Region_27411
R27412,Region_27412
R27413,Region_27413
R27414,Region_27414
R27415,Region_27415
R27416,Region_27416
R27417,Region_27417
R27418,Region_27418
R27419,Region_27419
R27420,Region_27420
R27421,Region_27421
R27422,Region_27422
R27423,Region_27423
R27424,Region_27424
R27425,Region_27425
R27426,Region_27426
R27427,Region_27427
R27428,Region_27428
R27429,Region_27429
R27430,Region_27430
R27431,Region_27431
R27432,Region_27432
R27433,Region_27433
R27434,Region_27434
R27435,Region_27435
R27436,Region_27436
R27437,Region_27437
R27438,Region_27438
R27439,Region_27439
R27440,Region_27440
R27441,Region_27441
R27442,Region_27442
R27443,Region_27443
R27444,Region_27444
R27445,Region_27445
R27446,Region_27446
R27447,Region_27447
R27448,Region_27448
R27449,Region_27449
R27450,Region_27450
R27451,Region_27451
R27452,Region_27452
R27453,Region_27453
R27454,Region_27454
R27455,Region_27455
R27456,Region_27456
R27457,Region_27457
R27458,Region_27458
R27459,Region_27459
R27460,Region_27460
R27461,Region_27461
R27462,Region_27462
R27463,Region_27463
R27464,Region_27464
R27465,Region_27465
R27466,Region_27466
R27467,Region_27467
R27468,Region_27468
R27469,Region_27469
R27470,Region_27470
R27471,Region_27471
R27472,Region_27472
R27473,Region_27473
R27474,Region_27474
R27475,Region_27475
R27476,Region_27476
R27477,Region_27477
R27478,Region_27478
R27479,Region_27479
R27480,Region_27480
R27481,Region_27481
R27482,Region_27482
R27483,Region_27483
R27484,Region_27484
R27485,Region_27485
R27486,Region_27486
R27487,Region_27487
R27488,Region_27488
R27489,Region_27489
R27490,Region_27490
R27491,Region_27491
R27492,Region_27492
R27493,Region_27493
R27494,Region_27494
R27495,Region_27495
R27496,Region_27496
R27497,Region_27497
R27498,Region_27498
R27499,Region_27499
R27500,Region_27500
R27501,Region_27501
R27502,Region_27502
R27503,Region_27503
R27504,Region_27504
R27505,Region_27505
R27506,Region_27506
R27507,Region_27507
R27508,Region_27508
R27509,Region_27509
R27510,Region_27510
R27511,Region_27511
R27512,Region_27512
R27513,Region_27513
R27514,Region_27514
R27515,Region_27515
R27516,Region_27516
R27517,Region_27517
R27518,Region_27518
R27519,Region_27519
R27520,Region_27520
R27521,Region_27521
R27522,Region_27522
R27523,Region_27523
R27524,Region_27524
R27525,Region_27525
R27526,Region_27526
R27527,Region_27527
R27528,Region_27528
R27529,Region_27529
R27530,Region_27530
R27531,Region_27531
R27532,Region_27532
R27533,Region_27533
R27534,Region_27534
R27535,Region_27535
R27536,Region_27536
R27537,Region_27537
R27538,Region_27538
R27539,Region_27539
R27540,Region_27540
R27541,Region_27541
R27542,Region_27542
R27543,Region_27543
R27544,Region_27544
R27545,Region_27545
R27546,Region_27546
R27547,Region_27547
R27548,Region_27548
R27549,Region_27549
R27550,Region_27550
R27551,Region_27551
R27552,Region_27552
R27553,Region_27553
R27554,Region_27554
R27555,Region_27555
R27556,Region_27556
R27557,Region_27557
R27558,Region_27558
R27559,Region_27559
R27560,Region_27560
R27561,Region_27561
R27562,Region_27562
R27563,Region_27563
R27564,Region_27564
R27565,Region_27565
R27566,Region_27566
R27567,Region_27567
R27568,Region_27568
R27569,Region_27569
R27570,Region_27570
R27571,Region_27571
R27572,Region_27572
R27573,Region_27573
R27574,Region_27574
R27575,Region_27575
R27576,Region_27576
R27577,Region_27577
R27578,Region_27578
R27579,Region_27579
R27580,Region_27580
R27581,Region_27581
R27582,Region_27582
R27583,Region_27583
R27584,Region_27584
R27585,Region_27585
R27586,Region_27586
R27587,Region_27587
R27588,Region_27588
R27589,Region_27589
R27590,Region_27590
R27591,Region_27591
R27592,Region_27592
R27593,Region_27593
R27594,Region_27594
R27595,Region_27595
R27596,Region_27596
R27597,Region_27597
R27598,Region_27598
R27599,Region_27599
R27600,Region_27600
R27601,Region_27601
R27602,Region_27602
R27603,Region_27603
R27604,Region_27604
R27605,Region_27605
R27606,Region_27606
R27607,Region_27607
R27608,Region_27608
R27609,Region_27609
R27610,Region_27610
R27611,Region_27611
R27612,Region_27612
R27613,Region_27613
R27614,Region_27614
R27615,Region_27615
R27616,Region_27616
R27617,Region_27617
R27618,Region_27618
R27619,Region_27619
R27620,Region_27620
R27621,Region_27621
R27622,Region_27622
R27623,Region_27623
R27624,Region_27624
R27625,Region_27625
R27626,Region_27626
R27627,Region_27627
R27628,Region_27628
R27629,Region_27629
R27630,Region_27630
R27631,Region_27631
R27632,Region_27632
R27633,Region_27633
R27634,Region_27634
R27635,Region_27635
R27636,Region_27636
R27637,Region_27637
R27638,Region_27638
R27639,Region_27639
R27640,Region_27640
R27641,Region_27641
R27642,Region_27642
R27643,Region_27643
R27644,Region_27644
R27645,Region_27645
R27646,Region_27646
R27647,Region_27647
R27648,Region_27648
R27649,Region_27649
R27650,Region_27650
R27651,Region_27651
R27652,Region_27652
R27653,Region_27653
R27654,Region_27654
R27655,Region_27655
R27656,Region_27656
R27657,Region_27657
R27658,Region_27658
R27659,Region_27659
R27660,Region_27660
R27661,Region_27661
R27662,Region_27662
R27663,Region_27663
R27664,Region_27664
R27665,Region_27665
R27666,Region_27666
R27667,Region_27667
R27668,Region_27668
R27669,Region_27669
R27670,Region_27670
R27671,Region_27671
R27672,Region_27672
R27673,Region_27673
R27674,Region_27674
R27675,Region_27675
R27676,Region_27676
R27677,Region_27677
R27678,Region_27678
R27679,Region_27679
R27680,Region_27680
R27681,Region_27681
R27682,Region_27682
R27683,Region_27683
R27684,Region_27684
R27685,Region_27685
R27686,Region_27686
R27687,Region_27687
R27688,Region_27688
R27689,Region_27689
R27690,Region_27690
R27691,Region_27691
R27692,Region_27692
R27693,Region_27693
R27694,Region_27694
R27695,Region_27695
R27696,Region_27696
R27697,Region_27697
R27698,Region_27698
R27699,Region_27699
R27700,Region_27700
R27701,Region_27701
R27702,Region_27702
R27703,Region_27703
R27704,Region_27704
R27705,Region_27705
R27706,Region_27706
R27707,Region_27707
R27708,Region_27708
R27709,Region_27709
R27710,Region_27710
R27711,Region_27711
R27712,Region_27712
R27713,Region_27713
R27714,Region_27714
R27715,Region_27715
R27716,Region_27716
R27717,Region_27717
R27718,Region_27718
R27719,Region_27719
R27720,Region_27720
R27721,Region_27721
R27722,Region_27722
R27723,Region_27723
R27724,Region_27724
R27725,Region_27725
R27726,Region_27726
R27727,Region_27727
R27728,Region_27728
R27729,Region_27729
R27730,Region_27730
R27731,Region_27731
R27732,Region_27732
R27733,Region_27733
R27734,Region_27734
R27735,Region_27735
R27736,Region_27736
R27737,Region_27737
R27738,Region_27738
R27739,Region_27739
R27740,Region_27740
R27741,Region_27741
R27742,Region_27742
R27743,Region_27743
R27744,Region_27744
R27745,Region_27745
R27746,Region_27746
R27747,Region_27747
R27748,Region_27748
R27749,Region_27749
R27750,Region_27750
R27751,Region_27751
R27752,Region_27752
R27753,Region_27753
R27754,Region_27754
R27755,Region_27755
R27756,Region_27756
R27757,Region_27757
R27758,Region_27758
R27759,Region_27759
R27760,Region_27760
R27761,Region_27761
R27762,Region_27762
R27763,Region_27763
R27764,Region_27764
R27765,Region_27765
R27766,Region_27766
R27767,Region_27767
R27768,Region_27768
R27769,Region_27769
R27770,Region_27770
R27771,Region_27771
R27772,Region_27772
R27773,Region_27773
R27774,Region_27774
R27775,Region_27775
R27776,Region_27776
R27777,Region_27777
R27778,Region_27778
R27779,Region_27779
R27780,Region_27780
R27781,Region_27781
R27782,Region_27782
R27783,Region_27783
R27784,Region_27784
R27785,Region_27785
R27786,Region_27786
R27787,Region_27787
R27788,Region_27788
R27789,Region_27789
R27790,Region_27790
R27791,Region_27791
R27792,Region_27792
R27793,Region_27793
R27794,Region_27794
R27795,Region_27795
R27796,Region_27796
R27797,Region_27797
R27798,Region_27798
R27799,Region_27799
R27800,Region_27800
R27801,Region_27801
R27802,Region_27802
R27803,Region_27803
R27804,Region_27804
R27805,Region_27805
R27806,Region_27806
R27807,Region_27807
R27808,Region_27808
R27809,Region_27809
R27810,Region_27810
R27811,Region_27811
R27812,Region_27812
R27813,Region_27813
R27814,Region_27814
R27815,Region_27815
R27816,Region_27816
R27817,Region_27817
R27818,Region_27818
R27819,Region_27819
R27820,Region_27820
R27821,Region_27821
R27822,Region_27822
R27823,Region_27823
R27824,Region_27824
R27825,Region_27825
R27826,Region_27826
R27827,Region_27827
R27828,Region_27828
R27829,Region_27829
R27830,Region_27830
R27831,Region_27831
R27832,Region_27832
R27833,Region_27833
R27834,Region_27834
R27835,Region_27835
R27836,Region_27836
R27837,Region_27837
R27838,Region_27838
R27839,Region_27839
R27840,Region_27840
R27841,Region_27841
R27842,Region_27842
R27843,Region_27843
R27844,Region_27844
R27845,Region_27845
R27846,Region_27846
R27847,Region_27847
R27848,Region_27848
R27849,Region_27849
R27850,Region_27850
R27851,Region_27851
R27852,Region_27852
R27853,Region_27853
R27854,Region_27854
R27855,Region_27855
R27856,Region_27856
R27857,Region_27857
R27858,Region_27858
R27859,Region_27859
R27860,Region_27860
R27861,Region_27861
R27862,Region_27862
R27863,Region_27863
R27864,Region_27864
R27865,Region_27865
R27866,Region_27866
R27867,Region_27867
R27868,Region_27868
R27869,Region_27869
R27870,Region_27870
R27871,Region_27871
R27872,Region_27872
R27873,Region_27873
R27874,Region_27874
R27875,Region_27875
R27876,Region_27876
R27877,Region_27877
R27878,Region_27878
R27879,Region_27879
R27880,Region_27880
R27881,Region_27881
R27882,Region_27882
R27883,Region_27883
R27884,Region_27884
R27885,Region_27885
R27886,Region_27886
R27887,Region_27887
R27888,Region_27888
R27889,Region_27889
R27890,Region_27890
R27891,Region_27891
R27892,Region_27892
R27893,Region_27893
R27894,Region_27894
R27895,Region_27895
R27896,Region_27896
R27897,Region_27897
R27898,Region_27898
R27899,Region_27899
R27900,Region_27900
R27901,Region_27901
R27902,Region_27902
R27903,Region_27903
R27904,Region_27904
R27905,Region_27905
R27906,Region_27906
R27907,Region_27907
R27908,Region_27908
R27909,Region_27909
R27910,Region_27910
R27911,Region_27911
R27912,Region_27912
R27913,Region_27913
R27914,Region_27914
R27915,Region_27915
R27916,Region_27916
R27917,Region_27917
R27918,Region_27918
R27919,Region_27919
R27920,Region_27920
R27921,Region_27921
R27922,Region_27922
R27923,Region_27923
R27924,Region_27924
R27925,Region_27925
R27926,Region_27926
R27927,Region_27927
R27928,Region_27928
R27929,Region_27929
R27930,Region_27930
R27931,Region_27931
R27932,Region_27932
R27933,Region_27933
R27934,Region_27934
R27935,Region_27935
R27936,Region_27936
R27937,Region_27937
R27938,Region_27938
R27939,Region_27939
R27940,Region_27940
R27941,Region_27941
R27942,Region_27942
R27943,Region_27943
R27944,Region_27944
R27945,Region_27945
R27946,Region_27946
R27947,Region_27947
R27948,Region_27948
R27949,Region_27949
R27950,Region_27950
R27951,Region_27951
R27952,Region_27952
R27953,Region_27953
R27954,Region_27954
R27955,Region_27955
R27956,Region_27956
R27957,Region_27957
R27958,Region_27958
R27959,Region_27959
R27960,Region_27960
R27961,Region_27961
R27962,Region_27962
R27963,Region_27963
R27964,Region_27964
R27965,Region_27965
R27966,Region_27966
R27967,Region_27967
R27968,Region_27968
R27969,Region_27969
R27970,Region_27970
R27971,Region_27971
R27972,Region_27972
R27973,Region_27973
R27974,Region_27974
R27975,Region_27975
R27976,Region_27976
R27977,Region_27977
R27978,Region_27978
R27979,Region_27979
R27980,Region_27980
R27981,Region_27981
R27982,Region_27982
R27983,Region_27983
R27984,Region_27984
R27985,Region_27985
R27986,Region_27986
R27987,Region_27987
R27988,Region_27988
R27989,Region_27989
R27990,Region_27990
R27991,Region_27991
R27992,Region_27992
R27993,Region_27993
R27994,Region_27994
R27995,Region_27995
R27996,Region_27996
R27997,Region_27997
R27998,Region_27998
R27999,Region_27999
R28000,Region_28000
R28001,Region_28001
R28002,Region_28002
R28003,Region_28003
R28004,Region_28004
R28005,Region_28005
R28006,Region_28006
R28007,Region_28007
R28008,Region_28008
R28009,Region_28009
R28010,Region_28010
R28011,Region_28011
R28012,Region_28012
R28013,Region_28013
R28014,Region_28014
R28015,Region_28015
R28016,Region_28016
R28017,Region_28017
R28018,Region_28018
R28019,Region_28019
R28020,Region_28020
R28021,Region_28021
R28022,Region_28022
R28023,Region_28023
R28024,Region_28024
R28025,Region_28025
R28026,Region_28026
R28027,Region_28027
R28028,Region_28028
R28029,Region_28029
R28030,Region_28030
R28031,Region_28031
R28032,Region_28032
R28033,Region_28033
R28034,Region_28034
R28035,Region_28035
R28036,Region_28036
R28037,Region_28037
R28038,Region_28038
R28039,Region_28039
R28040,Region_28040
R28041,Region_28041
R28042,Region_28042
R28043,Region_28043
R28044,Region_28044
R28045,Region_28045
R28046,Region_28046
R28047,Region_28047
R28048,Region_28048
R28049,Region_28049
R28050,Region_28050
R28051,Region_28051
R28052,Region_28052
R28053,Region_28053
R28054,Region_28054
R28055,Region_28055
R28056,Region_28056
R28057,Region_28057
R28058,Region_28058
R28059,Region_28059
R28060,Region_28060
R28061,Region_28061
R28062,Region_28062
R28063,Region_28063
R28064,Region_28064
R28065,Region_28065
R28066,Region_28066
R28067,Region_28067
R28068,Region_28068
R28069,Region_28069
R28070,Region_28070
R28071,Region_28071
R28072,Region_28072
R28073,Region_28073
R28074,Region_28074
R28075,Region_28075
R28076,Region_28076
R28077,Region_28077
R28078,Region_28078
R28079,Region_28079
R28080,Region_28080
R28081,Region_28081
R28082,Region_28082
R28083,Region_28083
R28084,Region_28084
R28085,Region_28085
R28086,Region_28086
R28087,Region_28087
R28088,Region_28088
R28089,Region_28089
R28090,Region_28090
R28091,Region_28091
R28092,Region_28092
R28093,Region_28093
R28094,Region_28094
R28095,Region_28095
R28096,Region_28096
R28097,Region_28097
R28098,Region_28098
R28099,Region_28099
R28100,Region_28100
R28101,Region_28101
R28102,Region_28102
R28103,Region_28103
R28104,Region_28104
R28105,Region_28105
R28106,Region_28106
R28107,Region_28107
R28108,Region_28108
R28109,Region_28109
R28110,Region_28110
R28111,Region_28111
R28112,Region_28112
R28113,Region_28113
R28114,Region_28114
R28115,Region_28115
R28116,Region_28116
R28117,Region_28117
R28118,Region_28118
R28119,Region_28119
R28120,Region_28120
R28121,Region_28121
R28122,Region_28122
R28123,Region_28123
R28124,Region_28124
R28125,Region_28125
R28126,Region_28126
R28127,Region_28127
R28128,Region_28128
R28129,Region_28129
R28130,Region_28130
R28131,Region_28131
R28132,Region_28132
R28133,Region_28133
R28134,Region_28134
R28135,Region_28135
R28136,Region_28136
R28137,Region_28137
R28138,Region_28138
R28139,Region_28139
R28140,Region_28140
R28141,Region_28141
R28142,Region_28142
R28143,Region_28143
R28144,Region_28144
R28145,Region_28145
R28146,Region_28146
R28147,Region_28147
R28148,Region_28148
R28149,Region_28149
R28150,Region_28150
R28151,Region_28151
R28152,Region_28152
R28153,Region_28153
R28154,Region_28154
R28155,Region_28155
R28156,Region_28156
R28157,Region_28157
R28158,Region_28158
R28159,Region_28159
R28160,Region_28160
R28161,Region_28161
R28162,Region_28162
R28163,Region_28163
R28164,Region_28164
R28165,Region_28165
R28166,Region_28166
R28167,Region_28167
R28168,Region_28168
R28169,Region_28169
R28170,Region_28170
R28171,Region_28171
R28172,Region_28172
R28173,Region_28173
R28174,Region_28174
R28175,Region_28175
R28176,Region_28176
R28177,Region_28177
R28178,Region_28178
R28179,Region_28179
R28180,Region_28180
R28181,Region_28181
R28182,Region_28182
R28183,Region_28183
R28184,Region_28184
R28185,Region_28185
R28186,Region_28186
R28187,Region_28187
R28188,Region_28188
R28189,Region_28189
R28190,Region_28190
R28191,Region_28191
R28192,Region_28192
R28193,Region_28193
R28194,Region_28194
R28195,Region_28195
R28196,Region_28196
R28197,Region_28197
R28198,Region_28198
R28199,Region_28199
R28200,Region_28200
R28201,Region_28201
R28202,Region_28202
R28203,Region_28203
R28204,Region_28204
R28205,Region_28205
R28206,Region_28206
R28207,Region_28207
R28208,Region_28208
R28209,Region_28209
R28210,Region_28210
R28211,Region_28211
R28212,Region_28212
R28213,Region_28213
R28214,Region_28214
R28215,Region_28215
R28216,Region_28216
R28217,Region_28217
R28218,Region_28218
R28219,Region_28219
R28220,Region_28220
R28221,Region_28221
R28222,Region_28222
R28223,Region_28223
R28224,Region_28224
R28225,Region_28225
R28226,Region_28226
R28227,Region_28227
R28228,Region_28228
R28229,Region_28229
R28230,Region_28230
R28231,Region_28231
R28232,Region_28232
R28233,Region_28233
R28234,Region_28234
R28235,Region_28235
R28236,Region_28236
R28237,Region_28237
R28238,Region_28238
R28239,Region_28239
R28240,Region_28240
R28241,Region_28241
R28242,Region_28242
R28243,Region_28243
R28244,Region_28244
R28245,Region_28245
R28246,Region_28246
R28247,Region_28247
R28248,Region_28248
R28249,Region_28249
R28250,Region_28250
R28251,Region_28251
R28252,Region_28252
R28253,Region_28253
R28254,Region_28254
R28255,Region_28255
R28256,Region_28256
R28257,Region_28257
R28258,Region_28258
R28259,Region_28259
R28260,Region_28260
R28261,Region_28261
R28262,Region_28262
R28263,Region_28263
R28264,Region_28264
R28265,Region_28265
R28266,Region_28266
R28267,Region_28267
R28268,Region_28268
R28269,Region_28269
R28270,Region_28270
R28271,Region_28271
R28272,Region_28272
R28273,Region_28273
R28274,Region_28274
R28275,Region_28275
R28276,Region_28276
R28277,Region_28277
R28278,Region_28278
R28279,Region_28279
R28280,Region_28280
R28281,Region_28281
R28282,Region_28282
R28283,Region_28283
R28284,Region_28284
R28285,Region_28285
R28286,Region_28286
R28287,Region_28287
R28288,Region_28288
R28289,Region_28289
R28290,Region_28290
R28291,Region_28291
R28292,Region_28292
R28293,Region_28293
R28294,Region_28294
R28295,Region_28295
R28296,Region_28296
R28297,Region_28297
R28298,Region_28298
R28299,Region_28299
R28300,Region_28300
R28301,Region_28301
R28302,Region_28302
R28303,Region_28303
R28304,Region_28304
R28305,Region_28305
R28306,Region_28306
R28307,Region_28307
R28308,Region_28308
R28309,Region_28309
R28310,Region_28310
R28311,Region_28311
R28312,Region_28312
R28313,Region_28313
R28314,Region_28314
R28315,Region_28315
R28316,Region_28316
R28317,Region_28317
R28318,Region_28318
R28319,Region_28319
R28320,Region_28320
R28321,Region_28321
R28322,Region_28322
R28323,Region_28323
R28324,Region_28324
R28325,Region_28325
R28326,Region_28326
R28327,Region_28327
R28328,Region_28328
R28329,Region_28329
R28330,Region_28330
R28331,Region_28331
R28332,Region_28332
R28333,Region_28333
R28334,Region_28334
R28335,Region_28335
R28336,Region_28336
R28337,Region_28337
R28338,Region_28338
R28339,Region_28339
R28340,Region_28340
R28341,Region_28341
R28342,Region_28342
R28343,Region_28343
R28344,Region_28344
R28345,Region_28345
R28346,Region_28346
R28347,Region_28347
R28348,Region_28348
R28349,Region_28349
R28350,Region_28350
R28351,Region_28351
R28352,Region_28352
R28353,Region_28353
R28354,Region_28354
R28355,Region_28355
R28356,Region_28356
R28357,Region_28357
R28358,Region_28358
R28359,Region_28359
R28360,Region_28360
R28361,Region_28361
R28362,Region_28362
R28363,Region_28363
R28364,Region_28364
R28365,Region_28365
R28366,Region_28366
R28367,Region_28367
R28368,Region_28368
R28369,Region_28369
R28370,Region_28370
R28371,Region_28371
R28372,Region_28372
R28373,Region_28373
R28374,Region_28374
R28375,Region_28375
R28376,Region_28376
R28377,Region_28377
R28378,Region_28378
R28379,Region_28379
R28380,Region_28380
R28381,Region_28381
R28382,Region_28382
R28383,Region_28383
R28384,Region_28384
R28385,Region_28385
R28386,Region_28386
R28387,Region_28387
R28388,Region_28388
R28389,Region_28389
R28390,Region_28390
R28391,Region_28391
R28392,Region_28392
R28393,Region_28393
R28394,Region_28394
R28395,Region_28395
R28396,Region_28396
R28397,Region_28397
R28398,Region_28398
R28399,Region_28399
R28400,Region_28400
R28401,Region_28401
R28402,Region_28402
R28403,Region_28403
R28404,Region_28404
R28405,Region_28405
R28406,Region_28406
R28407,Region_28407
R28408,Region_28408
R28409,Region_28409
R28410,Region_28410
R28411,Region_28411
R28412,Region_28412
R28413,Region_28413
R28414,Region_28414
R28415,Region_28415
R28416,Region_28416
R28417,Region_28417
R28418,Region_28418
R28419,Region_28419
R28420,Region_28420
R28421,Region_28421
R28422,Region_28422
R28423,Region_28423
R28424,Region_28424
R28425,Region_28425
R28426,Region_28426
R28427,Region_28427
R28428,Region_28428
R28429,Region_28429
R28430,Region_28430
R28431,Region_28431
R28432,Region_28432
R28433,Region_28433
R28434,Region_28434
R28435,Region_28435
R28436,Region_28436
R28437,Region_28437
R28438,Region_28438
R28439,Region_28439
R28440,Region_28440
R28441,Region_28441
R28442,Region_28442
R28443,Region_28443
R28444,Region_28444
R28445,Region_28445
R28446,Region_28446
R28447,Region_28447
R28448,Region_28448
R28449,Region_28449
R28450,Region_28450
R28451,Region_28451
R28452,Region_28452
R28453,Region_28453
R28454,Region_28454
R28455,Region_28455
R28456,Region_28456
R28457,Region_28457
R28458,Region_28458
R28459,Region_28459
R28460,Region_28460
R28461,Region_28461
R28462,Region_28462
R28463,Region_28463
R28464,Region_28464
R28465,Region_28465
R28466,Region_28466
R28467,Region_28467
R28468,Region_28468
R28469,Region_28469
R28470,Region_28470
R28471,Region_28471
R28472,Region_28472
R28473,Region_28473
R28474,Region_28474
R28475,Region_28475
R28476,Region_28476
R28477,Region_28477
R28478,Region_28478
R28479,Region_28479
R28480,Region_28480
R28481,Region_28481
R28482,Region_28482
R28483,Region_28483
R28484,Region_28484
R28485,Region_28485
R28486,Region_28486
R28487,Region_28487
R28488,Region_28488
R28489,Region_28489
R28490,Region_28490
R28491,Region_28491
R28492,Region_28492
R28493,Region_28493
R28494,Region_28494
R28495,Region_28495
R28496,Region_28496
R28497,Region_28497
R28498,Region_28498
R28499,Region_28499
R28500,Region_28500
R28501,Region_28501
R28502,Region_28502
R28503,Region_28503
R28504,Region_28504
R28505,Region_28505
R28506,Region_28506
R28507,Region_28507
R28508,Region_28508
R28509,Region_28509
R28510,Region_28510
R28511,Region_28511
R28512,Region_28512
R28513,Region_28513
R28514,Region_28514
R28515,Region_28515
R28516,Region_28516
R28517,Region_28517
R28518,Region_28518
R28519,Region_28519
R28520,Region_28520
R28521,Region_28521
R28522,Region_28522
R28523,Region_28523
R28524,Region_28524
R28525,Region_28525
R28526,Region_28526
R28527,Region_28527
R28528,Region_28528
R28529,Region_28529
R28530,Region_28530
R28531,Region_28531
R28532,Region_28532
R28533,Region_28533
R28534,Region_28534
R28535,Region_28535
R28536,Region_28536
R28537,Region_28537
R28538,Region_28538
R28539,Region_28539
R28540,Region_28540
R28541,Region_28541
R28542,Region_28542
R28543,Region_28543
R28544,Region_28544
R28545,Region_28545
R28546,Region_28546
R28547,Region_28547
R28548,Region_28548
R28549,Region_28549
R28550,Region_28550
R28551,Region_28551
R28552,Region_28552
R28553,Region_28553
R28554,Region_28554
R28555,Region_28555
R28556,Region_28556
R28557,Region_28557
R28558,Region_28558
R28559,Region_28559
R28560,Region_28560
R28561,Region_28561
R28562,Region_28562
R28563,Region_28563
R28564,Region_28564
R28565,Region_28565
R28566,Region_28566
R28567,Region_28567
R28568,Region_28568
R28569,Region_28569
R28570,Region_28570
R28571,Region_28571
R28572,Region_28572
R28573,Region_28573
R28574,Region_28574
R28575,Region_28575
R28576,Region_28576
R28577,Region_28577
R28578,Region_28578
R28579,Region_28579
R28580,Region_28580
R28581,Region_28581
R28582,Region_28582
R28583,Region_28583
R28584,Region_28584
R28585,Region_28585
R28586,Region_28586
R28587,Region_28587
R28588,Region_28588
R28589,Region_28589
R28590,Region_28590
R28591,Region_28591
R28592,Region_28592
R28593,Region_28593
R28594,Region_28594
R28595,Region_28595
R28596,Region_28596
R28597,Region_28597
R28598,Region_28598
R28599,Region_28599
R28600,Region_28600
R28601,Region_28601
R28602,Region_28602
R28603,Region_28603
R28604,Region_28604
R28605,Region_28605
R28606,Region_28606
R28607,Region_28607
R28608,Region_28608
R28609,Region_28609
R28610,Region_28610
R28611,Region_28611
R28612,Region_28612
R28613,Region_28613
R28614,Region_28614
R28615,Region_28615
R28616,Region_28616
R28617,Region_28617
R28618,Region_28618
R28619,Region_28619
R28620,Region_28620
R28621,Region_28621
R28622,Region_28622
R28623,Region_28623
R28624,Region_28624
R28625,Region_28625
R28626,Region_28626
R28627,Region_28627
R28628,Region_28628
R28629,Region_28629
R28630,Region_28630
R28631,Region_28631
R28632,Region_28632
R28633,Region_28633
R28634,Region_28634
R28635,Region_28635
R28636,Region_28636
R28637,Region_28637
R28638,Region_28638
R28639,Region_28639
R28640,Region_28640
R28641,Region_28641
R28642,Region_28642
R28643,Region_28643
R28644,Region_28644
R28645,Region_28645
R28646,Region_28646
R28647,Region_28647
R28648,Region_28648
R28649,Region_28649
R28650,Region_28650
R28651,Region_28651
R28652,Region_28652
R28653,Region_28653
R28654,Region_28654
R28655,Region_28655
R28656,Region_28656
R28657,Region_28657
R28658,Region_28658
R28659,Region_28659
R28660,Region_28660
R28661,Region_28661
R28662,Region_28662
R28663,Region_28663
R28664,Region_28664
R28665,Region_28665
R28666,Region_28666
R28667,Region_28667
R28668,Region_28668
R28669,Region_28669
R28670,Region_28670
R28671,Region_28671
R28672,Region_28672
R28673,Region_28673
R28674,Region_28674
R28675,Region_28675
R28676,Region_28676
R28677,Region_28677
R28678,Region_28678
R28679,Region_28679
R28680,Region_28680
R28681,Region_28681
R28682,Region_28682
R28683,Region_28683
R28684,Region_28684
R28685,Region_28685
R28686,Region_28686
R28687,Region_28687
R28688,Region_28688
R28689,Region_28689
R28690,Region_28690
R28691,Region_28691
R28692,Region_28692
R28693,Region_28693
R28694,Region_28694
R28695,Region_28695
R28696,Region_28696
R28697,Region_28697
R28698,Region_28698
R28699,Region_28699
R28700,Region_28700
R28701,Region_28701
R28702,Region_28702
R28703,Region_28703
R28704,Region_28704
R28705,Region_28705
R28706,Region_28706
R28707,Region_28707
R28708,Region_28708
R28709,Region_28709
R28710,Region_28710
R28711,Region_28711
R28712,Region_28712
R28713,Region_28713
R28714,Region_28714
R28715,Region_28715
R28716,Region_28716
R28717,Region_28717
R28718,Region_28718
R28719,Region_28719
R28720,Region_28720
R28721,Region_28721
R28722,Region_28722
R28723,Region_28723
R28724,Region_28724
R28725,Region_28725
R28726,Region_28726
R28727,Region_28727
R28728,Region_28728
R28729,Region_28729
R28730,Region_28730
R28731,Region_28731
R28732,Region_28732
R28733,Region_28733
R28734,Region_28734
R28735,Region_28735
R28736,Region_28736
R28737,Region_28737
R28738,Region_28738
R28739,Region_28739
R28740,Region_28740
R28741,Region_28741
R28742,Region_28742
R28743,Region_28743
R28744,Region_28744
R28745,Region_28745
R28746,Region_28746
R28747,Region_28747
R28748,Region_28748
R28749,Region_28749
R28750,Region_28750
R28751,Region_28751
R28752,Region_28752
R28753,Region_28753
R28754,Region_28754
R28755,Region_28755
R28756,Region_28756
R28757,Region_28757
R28758,Region_28758
R28759,Region_28759
R28760,Region_28760
R28761,Region_28761
R28762,Region_28762
R28763,Region_28763
R28764,Region_28764
R28765,Region_28765
R28766,Region_28766
R28767,Region_28767
R28768,Region_28768
R28769,Region_28769
R28770,Region_28770
R28771,Region_28771
R28772,Region_28772
R28773,Region_28773
R28774,Region_28774
R28775,Region_28775
R28776,Region_28776
R28777,Region_28777
R28778,Region_28778
R28779,Region_28779
R28780,Region_28780
R28781,Region_28781
R28782,Region_28782
R28783,Region_28783
R28784,Region_28784
R28785,Region_28785
R28786,Region_28786
R28787,Region_28787
R28788,Region_28788
R28789,Region_28789
R28790,Region_28790
R28791,Region_28791
R28792,Region_28792
R28793,Region_28793
R28794,Region_28794
R28795,Region_28795
R28796,Region_28796
R28797,Region_28797
R28798,Region_28798
R28799,Region_28799
R28800,Region_28800
R28801,Region_28801
R28802,Region_28802
R28803,Region_28803
R28804,Region_28804
R28805,Region_28805
R28806,Region_28806
R28807,Region_28807
R28808,Region_28808
R28809,Region_28809
R28810,Region_28810
R28811,Region_28811
R28812,Region_28812
R28813,Region_28813
R28814,Region_28814
R28815,Region_28815
R28816,Region_28816
R28817,Region_28817
R28818,Region_28818
R28819,Region_28819
R28820,Region_28820
R28821,Region_28821
R28822,Region_28822
R28823,Region_28823
R28824,Region_28824
R28825,Region_28825
R28826,Region_28826
R28827,Region_28827
R28828,Region_28828
R28829,Region_28829
R28830,Region_28830
R28831,Region_28831
R28832,Region_28832
R28833,Region_28833
R28834,Region_28834
R28835,Region_28835
R28836,Region_28836
R28837,Region_28837
R28838,Region_28838
R28839,Region_28839
R28840,Region_28840
R28841,Region_28841
R28842,Region_28842
R28843,Region_28843
R28844,Region_28844
R28845,Region_28845
R28846,Region_28846
R28847,Region_28847
R28848,Region_28848
R28849,Region_28849
R28850,Region_28850
R28851,Region_28851
R28852,Region_28852
R28853,Region_28853
R28854,Region_28854
R28855,Region_28855
R28856,Region_28856
R28857,Region_28857
R28858,Region_28858
R28859,Region_28859
R28860,Region_28860
R28861,Region_28861
R28862,Region_28862
R28863,Region_28863
R28864,Region_28864
R28865,Region_28865
R28866,Region_28866
R28867,Region_28867
R28868,Region_28868
R28869,Region_28869
R28870,Region_28870
R28871,Region_28871
R28872,Region_28872
R28873,Region_28873
R28874,Region_28874
R28875,Region_28875
R28876,Region_28876
R28877,Region_28877
R28878,Region_28878
R28879,Region_28879
R28880,Region_28880
R28881,Region_28881
R28882,Region_28882
R28883,Region_28883
R28884,Region_28884
R28885,Region_28885
R28886,Region_28886
R28887,Region_28887
R28888,Region_28888
R28889,Region_28889
R28890,Region_28890
R28891,Region_28891
R28892,Region_28892
R28893,Region_28893
R28894,Region_28894
R28895,Region_28895
R28896,Region_28896
R28897,Region_28897
R28898,Region_28898
R28899,Region_28899
R28900,Region_28900
R28901,Region_28901
R28902,Region_28902
R28903,Region_28903
R28904,Region_28904
R28905,Region_28905
R28906,Region_28906
R28907,Region_28907
R28908,Region_28908
R28909,Region_28909
R28910,Region_28910
R28911,Region_28911
R28912,Region_28912
R28913,Region_28913
R28914,Region_28914
R28915,Region_28915
R28916,Region_28916
R28917,Region_28917
R28918,Region_28918
R28919,Region_28919
R28920,Region_28920
R28921,Region_28921
R28922,Region_28922
R28923,Region_28923
R28924,Region_28924
R28925,Region_28925
R28926,Region_28926
R28927,Region_28927
R28928,Region_28928
R28929,Region_28929
R28930,Region_28930
R28931,Region_28931
R28932,Region_28932
R28933,Region_28933
R28934,Region_28934
R28935,Region_28935
R28936,Region_28936
R28937,Region_28937
R28938,Region_28938
R28939,Region_28939
R28940,Region_28940
R28941,Region_28941
R28942,Region_28942
R28943,Region_28943
R28944,Region_28944
R28945,Region_28945
R28946,Region_28946
R28947,Region_28947
R28948,Region_28948
R28949,Region_28949
R28950,Region_28950
R28951,Region_28951
R28952,Region_28952
R28953,Region_28953
R28954,Region_28954
R28955,Region_28955
R28956,Region_28956
R28957,Region_28957
R28958,Region_28958
R28959,Region_28959
R28960,Region_28960
R28961,Region_28961
R28962,Region_28962
R28963,Region_28963
R28964,Region_28964
R28965,Region_28965
R28966,Region_28966
R28967,Region_28967
R28968,Region_28968
R28969,Region_28969
R28970,Region_28970
R28971,Region_28971
R28972,Region_28972
R28973,Region_28973
R28974,Region_28974
R28975,Region_28975
R28976,Region_28976
R28977,Region_28977
R28978,Region_28978
R28979,Region_28979
R28980,Region_28980
R28981,Region_28981
R28982,Region_28982
R28983,Region_28983
R28984,Region_28984
R28985,Region_28985
R28986,Region_28986
R28987,Region_28987
R28988,Region_28988
R28989,Region_28989
R28990,Region_28990
R28991,Region_28991
R28992,Region_28992
R28993,Region_28993
R28994,Region_28994
R28995,Region_28995
R28996,Region_28996
R28997,Region_28997
R28998,Region_28998
R28999,Region_28999
R29000,Region_29000
R29001,Region_29001
R29002,Region_29002
R29003,Region_29003
R29004,Region_29004
R29005,Region_29005
R29006,Region_29006
R29007,Region_29007
R29008,Region_29008
R29009,Region_29009
R29010,Region_29010
R29011,Region_29011
R29012,Region_29012
R29013,Region_29013
R29014,Region_29014
R29015,Region_29015
R29016,Region_29016
R29017,Region_29017
R29018,Region_29018
R29019,Region_29019
R29020,Region_29020
R29021,Region_29021
R29022,Region_29022
R29023,Region_29023
R29024,Region_29024
R29025,Region_29025
R29026,Region_29026
R29027,Region_29027
R29028,Region_29028
R29029,Region_29029
R29030,Region_29030
R29031,Region_29031
R29032,Region_29032
R29033,Region_29033
R29034,Region_29034
R29035,Region_29035
R29036,Region_29036
R29037,Region_29037
R29038,Region_29038
R29039,Region_29039
R29040,Region_29040
R29041,Region_29041
R29042,Region_29042
R29043,Region_29043
R29044,Region_29044
R29045,Region_29045
R29046,Region_29046
R29047,Region_29047
R29048,Region_29048
R29049,Region_29049
R29050,Region_29050
R29051,Region_29051
R29052,Region_29052
R29053,Region_29053
R29054,Region_29054
R29055,Region_29055
R29056,Region_29056
R29057,Region_29057
R29058,Region_29058
R29059,Region_29059
R29060,Region_29060
R29061,Region_29061
R29062,Region_29062
R29063,Region_29063
R29064,Region_29064
R29065,Region_29065
R29066,Region_29066
R29067,Region_29067
R29068,Region_29068
R29069,Region_29069
R29070,Region_29070
R29071,Region_29071
R29072,Region_29072
R29073,Region_29073
R29074,Region_29074
R29075,Region_29075
R29076,Region_29076
R29077,Region_29077
R29078,Region_29078
R29079,Region_29079
R29080,Region_29080
R29081,Region_29081
R29082,Region_29082
R29083,Region_29083
R29084,Region_29084
R29085,Region_29085
R29086,Region_29086
R29087,Region_29087
R29088,Region_29088
R29089,Region_29089
R29090,Region_29090
R29091,Region_29091
R29092,Region_29092
R29093,Region_29093
R29094,Region_29094
R29095,Region_29095
R29096,Region_29096
R29097,Region_29097
R29098,Region_29098
R29099,Region_29099
R29100,Region_29100
R29101,Region_29101
R29102,Region_29102
R29103,Region_29103
R29104,Region_29104
R29105,Region_29105
R29106,Region_29106
R29107,Region_29107
R29108,Region_29108
R29109,Region_29109
R29110,Region_29110
R29111,Region_29111
R29112,Region_29112
R29113,Region_29113
R29114,Region_29114
R29115,Region_29115
R29116,Region_29116
R29117,Region_29117
R29118,Region_29118
R29119,Region_29119
R29120,Region_29120
R29121,Region_29121
R29122,Region_29122
R29123,Region_29123
R29124,Region_29124
R29125,Region_29125
R29126,Region_29126
R29127,Region_29127
R29128,Region_29128
R29129,Region_29129
R29130,Region_29130
R29131,Region_29131
R29132,Region_29132
R29133,Region_29133
R29134,Region_29134
R29135,Region_29135
R29136,Region_29136
R29137,Region_29137
R29138,Region_29138
R29139,Region_29139
R29140,Region_29140
R29141,Region_29141
R29142,Region_29142
R29143,Region_29143
R29144,Region_29144
R29145,Region_29145
R29146,Region_29146
R29147,Region_29147
R29148,Region_29148
R29149,Region_29149
R29150,Region_29150
R29151,Region_29151
R29152,Region_29152
R29153,Region_29153
R29154,Region_29154
R29155,Region_29155
R29156,Region_29156
R29157,Region_29157
R29158,Region_29158
R29159,Region_29159
R29160,Region_29160
R29161,Region_29161
R29162,Region_29162
R29163,Region_29163
R29164,Region_29164
R29165,Region_29165
R29166,Region_29166
R29167,Region_29167
R29168,Region_29168
R29169,Region_29169
R29170,Region_29170
R29171,Region_29171
R29172,Region_29172
R29173,Region_29173
R29174,Region_29174
R29175,Region_29175
R29176,Region_29176
R29177,Region_29177
R29178,Region_29178
R29179,Region_29179
R29180,Region_29180
R29181,Region_29181
R29182,Region_29182
R29183,Region_29183
R29184,Region_29184
R29185,Region_29185
R29186,Region_29186
R29187,Region_29187
R29188,Region_29188
R29189,Region_29189
R29190,Region_29190
R29191,Region_29191
R29192,Region_29192
R29193,Region_29193
R29194,Region_29194
R29195,Region_29195
R29196,Region_29196
R29197,Region_29197
R29198,Region_29198
R29199,Region_29199
R29200,Region_29200
R29201,Region_29201
R29202,Region_29202
R29203,Region_29203
R29204,Region_29204
R29205,Region_29205
R29206,Region_29206
R29207,Region_29207
R29208,Region_29208
R29209,Region_29209
R29210,Region_29210
R29211,Region_29211
R29212,Region_29212
R29213,Region_29213
R29214,Region_29214
R29215,Region_29215
R29216,Region_29216
R29217,Region_29217
R29218,Region_29218
R29219,Region_29219
R29220,Region_29220
R29221,Region_29221
R29222,Region_29222
R29223,Region_29223
R29224,Region_29224
R29225,Region_29225
R29226,Region_29226
R29227,Region_29227
R29228,Region_29228
R29229,Region_29229
R29230,Region_29230
R29231,Region_29231
R29232,Region_29232
R29233,Region_29233
R29234,Region_29234
R29235,Region_29235
R29236,Region_29236
R29237,Region_29237
R29238,Region_29238
R29239,Region_29239
R29240,Region_29240
R29241,Region_29241
R29242,Region_29242
R29243,Region_29243
R29244,Region_29244
R29245,Region_29245
R29246,Region_29246
R29247,Region_29247
R29248,Region_29248
R29249,Region_29249
R29250,Region_29250
R29251,Region_29251
R29252,Region_29252
R29253,Region_29253
R29254,Region_29254
R29255,Region_29255
R29256,Region_29256
R29257,Region_29257
R29258,Region_29258
R29259,Region_29259
R29260,Region_29260
R29261,Region_29261
R29262,Region_29262
R29263,Region_29263
R29264,Region_29264
R29265,Region_29265
R29266,Region_29266
R29267,Region_29267
R29268,Region_29268
R29269,Region_29269
R29270,Region_29270
R29271,Region_29271
R29272,Region_29272
R29273,Region_29273
R29274,Region_29274
R29275,Region_29275
R29276,Region_29276
R29277,Region_29277
R29278,Region_29278
R29279,Region_29279
R29280,Region_29280
R29281,Region_29281
R29282,Region_29282
R29283,Region_29283
R29284,Region_29284
R29285,Region_29285
R29286,Region_29286
R29287,Region_29287
R29288,Region_29288
R29289,Region_29289
R29290,Region_29290
R29291,Region_29291
R29292,Region_29292
R29293,Region_29293
R29294,Region_29294
R29295,Region_29295
R29296,Region_29296
R29297,Region_29297
R29298,Region_29298
R29299,Region_29299
R29300,Region_29300
R29301,Region_29301
R29302,Region_29302
R29303,Region_29303
R29304,Region_29304
R29305,Region_29305
R29306,Region_29306
R29307,Region_29307
R29308,Region_29308
R29309,Region_29309
R29310,Region_29310
R29311,Region_29311
R29312,Region_29312
R29313,Region_29313
R29314,Region_29314
R29315,Region_29315
R29316,Region_29316
R29317,Region_29317
R29318,Region_29318
R29319,Region_29319
R29320,Region_29320
R29321,Region_29321
R29322,Region_29322
R29323,Region_29323
R29324,Region_29324
R29325,Region_29325
R29326,Region_29326
R29327,Region_29327
R29328,Region_29328
R29329,Region_29329
R29330,Region_29330
R29331,Region_29331
R29332,Region_29332
R29333,Region_29333
R29334,Region_29334
R29335,Region_29335
R29336,Region_29336
R29337,Region_29337
R29338,Region_29338
R29339,Region_29339
R29340,Region_29340
R29341,Region_29341
R29342,Region_29342
R29343,Region_29343
R29344,Region_29344
R29345,Region_29345
R29346,Region_29346
R29347,Region_29347
R29348,Region_29348
R29349,Region_29349
R29350,Region_29350
R29351,Region_29351
R29352,Region_29352
R29353,Region_29353
R29354,Region_29354
R29355,Region_29355
R29356,Region_29356
R29357,Region_29357
R29358,Region_29358
R29359,Region_29359
R29360,Region_29360
R29361,Region_29361
R29362,Region_29362
R29363,Region_29363
R29364,Region_29364
R29365,Region_29365
R29366,Region_29366
R29367,Region_29367
R29368,Region_29368
R29369,Region_29369
R29370,Region_29370
R29371,Region_29371
R29372,Region_29372
R29373,Region_29373
R29374,Region_29374
R29375,Region_29375
R29376,Region_29376
R29377,Region_29377
R29378,Region_29378
R29379,Region_29379
R29380,Region_29380
R29381,Region_29381
R29382,Region_29382
R29383,Region_29383
R29384,Region_29384
R29385,Region_29385
R29386,Region_29386
R29387,Region_29387
R29388,Region_29388
R29389,Region_29389
R29390,Region_29390
R29391,Region_29391
R29392,Region_29392
R29393,Region_29393
R29394,Region_29394
R29395,Region_29395
R29396,Region_29396
R29397,Region_29397
R29398,Region_29398
R29399,Region_29399
R29400,Region_29400
R29401,Region_29401
R29402,Region_29402
R29403,Region_29403
R29404,Region_29404
R29405,Region_29405
R29406,Region_29406
R29407,Region_29407
R29408,Region_29408
R29409,Region_29409
R29410,Region_29410
R29411,Region_29411
R29412,Region_29412
R29413,Region_29413
R29414,Region_29414
R29415,Region_29415
R29416,Region_29416
R29417,Region_29417
R29418,Region_29418
R29419,Region_29419
R29420,Region_29420
R29421,Region_29421
R29422,Region_29422
R29423,Region_29423
R29424,Region_29424
R29425,Region_29425
R29426,Region_29426
R29427,Region_29427
R29428,Region_29428
R29429,Region_29429
R29430,Region_29430
R29431,Region_29431
R29432,Region_29432
R29433,Region_29433
R29434,Region_29434
R29435,Region_29435
R29436,Region_29436
R29437,Region_29437
R29438,Region_29438
R29439,Region_29439
R29440,Region_29440
R29441,Region_29441
R29442,Region_29442
R29443,Region_29443
R29444,Region_29444
R29445,Region_29445
R29446,Region_29446
R29447,Region_29447
R29448,Region_29448
R29449,Region_29449
R29450,Region_29450
R29451,Region_29451
R29452,Region_29452
R29453,Region_29453
R29454,Region_29454
R29455,Region_29455
R29456,Region_29456
R29457,Region_29457
R29458,Region_29458
R29459,Region_29459
R29460,Region_29460
R29461,Region_29461
R29462,Region_29462
R29463,Region_29463
R29464,Region_29464
R29465,Region_29465
R29466,Region_29466
R29467,Region_29467
R29468,Region_29468
R29469,Region_29469
R29470,Region_29470
R29471,Region_29471
R29472,Region_29472
R29473,Region_29473
R29474,Region_29474
R29475,Region_29475
R29476,Region_29476
R29477,Region_29477
R29478,Region_29478
R29479,Region_29479
R29480,Region_29480
R29481,Region_29481
R29482,Region_29482
R29483,Region_29483
R29484,Region_29484
R29485,Region_29485
R29486,Region_29486
R29487,Region_29487
R29488,Region_29488
R29489,Region_29489
R29490,Region_29490
R29491,Region_29491
R29492,Region_29492
R29493,Region_29493
R29494,Region_29494
R29495,Region_29495
R29496,Region_29496
R29497,Region_29497
R29498,Region_29498
R29499,Region_29499
R29500,Region_29500
R29501,Region_29501
R29502,Region_29502
R29503,Region_29503
R29504,Region_29504
R29505,Region_29505
R29506,Region_29506
R29507,Region_29507
R29508,Region_29508
R29509,Region_29509
R29510,Region_29510
R29511,Region_29511
R29512,Region_29512
R29513,Region_29513
R29514,Region_29514
R29515,Region_29515
R29516,Region_29516
R29517,Region_29517
R29518,Region_29518
R29519,Region_29519
R29520,Region_29520
R29521,Region_29521
R29522,Region_29522
R29523,Region_29523
R29524,Region_29524
R29525,Region_29525
R29526,Region_29526
R29527,Region_29527
R29528,Region_29528
R29529,Region_29529
R29530,Region_29530
R29531,Region_29531
R29532,Region_29532
R29533,Region_29533
R29534,Region_29534
R29535,Region_29535
R29536,Region_29536
R29537,Region_29537
R29538,Region_29538
R29539,Region_29539
R29540,Region_29540
R29541,Region_29541
R29542,Region_29542
R29543,Region_29543
R29544,Region_29544
R29545,Region_29545
R29546,Region_29546
R29547,Region_29547
R29548,Region_29548
R29549,Region_29549
R29550,Region_29550
R29551,Region_29551
R29552,Region_29552
R29553,Region_29553
R29554,Region_29554
R29555,Region_29555
R29556,Region_29556
R29557,Region_29557
R29558,Region_29558
R29559,Region_29559
R29560,Region_29560
R29561,Region_29561
R29562,Region_29562
R29563,Region_29563
R29564,Region_29564
R29565,Region_29565
R29566,Region_29566
R29567,Region_29567
R29568,Region_29568
R29569,Region_29569
R29570,Region_29570
R29571,Region_29571
R29572,Region_29572
R29573,Region_29573
R29574,Region_29574
R29575,Region_29575
R29576,Region_29576
R29577,Region_29577
R29578,Region_29578
R29579,Region_29579
R29580,Region_29580
R29581,Region_29581
R29582,Region_29582
R29583,Region_29583
R29584,Region_29584
R29585,Region_29585
R29586,Region_29586
R29587,Region_29587
R29588,Region_29588
R29589,Region_29589
R29590,Region_29590
R29591,Region_29591
R29592,Region_29592
R29593,Region_29593
R29594,Region_29594
R29595,Region_29595
R29596,Region_29596
R29597,Region_29597
R29598,Region_29598
R29599,Region_29599
R29600,Region_29600
R29601,Region_29601
R29602,Region_29602
R29603,Region_29603
R29604,Region_29604
R29605,Region_29605
R29606,Region_29606
R29607,Region_29607
R29608,Region_29608
R29609,Region_29609
R29610,Region_29610
R29611,Region_29611
R29612,Region_29612
R29613,Region_29613
R29614,Region_29614
R29615,Region_29615
R29616,Region_29616
R29617,Region_29617
R29618,Region_29618
R29619,Region_29619
R29620,Region_29620
R29621,Region_29621
R29622,Region_29622
R29623,Region_29623
R29624,Region_29624
R29625,Region_29625
R29626,Region_29626
R29627,Region_29627
R29628,Region_29628
R29629,Region_29629
R29630,Region_29630
R29631,Region_29631
R29632,Region_29632
R29633,Region_29633
R29634,Region_29634
R29635,Region_29635
R29636,Region_29636
R29637,Region_29637
R29638,Region_29638
R29639,Region_29639
R29640,Region_29640
R29641,Region_29641
R29642,Region_29642
R29643,Region_29643
R29644,Region_29644
R29645,Region_29645
R29646,Region_29646
R29647,Region_29647
R29648,Region_29648
R29649,Region_29649
R29650,Region_29650
R29651,Region_29651
R29652,Region_29652
R29653,Region_29653
R29654,Region_29654
R29655,Region_29655
R29656,Region_29656
R29657,Region_29657
R29658,Region_29658
R29659,Region_29659
R29660,Region_29660
R29661,Region_29661
R29662,Region_29662
R29663,Region_29663
R29664,Region_29664
R29665,Region_29665
R29666,Region_29666
R29667,Region_29667
R29668,Region_29668
R29669,Region_29669
R29670,Region_29670
R29671,Region_29671
R29672,Region_29672
R29673,Region_29673
R29674,Region_29674
R29675,Region_29675
R29676,Region_29676
R29677,Region_29677
R29678,Region_29678
R29679,Region_29679
R29680,Region_29680
R29681,Region_29681
R29682,Region_29682
R29683,Region_29683
R29684,Region_29684
R29685,Region_29685
R29686,Region_29686
R29687,Region_29687
R29688,Region_29688
R29689,Region_29689
R29690,Region_29690
R29691,Region_29691
R29692,Region_29692
R29693,Region_29693
R29694,Region_29694
R29695,Region_29695
R29696,Region_29696
R29697,Region_29697
R29698,Region_29698
R29699,Region_29699
R29700,Region_29700
R29701,Region_29701
R29702,Region_29702
R29703,Region_29703
R29704,Region_29704
R29705,Region_29705
R29706,Region_29706
R29707,Region_29707
R29708,Region_29708
R29709,Region_29709
R29710,Region_29710
R29711,Region_29711
R29712,Region_29712
R29713,Region_29713
R29714,Region_29714
R29715,Region_29715
R29716,Region_29716
R29717,Region_29717
R29718,Region_29718
R29719,Region_29719
R29720,Region_29720
R29721,Region_29721
R29722,Region_29722
R29723,Region_29723
R29724,Region_29724
R29725,Region_29725
R29726,Region_29726
R29727,Region_29727
R29728,Region_29728
R29729,Region_29729
R29730,Region_29730
R29731,Region_29731
R29732,Region_29732
R29733,Region_29733
R29734,Region_29734
R29735,Region_29735
R29736,Region_29736
R29737,Region_29737
R29738,Region_29738
R29739,Region_29739
R29740,Region_29740
R29741,Region_29741
R29742,Region_29742
R29743,Region_29743
R29744,Region_29744
R29745,Region_29745
R29746,Region_29746
R29747,Region_29747
R29748,Region_29748
R29749,Region_29749
R29750,Region_29750
R29751,Region_29751
R29752,Region_29752
R29753,Region_29753
R29754,Region_29754
R29755,Region_29755
R29756,Region_29756
R29757,Region_29757
R29758,Region_29758
R29759,Region_29759
R29760,Region_29760
R29761,Region_29761
R29762,Region_29762
R29763,Region_29763
R29764,Region_29764
R29765,Region_29765
R29766,Region_29766
R29767,Region_29767
R29768,Region_29768
R29769,Region_29769
R29770,Region_29770
R29771,Region_29771
R29772,Region_29772
R29773,Region_29773
R29774,Region_29774
R29775,Region_29775
R29776,Region_29776
R29777,Region_29777
R29778,Region_29778
R29779,Region_29779
R29780,Region_29780
R29781,Region_29781
R29782,Region_29782
R29783,Region_29783
R29784,Region_29784
R29785,Region_29785
R29786,Region_29786
R29787,Region_29787
R29788,Region_29788
R29789,Region_29789
R29790,Region_29790
R29791,Region_29791
R29792,Region_29792
R29793,Region_29793
R29794,Region_29794
R29795,Region_29795
R29796,Region_29796
R29797,Region_29797
R29798,Region_29798
R29799,Region_29799
R29800,Region_29800
R29801,Region_29801
R29802,Region_29802
R29803,Region_29803
R29804,Region_29804
R29805,Region_29805
R29806,Region_29806
R29807,Region_29807
R29808,Region_29808
R29809,Region_29809
R29810,Region_29810
R29811,Region_29811
R29812,Region_29812
R29813,Region_29813
R29814,Region_29814
R29815,Region_29815
R29816,Region_29816
R29817,Region_29817
R29818,Region_29818
R29819,Region_29819
R29820,Region_29820
R29821,Region_29821
R29822,Region_29822
R29823,Region_29823
R29824,Region_29824
R29825,Region_29825
R29826,Region_29826
R29827,Region_29827
R29828,Region_29828
R29829,Region_29829
R29830,Region_29830
R29831,Region_29831
R29832,Region_29832
R29833,Region_29833
R29834,Region_29834
R29835,Region_29835
R29836,Region_29836
R29837,Region_29837
R29838,Region_29838
R29839,Region_29839
R29840,Region_29840
R29841,Region_29841
R29842,Region_29842
R29843,Region_29843
R29844,Region_29844
R29845,Region_29845
R29846,Region_29846
R29847,Region_29847
R29848,Region_29848
R29849,Region_29849
R29850,Region_29850
R29851,Region_29851
R29852,Region_29852
R29853,Region_29853
R29854,Region_29854
R29855,Region_29855
R29856,Region_29856
R29857,Region_29857
R29858,Region_29858
R29859,Region_29859
R29860,Region_29860
R29861,Region_29861
R29862,Region_29862
R29863,Region_29863
R29864,Region_29864
R29865,Region_29865
R29866,Region_29866
R29867,Region_29867
R29868,Region_29868
R29869,Region_29869
R29870,Region_29870
R29871,Region_29871
R29872,Region_29872
R29873,Region_29873
R29874,Region_29874
R29875,Region_29875
R29876,Region_29876
R29877,Region_29877
R29878,Region_29878
R29879,Region_29879
R29880,Region_29880
R29881,Region_29881
R29882,Region_29882
R29883,Region_29883
R29884,Region_29884
R29885,Region_29885
R29886,Region_29886
R29887,Region_29887
R29888,Region_29888
R29889,Region_29889
R29890,Region_29890
R29891,Region_29891
R29892,Region_29892
R29893,Region_29893
R29894,Region_29894
R29895,Region_29895
R29896,Region_29896
R29897,Region_29897
R29898,Region_29898
R29899,Region_29899
R29900,Region_29900
R29901,Region_29901
R29902,Region_29902
R29903,Region_29903
R29904,Region_29904
R29905,Region_29905
R29906,Region_29906
R29907,Region_29907
R29908,Region_29908
R29909,Region_29909
R29910,Region_29910
R29911,Region_29911
R29912,Region_29912
R29913,Region_29913
R29914,Region_29914
R29915,Region_29915
R29916,Region_29916
R29917,Region_29917
R29918,Region_29918
R29919,Region_29919
R29920,Region_29920
R29921,Region_29921
R29922,Region_29922
R29923,Region_29923
R29924,Region_29924
R29925,Region_29925
R29926,Region_29926
R29927,Region_29927
R29928,Region_29928
R29929,Region_29929
R29930,Region_29930
R29931,Region_29931
R29932,Region_29932
R29933,Region_29933
R29934,Region_29934
R29935,Region_29935
R29936,Region_29936
R29937,Region_29937
R29938,Region_29938
R29939,Region_29939
R29940,Region_29940
R29941,Region_29941
R29942,Region_29942
R29943,Region_29943
R29944,Region_29944
R29945,Region_29945
R29946,Region_29946
R29947,Region_29947
R29948,Region_29948
R29949,Region_29949
R29950,Region_29950
R29951,Region_29951
R29952,Region_29952
R29953,Region_29953
R29954,Region_29954
R29955,Region_29955
R29956,Region_29956
R29957,Region_29957
R29958,Region_29958
R29959,Region_29959
R29960,Region_29960
R29961,Region_29961
R29962,Region_29962
R29963,Region_29963
R29964,Region_29964
R29965,Region_29965
R29966,Region_29966
R29967,Region_29967
R29968,Region_29968
R29969,Region_29969
R29970,Region_29970
R29971,Region_29971
R29972,Region_29972
R29973,Region_29973
R29974,Region_29974
R29975,Region_29975
R29976,Region_29976
R29977,Region_29977
R29978,Region_29978
R29979,Region_29979
R29980,Region_29980
R29981,Region_29981
R29982,Region_29982
R29983,Region_29983
R29984,Region_29984
R29985,Region_29985
R29986,Region_29986
R29987,Region_29987
R29988,Region_29988
R29989,Region_29989
R29990,Region_29990
R29991,Region_29991
R29992,Region_29992
R29993,Region_29993
R29994,Region_29994
R29995,Region_29995
R29996,Region_29996
R29997,Region_29997
R29998,Region_29998
R29999,Region_29999
R30000,Region_30000
R30001,Region_30001
R30002,Region_30002
R30003,Region_30003
R30004,Region_30004
R30005,Region_30005
R30006,Region_30006
R30007,Region_30007
R30008,Region_30008
R30009,Region_30009
R30010,Region_30010
R30011,Region_30011
R30012,Region_30012
R30013,Region_30013
R30014,Region_30014
R30015,Region_30015
R30016,Region_30016
R30017,Region_30017
R30018,Region_30018
R30019,Region_30019
R30020,Region_30020
R30021,Region_30021
R30022,Region_30022
R30023,Region_30023
R30024,Region_30024
R30025,Region_30025
R30026,Region_30026
R30027,Region_30027
R30028,Region_30028
R30029,Region_30029
R30030,Region_30030
R30031,Region_30031
R30032,Region_30032
R30033,Region_30033
R30034,Region_30034
R30035,Region_30035
R30036,Region_30036
R30037,Region_30037
R30038,Region_30038
R30039,Region_30039
R30040,Region_30040
R30041,Region_30041
R30042,Region_30042
R30043,Region_30043
R30044,Region_30044
R30045,Region_30045
R30046,Region_30046
R30047,Region_30047
R30048,Region_30048
R30049,Region_30049
R30050,Region_30050
R30051,Region_30051
R30052,Region_30052
R30053,Region_30053
R30054,Region_30054
R30055,Region_30055
R30056,Region_30056
R30057,Region_30057
R30058,Region_30058
R30059,Region_30059
R30060,Region_30060
R30061,Region_30061
R30062,Region_30062
R30063,Region_30063
R30064,Region_30064
R30065,Region_30065
R30066,Region_30066
R30067,Region_30067
R30068,Region_30068
R30069,Region_30069
R30070,Region_30070
R30071,Region_30071
R30072,Region_30072
R30073,Region_30073
R30074,Region_30074
R30075,Region_30075
R30076,Region_30076
R30077,Region_30077
R30078,Region_30078
R30079,Region_30079
R30080,Region_30080
R30081,Region_30081
R30082,Region_30082
R30083,Region_30083
R30084,Region_30084
R30085,Region_30085
R30086,Region_30086
R30087,Region_30087
R30088,Region_30088
R30089,Region_30089
R30090,Region_30090
R30091,Region_30091
R30092,Region_30092
R30093,Region_30093
R30094,Region_30094
R30095,Region_30095
R30096,Region_30096
R30097,Region_30097
R30098,Region_30098
R30099,Region_30099
R30100,Region_30100
R30101,Region_30101
R30102,Region_30102
R30103,Region_30103
R30104,Region_30104
R30105,Region_30105
R30106,Region_30106
R30107,Region_30107
R30108,Region_30108
R30109,Region_30109
R30110,Region_30110
R30111,Region_30111
R30112,Region_30112
R30113,Region_30113
R30114,Region_30114
R30115,Region_30115
R30116,Region_30116
R30117,Region_30117
R30118,Region_30118
R30119,Region_30119
R30120,Region_30120
R30121,Region_30121
R30122,Region_30122
R30123,Region_30123
R30124,Region_30124
R30125,Region_30125
R30126,Region_30126
R30127,Region_30127
R30128,Region_30128
R30129,Region_30129
R30130,Region_30130
R30131,Region_30131
R30132,Region_30132
R30133,Region_30133
R30134,Region_30134
R30135,Region_30135
R30136,Region_30136
R30137,Region_30137
R30138,Region_30138
R30139,Region_30139
R30140,Region_30140
R30141,Region_30141
R30142,Region_30142
R30143,Region_30143
R30144,Region_30144
R30145,Region_30145
R30146,Region_30146
R30147,Region_30147
R30148,Region_30148
R30149,Region_30149
R30150,Region_30150
R30151,Region_30151
R30152,Region_30152
R30153,Region_30153
R30154,Region_30154
R30155,Region_30155
R30156,Region_30156
R30157,Region_30157
R30158,Region_30158
R30159,Region_30159
R30160,Region_30160
R30161,Region_30161
R30162,Region_30162
R30163,Region_30163
R30164,Region_30164
R30165,Region_30165
R30166,Region_30166
R30167,Region_30167
R30168,Region_30168
R30169,Region_30169
R30170,Region_30170
R30171,Region_30171
R30172,Region_30172
R30173,Region_30173
R30174,Region_30174
R30175,Region_30175
R30176,Region_30176
R30177,Region_30177
R30178,Region_30178
R30179,Region_30179
R30180,Region_30180
R30181,Region_30181
R30182,Region_30182
R30183,Region_30183
R30184,Region_30184
R30185,Region_30185
R30186,Region_30186
R30187,Region_30187
R30188,Region_30188
R30189,Region_30189
R30190,Region_30190
R30191,Region_30191
R30192,Region_30192
R30193,Region_30193
R30194,Region_30194
R30195,Region_30195
R30196,Region_30196
R30197,Region_30197
R30198,Region_30198
R30199,Region_30199
R30200,Region_30200
R30201,Region_30201
R30202,Region_30202
R30203,Region_30203
R30204,Region_30204
R30205,Region_30205
R30206,Region_30206
R30207,Region_30207
R30208,Region_30208
R30209,Region_30209
R30210,Region_30210
R30211,Region_30211
R30212,Region_30212
R30213,Region_30213
R30214,Region_30214
R30215,Region_30215
R30216,Region_30216
R30217,Region_30217
R30218,Region_30218
R30219,Region_30219
R30220,Region_30220
R30221,Region_30221
R30222,Region_30222
R30223,Region_30223
R30224,Region_30224
R30225,Region_30225
R30226,Region_30226
R30227,Region_30227
R30228,Region_30228
R30229,Region_30229
R30230,Region_30230
R30231,Region_30231
R30232,Region_30232
R30233,Region_30233
R30234,Region_30234
R30235,Region_30235
R30236,Region_30236
R30237,Region_30237
R30238,Region_30238
R30239,Region_30239
R30240,Region_30240
R30241,Region_30241
R30242,Region_30242
R30243,Region_30243
R30244,Region_30244
R30245,Region_30245
R30246,Region_30246
R30247,Region_30247
R30248,Region_30248
R30249,Region_30249
R30250,Region_30250
R30251,Region_30251
R30252,Region_30252
R30253,Region_30253
R30254,Region_30254
R30255,Region_30255
R30256,Region_30256
R30257,Region_30257
R30258,Region_30258
R30259,Region_30259
R30260,Region_30260
R30261,Region_30261
R30262,Region_30262
R30263,Region_30263
R30264,Region_30264
R30265,Region_30265
R30266,Region_30266
R30267,Region_30267
R30268,Region_30268
R30269,Region_30269
R30270,Region_30270
R30271,Region_30271
R30272,Region_30272
R30273,Region_30273
R30274,Region_30274
R30275,Region_30275
R30276,Region_30276
R30277,Region_30277
R30278,Region_30278
R30279,Region_30279
R30280,Region_30280
R30281,Region_30281
R30282,Region_30282
R30283,Region_30283
R30284,Region_30284
R30285,Region_30285
R30286,Region_30286
R30287,Region_30287
R30288,Region_30288
R30289,Region_30289
R30290,Region_30290
R30291,Region_30291
R30292,Region_30292
R30293,Region_30293
R30294,Region_30294
R30295,Region_30295
R30296,Region_30296
R30297,Region_30297
R30298,Region_30298
R30299,Region_30299
R30300,Region_30300
R30301,Region_30301
R30302,Region_30302
R30303,Region_30303
R30304,Region_30304
R30305,Region_30305
R30306,Region_30306
R30307,Region_30307
R30308,Region_30308
R30309,Region_30309
R30310,Region_30310
R30311,Region_30311
R30312,Region_30312
R30313,Region_30313
R30314,Region_30314
R30315,Region_30315
R30316,Region_30316
R30317,Region_30317
R30318,Region_30318
R30319,Region_30319
R30320,Region_30320
R30321,Region_30321
R30322,Region_30322
R30323,Region_30323
R30324,Region_30324
R30325,Region_30325
R30326,Region_30326
R30327,Region_30327
R30328,Region_30328
R30329,Region_30329
R30330,Region_30330
R30331,Region_30331
R30332,Region_30332
R30333,Region_30333
R30334,Region_30334
R30335,Region_30335
R30336,Region_30336
R30337,Region_30337
R30338,Region_30338
R30339,Region_30339
R30340,Region_30340
R30341,Region_30341
R30342,Region_30342
R30343,Region_30343
R30344,Region_30344
R30345,Region_30345
R30346,Region_30346
R30347,Region_30347
R30348,Region_30348
R30349,Region_30349
R30350,Region_30350
R30351,Region_30351
R30352,Region_30352
R30353,Region_30353
R30354,Region_30354
R30355,Region_30355
R30356,Region_30356
R30357,Region_30357
R30358,Region_30358
R30359,Region_30359
R30360,Region_30360
R30361,Region_30361
R30362,Region_30362
R30363,Region_30363
R30364,Region_30364
R30365,Region_30365
R30366,Region_30366
R30367,Region_30367
R30368,Region_30368
R30369,Region_30369
R30370,Region_30370
R30371,Region_30371
R30372,Region_30372
R30373,Region_30373
R30374,Region_30374
R30375,Region_30375
R30376,Region_30376
R30377,Region_30377
R30378,Region_30378
R30379,Region_30379
R30380,Region_30380
R30381,Region_30381
R30382,Region_30382
R30383,Region_30383
R30384,Region_30384
R30385,Region_30385
R30386,Region_30386
R30387,Region_30387
R30388,Region_30388
R30389,Region_30389
R30390,Region_30390
R30391,Region_30391
R30392,Region_30392
R30393,Region_30393
R30394,Region_30394
R30395,Region_30395
R30396,Region_30396
R30397,Region_30397
R30398,Region_30398
R30399,Region_30399
R30400,Region_30400
R30401,Region_30401
R30402,Region_30402
R30403,Region_30403
R30404,Region_30404
R30405,Region_30405
R30406,Region_30406
R30407,Region_30407
R30408,Region_30408
R30409,Region_30409
R30410,Region_30410
R30411,Region_30411
R30412,Region_30412
R30413,Region_30413
R30414,Region_30414
R30415,Region_30415
R30416,Region_30416
R30417,Region_30417
R30418,Region_30418
R30419,Region_30419
R30420,Region_30420
R30421,Region_30421
R30422,Region_30422
R30423,Region_30423
R30424,Region_30424
R30425,Region_30425
R30426,Region_30426
R30427,Region_30427
R30428,Region_30428
R30429,Region_30429
R30430,Region_30430
R30431,Region_30431
R30432,Region_30432
R30433,Region_30433
R30434,Region_30434
R30435,Region_30435
R30436,Region_30436
R30437,Region_30437
R30438,Region_30438
R30439,Region_30439
R30440,Region_30440
R30441,Region_30441
R30442,Region_30442
R30443,Region_30443
R30444,Region_30444
R30445,Region_30445
R30446,Region_30446
R30447,Region_30447
R30448,Region_30448
R30449,Region_30449
R30450,Region_30450
R30451,Region_30451
R30452,Region_30452
R30453,Region_30453
R30454,Region_30454
R30455,Region_30455
R30456,Region_30456
R30457,Region_30457
R30458,Region_30458
R30459,Region_30459
R30460,Region_30460
R30461,Region_30461
R30462,Region_30462
R30463,Region_30463
R30464,Region_30464
R30465,Region_30465
R30466,Region_30466
R30467,Region_30467
R30468,Region_30468
R30469,Region_30469
R30470,Region_30470
R30471,Region_30471
R30472,Region_30472
R30473,Region_30473
R30474,Region_30474
R30475,Region_30475
R30476,Region_30476
R30477,Region_30477
R30478,Region_30478
R30479,Region_30479
R30480,Region_30480
R30481,Region_30481
R30482,Region_30482
R30483,Region_30483
R30484,Region_30484
R30485,Region_30485
R30486,Region_30486
R30487,Region_30487
R30488,Region_30488
R30489,Region_30489
R30490,Region_30490
R30491,Region_30491
R30492,Region_30492
R30493,Region_30493
R30494,Region_30494
R30495,Region_30495
R30496,Region_30496
R30497,Region_30497
R30498,Region_30498
R30499,Region_30499
R30500,Region_30500
R30501,Region_30501
R30502,Region_30502
R30503,Region_30503
R30504,Region_30504
R30505,Region_30505
R30506,Region_30506
R30507,Region_30507
R30508,Region_30508
R30509,Region_30509
R30510,Region_30510
R30511,Region_30511
R30512,Region_30512
R30513,Region_30513
R30514,Region_30514
R30515,Region_30515
R30516,Region_30516
R30517,Region_30517
R30518,Region_30518
R30519,Region_30519
R30520,Region_30520
R30521,Region_30521
R30522,Region_30522
R30523,Region_30523
R30524,Region_30524
R30525,Region_30525
R30526,Region_30526
R30527,Region_30527
R30528,Region_30528
R30529,Region_30529
R30530,Region_30530
R30531,Region_30531
R30532,Region_30532
R30533,Region_30533
R30534,Region_30534
R30535,Region_30535
R30536,Region_30536
R30537,Region_30537
R30538,Region_30538
R30539,Region_30539
R30540,Region_30540
R30541,Region_30541
R30542,Region_30542
R30543,Region_30543
R30544,Region_30544
R30545,Region_30545
R30546,Region_30546
R30547,Region_30547
R30548,Region_30548
R30549,Region_30549
R30550,Region_30550
R30551,Region_30551
R30552,Region_30552
R30553,Region_30553
R30554,Region_30554
R30555,Region_30555
R30556,Region_30556
R30557,Region_30557
R30558,Region_30558
R30559,Region_30559
R30560,Region_30560
R30561,Region_30561
R30562,Region_30562
R30563,Region_30563
R30564,Region_30564
R30565,Region_30565
R30566,Region_30566
R30567,Region_30567
R30568,Region_30568
R30569,Region_30569
R30570,Region_30570
R30571,Region_30571
R30572,Region_30572
R30573,Region_30573
R30574,Region_30574
R30575,Region_30575
R30576,Region_30576
R30577,Region_30577
R30578,Region_30578
R30579,Region_30579
R30580,Region_30580
R30581,Region_30581
R30582,Region_30582
R30583,Region_30583
R30584,Region_30584
R30585,Region_30585
R30586,Region_30586
R30587,Region_30587
R30588,Region_30588
R30589,Region_30589
R30590,Region_30590
R30591,Region_30591
R30592,Region_30592
R30593,Region_30593
R30594,Region_30594
R30595,Region_30595
R30596,Region_30596
R30597,Region_30597
R30598,Region_30598
R30599,Region_30599
R30600,Region_30600
R30601,Region_30601
R30602,Region_30602
R30603,Region_30603
R30604,Region_30604
R30605,Region_30605
R30606,Region_30606
R30607,Region_30607
R30608,Region_30608
R30609,Region_30609
R30610,Region_30610
R30611,Region_30611
R30612,Region_30612
R30613,Region_30613
R30614,Region_30614
R30615,Region_30615
R30616,Region_30616
R30617,Region_30617
R30618,Region_30618
R30619,Region_30619
R30620,Region_30620
R30621,Region_30621
R30622,Region_30622
R30623,Region_30623
R30624,Region_30624
R30625,Region_30625
R30626,Region_30626
R30627,Region_30627
R30628,Region_30628
R30629,Region_30629
R30630,Region_30630
R30631,Region_30631
R30632,Region_30632
R30633,Region_30633
R30634,Region_30634
R30635,Region_30635
R30636,Region_30636
R30637,Region_30637
R30638,Region_30638
R30639,Region_30639
R30640,Region_30640
R30641,Region_30641
R30642,Region_30642
R30643,Region_30643
R30644,Region_30644
R30645,Region_30645
R30646,Region_30646
R30647,Region_30647
R30648,Region_30648
R30649,Region_30649
R30650,Region_30650
R30651,Region_30651
R30652,Region_30652
R30653,Region_30653
R30654,Region_30654
R30655,Region_30655
R30656,Region_30656
R30657,Region_30657
R30658,Region_30658
R30659,Region_30659
R30660,Region_30660
R30661,Region_30661
R30662,Region_30662
R30663,Region_30663
R30664,Region_30664
R30665,Region_30665
R30666,Region_30666
R30667,Region_30667
R30668,Region_30668
R30669,Region_30669
R30670,Region_30670
R30671,Region_30671
R30672,Region_30672
R30673,Region_30673
R30674,Region_30674
R30675,Region_30675
R30676,Region_30676
R30677,Region_30677
R30678,Region_30678
R30679,Region_30679
R30680,Region_30680
R30681,Region_30681
R30682,Region_30682
R30683,Region_30683
R30684,Region_30684
R30685,Region_30685
R30686,Region_30686
R30687,Region_30687
R30688,Region_30688
R30689,Region_30689
R30690,Region_30690
R30691,Region_30691
R30692,Region_30692
R30693,Region_30693
R30694,Region_30694
R30695,Region_30695
R30696,Region_30696
R30697,Region_30697
R30698,Region_30698
R30699,Region_30699
R30700,Region_30700
R30701,Region_30701
R30702,Region_30702
R30703,Region_30703
R30704,Region_30704
R30705,Region_30705
R30706,Region_30706
R30707,Region_30707
R30708,Region_30708
R30709,Region_30709
R30710,Region_30710
R30711,Region_30711
R30712,Region_30712
R30713,Region_30713
R30714,Region_30714
R30715,Region_30715
R30716,Region_30716
R30717,Region_30717
R30718,Region_30718
R30719,Region_30719
R30720,Region_30720
R30721,Region_30721
R30722,Region_30722
R30723,Region_30723
R30724,Region_30724
R30725,Region_30725
R30726,Region_30726
R30727,Region_30727
R30728,Region_30728
R30729,Region_30729
R30730,Region_30730
R30731,Region_30731
R30732,Region_30732
R30733,Region_30733
R30734,Region_30734
R30735,Region_30735
R30736,Region_30736
R30737,Region_30737
R30738,Region_30738
R30739,Region_30739
R30740,Region_30740
R30741,Region_30741
R30742,Region_30742
R30743,Region_30743
R30744,Region_30744
R30745,Region_30745
R30746,Region_30746
R30747,Region_30747
R30748,Region_30748
R30749,Region_30749
R30750,Region_30750
R30751,Region_30751
R30752,Region_30752
R30753,Region_30753
R30754,Region_30754
R30755,Region_30755
R30756,Region_30756
R30757,Region_30757
R30758,Region_30758
R30759,Region_30759
R30760,Region_30760
R30761,Region_30761
R30762,Region_30762
R30763,Region_30763
R30764,Region_30764
R30765,Region_30765
R30766,Region_30766
R30767,Region_30767
R30768,Region_30768
R30769,Region_30769
R30770,Region_30770
R30771,Region_30771
R30772,Region_30772
R30773,Region_30773
R30774,Region_30774
R30775,Region_30775
R30776,Region_30776
R30777,Region_30777
R30778,Region_30778
R30779,Region_30779
R30780,Region_30780
R30781,Region_30781
R30782,Region_30782
R30783,Region_30783
R30784,Region_30784
R30785,Region_30785
R30786,Region_30786
R30787,Region_30787
R30788,Region_30788
R30789,Region_30789
R30790,Region_30790
R30791,Region_30791
R30792,Region_30792
R30793,Region_30793
R30794,Region_30794
R30795,Region_30795
R30796,Region_30796
R30797,Region_30797
R30798,Region_30798
R30799,Region_30799
R30800,Region_30800
R30801,Region_30801
R30802,Region_30802
R30803,Region_30803
R30804,Region_30804
R30805,Region_30805
R30806,Region_30806
R30807,Region_30807
R30808,Region_30808
R30809,Region_30809
R30810,Region_30810
R30811,Region_30811
R30812,Region_30812
R30813,Region_30813
R30814,Region_30814
R30815,Region_30815
R30816,Region_30816
R30817,Region_30817
R30818,Region_30818
R30819,Region_30819
R30820,Region_30820
R30821,Region_30821
R30822,Region_30822
R30823,Region_30823
R30824,Region_30824
R30825,Region_30825
R30826,Region_30826
R30827,Region_30827
R30828,Region_30828
R30829,Region_30829
R30830,Region_30830
R30831,Region_30831
R30832,Region_30832
R30833,Region_30833
R30834,Region_30834
R30835,Region_30835
R30836,Region_30836
R30837,Region_30837
R30838,Region_30838
R30839,Region_30839
R30840,Region_30840
R30841,Region_30841
R30842,Region_30842
R30843,Region_30843
R30844,Region_30844
R30845,Region_30845
R30846,Region_30846
R30847,Region_30847
R30848,Region_30848
R30849,Region_30849
R30850,Region_30850
R30851,Region_30851
R30852,Region_30852
R30853,Region_30853
R30854,Region_30854
R30855,Region_30855
R30856,Region_30856
R30857,Region_30857
R30858,Region_30858
R30859,Region_30859
R30860,Region_30860
R30861,Region_30861
R30862,Region_30862
R30863,Region_30863
R30864,Region_30864
R30865,Region_30865
R30866,Region_30866
R30867,Region_30867
R30868,Region_30868
R30869,Region_30869
R30870,Region_30870
R30871,Region_30871
R30872,Region_30872
R30873,Region_30873
R30874,Region_30874
R30875,Region_30875
R30876,Region_30876
R30877,Region_30877
R30878,Region_30878
R30879,Region_30879
R30880,Region_30880
R30881,Region_30881
R30882,Region_30882
R30883,Region_30883
R30884,Region_30884
R30885,Region_30885
R30886,Region_30886
R30887,Region_30887
R30888,Region_30888
R30889,Region_30889
R30890,Region_30890
R30891,Region_30891
R30892,Region_30892
R30893,Region_30893
R30894,Region_30894
R30895,Region_30895
R30896,Region_30896
R30897,Region_30897
R30898,Region_30898
R30899,Region_30899
R30900,Region_30900
R30901,Region_30901
R30902,Region_30902
R30903,Region_30903
R30904,Region_30904
R30905,Region_30905
R30906,Region_30906
R30907,Region_30907
R30908,Region_30908
R30909,Region_30909
R30910,Region_30910
R30911,Region_30911
R30912,Region_30912
R30913,Region_30913
R30914,Region_30914
R30915,Region_30915
R30916,Region_30916
R30917,Region_30917
R30918,Region_30918
R30919,Region_30919
R30920,Region_30920
R30921,Region_30921
R30922,Region_30922
R30923,Region_30923
R30924,Region_30924
R30925,Region_30925
R30926,Region_30926
R30927,Region_30927
R30928,Region_30928
R30929,Region_30929
R30930,Region_30930
R30931,Region_30931
R30932,Region_30932
R30933,Region_30933
R30934,Region_30934
R30935,Region_30935
R30936,Region_30936
R30937,Region_30937
R30938,Region_30938
R30939,Region_30939
R30940,Region_30940
R30941,Region_30941
R30942,Region_30942
R30943,Region_30943
R30944,Region_30944
R30945,Region_30945
R30946,Region_30946
R30947,Region_30947
R30948,Region_30948
R30949,Region_30949
R30950,Region_30950
R30951,Region_30951
R30952,Region_30952
R30953,Region_30953
R30954,Region_30954
R30955,Region_30955
R30956,Region_30956
R30957,Region_30957
R30958,Region_30958
R30959,Region_30959
R30960,Region_30960
R30961,Region_30961
R30962,Region_30962
R30963,Region_30963
R30964,Region_30964
R30965,Region_30965
R30966,Region_30966
R30967,Region_30967
R30968,Region_30968
R30969,Region_30969
R30970,Region_30970
R30971,Region_30971
R30972,Region_30972
R30973,Region_30973
R30974,Region_30974
R30975,Region_30975
R30976,Region_30976
R30977,Region_30977
R30978,Region_30978
R30979,Region_30979
R30980,Region_30980
R30981,Region_30981
R30982,Region_30982
R30983,Region_30983
R30984,Region_30984
R30985,Region_30985
R30986,Region_30986
R30987,Region_30987
R30988,Region_30988
R30989,Region_30989
R30990,Region_30990
R30991,Region_30991
R30992,Region_30992
R30993,Region_30993
R30994,Region_30994
R30995,Region_30995
R30996,Region_30996
R30997,Region_30997
R30998,Region_30998
R30999,Region_30999
R31000,Region_31000
R31001,Region_31001
R31002,Region_31002
R31003,Region_31003
R31004,Region_31004
R31005,Region_31005
R31006,Region_31006
R31007,Region_31007
R31008,Region_31008
R31009,Region_31009
R31010,Region_31010
R31011,Region_31011
R31012,Region_31012
R31013,Region_31013
R31014,Region_31014
R31015,Region_31015
R31016,Region_31016
R31017,Region_31017
R31018,Region_31018
R31019,Region_31019
R31020,Region_31020
R31021,Region_31021
R31022,Region_31022
R31023,Region_31023
R31024,Region_31024
R31025,Region_31025
R31026,Region_31026
R31027,Region_31027
R31028,Region_31028
R31029,Region_31029
R31030,Region_31030
R31031,Region_31031
R31032,Region_31032
R31033,Region_31033
R31034,Region_31034
R31035,Region_31035
R31036,Region_31036
R31037,Region_31037
R31038,Region_31038
R31039,Region_31039
R31040,Region_31040
R31041,Region_31041
R31042,Region_31042
R31043,Region_31043
R31044,Region_31044
R31045,Region_31045
R31046,Region_31046
R31047,Region_31047
R31048,Region_31048
R31049,Region_31049
R31050,Region_31050
R31051,Region_31051
R31052,Region_31052
R31053,Region_31053
R31054,Region_31054
R31055,Region_31055
R31056,Region_31056
R31057,Region_31057
R31058,Region_31058
R31059,Region_31059
R31060,Region_31060
R31061,Region_31061
R31062,Region_31062
R31063,Region_31063
R31064,Region_31064
R31065,Region_31065
R31066,Region_31066
R31067,Region_31067
R31068,Region_31068
R31069,Region_31069
R31070,Region_31070
R31071,Region_31071
R31072,Region_31072
R31073,Region_31073
R31074,Region_31074
R31075,Region_31075
R31076,Region_31076
R31077,Region_31077
R31078,Region_31078
R31079,Region_31079
R31080,Region_31080
R31081,Region_31081
R31082,Region_31082
R31083,Region_31083
R31084,Region_31084
R31085,Region_31085
R31086,Region_31086
R31087,Region_31087
R31088,Region_31088
R31089,Region_31089
R31090,Region_31090
R31091,Region_31091
R31092,Region_31092
R31093,Region_31093
R31094,Region_31094
R31095,Region_31095
R31096,Region_31096
R31097,Region_31097
R31098,Region_31098
R31099,Region_31099
R31100,Region_31100
R31101,Region_31101
R31102,Region_31102
R31103,Region_31103
R31104,Region_31104
R31105,Region_31105
R31106,Region_31106
R31107,Region_31107
R31108,Region_31108
R31109,Region_31109
R31110,Region_31110
R31111,Region_31111
R31112,Region_31112
R31113,Region_31113
R31114,Region_31114
R31115,Region_31115
R31116,Region_31116
R31117,Region_31117
R31118,Region_31118
R31119,Region_31119
R31120,Region_31120
R31121,Region_31121
R31122,Region_31122
R31123,Region_31123
R31124,Region_31124
R31125,Region_31125
R31126,Region_31126
R31127,Region_31127
R31128,Region_31128
R31129,Region_31129
R31130,Region_31130
R31131,Region_31131
R31132,Region_31132
R31133,Region_31133
R31134,Region_31134
R31135,Region_31135
R31136,Region_31136
R31137,Region_31137
R31138,Region_31138
R31139,Region_31139
R31140,Region_31140
R31141,Region_31141
R31142,Region_31142
R31143,Region_31143
R31144,Region_31144
R31145,Region_31145
R31146,Region_31146
R31147,Region_31147
R31148,Region_31148
R31149,Region_31149
R31150,Region_31150
R31151,Region_31151
R31152,Region_31152
R31153,Region_31153
R31154,Region_31154
R31155,Region_31155
R31156,Region_31156
R31157,Region_31157
R31158,Region_31158
R31159,Region_31159
R31160,Region_31160
R31161,Region_31161
R31162,Region_31162
R31163,Region_31163
R31164,Region_31164
R31165,Region_31165
R31166,Region_31166
R31167,Region_31167
R31168,Region_31168
R31169,Region_31169
R31170,Region_31170
R31171,Region_31171
R31172,Region_31172
R31173,Region_31173
R31174,Region_31174
R31175,Region_31175
R31176,Region_31176
R31177,Region_31177
R31178,Region_31178
R31179,Region_31179
R31180,Region_31180
R31181,Region_31181
R31182,Region_31182
R31183,Region_31183
R31184,Region_31184
R31185,Region_31185
R31186,Region_31186
R31187,Region_31187
R31188,Region_31188
R31189,Region_31189
R31190,Region_31190
R31191,Region_31191
R31192,Region_31192
R31193,Region_31193
R31194,Region_31194
R31195,Region_31195
R31196,Region_31196
R31197,Region_31197
R31198,Region_31198
R31199,Region_31199
R31200,Region_31200
R31201,Region_31201
R31202,Region_31202
R31203,Region_31203
R31204,Region_31204
R31205,Region_31205
R31206,Region_31206
R31207,Region_31207
R31208,Region_31208
R31209,Region_31209
R31210,Region_31210
R31211,Region_31211
R31212,Region_31212
R31213,Region_31213
R31214,Region_31214
R31215,Region_31215
R31216,Region_31216
R31217,Region_31217
R31218,Region_31218
R31219,Region_31219
R31220,Region_31220
R31221,Region_31221
R31222,Region_31222
R31223,Region_31223
R31224,Region_31224
R31225,Region_31225
R31226,Region_31226
R31227,Region_31227
R31228,Region_31228
R31229,Region_31229
R31230,Region_31230
R31231,Region_31231
R31232,Region_31232
R31233,Region_31233
R31234,Region_31234
R31235,Region_31235
R31236,Region_31236
R31237,Region_31237
R31238,Region_31238
R31239,Region_31239
R31240,Region_31240
R31241,Region_31241
R31242,Region_31242
R31243,Region_31243
R31244,Region_31244
R31245,Region_31245
R31246,Region_31246
R31247,Region_31247
R31248,Region_31248
R31249,Region_31249
R31250,Region_31250
R31251,Region_31251
R31252,Region_31252
R31253,Region_31253
R31254,Region_31254
R31255,Region_31255
R31256,Region_31256
R31257,Region_31257
R31258,Region_31258
R31259,Region_31259
R31260,Region_31260
R31261,Region_31261
R31262,Region_31262
R31263,Region_31263
R31264,Region_31264
R31265,Region_31265
R31266,Region_31266
R31267,Region_31267
R31268,Region_31268
R31269,Region_31269
R31270,Region_31270
R31271,Region_31271
R31272,Region_31272
R31273,Region_31273
R31274,Region_31274
R31275,Region_31275
R31276,Region_31276
R31277,Region_31277
R31278,Region_31278
R31279,Region_31279
R31280,Region_31280
R31281,Region_31281
R31282,Region_31282
R31283,Region_31283
R31284,Region_31284
R31285,Region_31285
R31286,Region_31286
R31287,Region_31287
R31288,Region_31288
R31289,Region_31289
R31290,Region_31290
R31291,Region_31291
R31292,Region_31292
R31293,Region_31293
R31294,Region_31294
R31295,Region_31295
R31296,Region_31296
R31297,Region_31297
R31298,Region_31298
R31299,Region_31299
R31300,Region_31300
R31301,Region_31301
R31302,Region_31302
R31303,Region_31303
R31304,Region_31304
R31305,Region_31305
R31306,Region_31306
R31307,Region_31307
R31308,Region_31308
R31309,Region_31309
R31310,Region_31310
R31311,Region_31311
R31312,Region_31312
R31313,Region_31313
R31314,Region_31314
R31315,Region_31315
R31316,Region_31316
R31317,Region_31317
R31318,Region_31318
R31319,Region_31319
R31320,Region_31320
R31321,Region_31321
R31322,Region_31322
R31323,Region_31323
R31324,Region_31324
R31325,Region_31325
R31326,Region_31326
R31327,Region_31327
R31328,Region_31328
R31329,Region_31329
R31330,Region_31330
R31331,Region_31331
R31332,Region_31332
R31333,Region_31333
R31334,Region_31334
R31335,Region_31335
R31336,Region_31336
R31337,Region_31337
R31338,Region_31338
R31339,Region_31339
R31340,Region_31340
R31341,Region_31341
R31342,Region_31342
R31343,Region_31343
R31344,Region_31344
R31345,Region_31345
R31346,Region_31346
R31347,Region_31347
R31348,Region_31348
R31349,Region_31349
R31350,Region_31350
R31351,Region_31351
R31352,Region_31352
R31353,Region_31353
R31354,Region_31354
R31355,Region_31355
R31356,Region_31356
R31357,Region_31357
R31358,Region_31358
R31359,Region_31359
R31360,Region_31360
R31361,Region_31361
R31362,Region_31362
R31363,Region_31363
R31364,Region_31364
R31365,Region_31365
R31366,Region_31366
R31367,Region_31367
R31368,Region_31368
R31369,Region_31369
R31370,Region_31370
R31371,Region_31371
R31372,Region_31372
R31373,Region_31373
R31374,Region_31374
R31375,Region_31375
R31376,Region_31376
R31377,Region_31377
R31378,Region_31378
R31379,Region_31379
R31380,Region_31380
R31381,Region_31381
R31382,Region_31382
R31383,Region_31383
R31384,Region_31384
R31385,Region_31385
R31386,Region_31386
R31387,Region_31387
R31388,Region_31388
R31389,Region_31389
R31390,Region_31390
R31391,Region_31391
R31392,Region_31392
R31393,Region_31393
R31394,Region_31394
R31395,Region_31395
R31396,Region_31396
R31397,Region_31397
R31398,Region_31398
R31399,Region_31399
R31400,Region_31400
R31401,Region_31401
R31402,Region_31402
R31403,Region_31403
R31404,Region_31404
R31405,Region_31405
R31406,Region_31406
R31407,Region_31407
R31408,Region_31408
R31409,Region_31409
R31410,Region_31410
R31411,Region_31411
R31412,Region_31412
R31413,Region_31413
R31414,Region_31414
R31415,Region_31415
R31416,Region_31416
R31417,Region_31417
R31418,Region_31418
R31419,Region_31419
R31420,Region_31420
R31421,Region_31421
R31422,Region_31422
R31423,Region_31423
R31424,Region_31424
R31425,Region_31425
R31426,Region_31426
R31427,Region_31427
R31428,Region_31428
R31429,Region_31429
R31430,Region_31430
R31431,Region_31431
R31432,Region_31432
R31433,Region_31433
R31434,Region_31434
R31435,Region_31435
R31436,Region_31436
R31437,Region_31437
R31438,Region_31438
R31439,Region_31439
R31440,Region_31440
R31441,Region_31441
R31442,Region_31442
R31443,Region_31443
R31444,Region_31444
R31445,Region_31445
R31446,Region_31446
R31447,Region_31447
R31448,Region_31448
R31449,Region_31449
R31450,Region_31450
R31451,Region_31451
R31452,Region_31452
R31453,Region_31453
R31454,Region_31454
R31455,Region_31455
R31456,Region_31456
R31457,Region_31457
R31458,Region_31458
R31459,Region_31459
R31460,Region_31460
R31461,Region_31461
R31462,Region_31462
R31463,Region_31463
R31464,Region_31464
R31465,Region_31465
R31466,Region_31466
R31467,Region_31467
R31468,Region_31468
R31469,Region_31469
R31470,Region_31470
R31471,Region_31471
R31472,Region_31472
R31473,Region_31473
R31474,Region_31474
R31475,Region_31475
R31476,Region_31476
R31477,Region_31477
R31478,Region_31478
R31479,Region_31479
R31480,Region_31480
R31481,Region_31481
R31482,Region_31482
R31483,Region_31483
R31484,Region_31484
R31485,Region_31485
R31486,Region_31486
R31487,Region_31487
R31488,Region_31488
R31489,Region_31489
R31490,Region_31490
R31491,Region_31491
R31492,Region_31492
R31493,Region_31493
R31494,Region_31494
R31495,Region_31495
R31496,Region_31496
R31497,Region_31497
R31498,Region_31498
R31499,Region_31499
R31500,Region_31500
R31501,Region_31501
R31502,Region_31502
R31503,Region_31503
R31504,Region_31504
R31505,Region_31505
R31506,Region_31506
R31507,Region_31507
R31508,Region_31508
R31509,Region_31509
R31510,Region_31510
R31511,Region_31511
R31512,Region_31512
R31513,Region_31513
R31514,Region_31514
R31515,Region_31515
R31516,Region_31516
R31517,Region_31517
R31518,Region_31518
R31519,Region_31519
R31520,Region_31520
R31521,Region_31521
R31522,Region_31522
R31523,Region_31523
R31524,Region_31524
R31525,Region_31525
R31526,Region_31526
R31527,Region_31527
R31528,Region_31528
R31529,Region_31529
R31530,Region_31530
R31531,Region_31531
R31532,Region_31532
R31533,Region_31533
R31534,Region_31534
R31535,Region_31535
R31536,Region_31536
R31537,Region_31537
R31538,Region_31538
R31539,Region_31539
R31540,Region_31540
R31541,Region_31541
R31542,Region_31542
R31543,Region_31543
R31544,Region_31544
R31545,Region_31545
R31546,Region_31546
R31547,Region_31547
R31548,Region_31548
R31549,Region_31549
R31550,Region_31550
R31551,Region_31551
R31552,Region_31552
R31553,Region_31553
R31554,Region_31554
R31555,Region_31555
R31556,Region_31556
R31557,Region_31557
R31558,Region_31558
R31559,Region_31559
R31560,Region_31560
R31561,Region_31561
R31562,Region_31562
R31563,Region_31563
R31564,Region_31564
R31565,Region_31565
R31566,Region_31566
R31567,Region_31567
R31568,Region_31568
R31569,Region_31569
R31570,Region_31570
R31571,Region_31571
R31572,Region_31572
R31573,Region_31573
R31574,Region_31574
R31575,Region_31575
R31576,Region_31576
R31577,Region_31577
R31578,Region_31578
R31579,Region_31579
R31580,Region_31580
R31581,Region_31581
R31582,Region_31582
R31583,Region_31583
R31584,Region_31584
R31585,Region_31585
R31586,Region_31586
R31587,Region_31587
R31588,Region_31588
R31589,Region_31589
R31590,Region_31590
R31591,Region_31591
R31592,Region_31592
R31593,Region_31593
R31594,Region_31594
R31595,Region_31595
R31596,Region_31596
R31597,Region_31597
R31598,Region_31598
R31599,Region_31599
R31600,Region_31600
R31601,Region_31601
R31602,Region_31602
R31603,Region_31603
R31604,Region_31604
R31605,Region_31605
R31606,Region_31606
R31607,Region_31607
R31608,Region_31608
R31609,Region_31609
R31610,Region_31610
R31611,Region_31611
R31612,Region_31612
R31613,Region_31613
R31614,Region_31614
R31615,Region_31615
R31616,Region_31616
R31617,Region_31617
R31618,Region_31618
R31619,Region_31619
R31620,Region_31620
R31621,Region_31621
R31622,Region_31622
R31623,Region_31623
R31624,Region_31624
R31625,Region_31625
R31626,Region_31626
R31627,Region_31627
R31628,Region_31628
R31629,Region_31629
R31630,Region_31630
R31631,Region_31631
R31632,Region_31632
R31633,Region_31633
R31634,Region_31634
R31635,Region_31635
R31636,Region_31636
R31637,Region_31637
R31638,Region_31638
R31639,Region_31639
R31640,Region_31640
R31641,Region_31641
R31642,Region_31642
R31643,Region_31643
R31644,Region_31644
R31645,Region_31645
R31646,Region_31646
R31647,Region_31647
R31648,Region_31648
R31649,Region_31649
R31650,Region_31650
R31651,Region_31651
R31652,Region_31652
R31653,Region_31653
R31654,Region_31654
R31655,Region_31655
R31656,Region_31656
R31657,Region_31657
R31658,Region_31658
R31659,Region_31659
R31660,Region_31660
R31661,Region_31661
R31662,Region_31662
R31663,Region_31663
R31664,Region_31664
R31665,Region_31665
R31666,Region_31666
R31667,Region_31667
R31668,Region_31668
R31669,Region_31669
R31670,Region_31670
R31671,Region_31671
R31672,Region_31672
R31673,Region_31673
R31674,Region_31674
R31675,Region_31675
R31676,Region_31676
R31677,Region_31677
R31678,Region_31678
R31679,Region_31679
R31680,Region_31680
R31681,Region_31681
R31682,Region_31682
R31683,Region_31683
R31684,Region_31684
R31685,Region_31685
R31686,Region_31686
R31687,Region_31687
R31688,Region_31688
R31689,Region_31689
R31690,Region_31690
R31691,Region_31691
R31692,Region_31692
R31693,Region_31693
R31694,Region_31694
R31695,Region_31695
R31696,Region_31696
R31697,Region_31697
R31698,Region_31698
R31699,Region_31699
R31700,Region_31700
R31701,Region_31701
R31702,Region_31702
R31703,Region_31703
R31704,Region_31704
R31705,Region_31705
R31706,Region_31706
R31707,Region_31707
R31708,Region_31708
R31709,Region_31709
R31710,Region_31710
R31711,Region_31711
R31712,Region_31712
R31713,Region_31713
R31714,Region_31714
R31715,Region_31715
R31716,Region_31716
R31717,Region_31717
R31718,Region_31718
R31719,Region_31719
R31720,Region_31720
R31721,Region_31721
R31722,Region_31722
R31723,Region_31723
R31724,Region_31724
R31725,Region_31725
R31726,Region_31726
R31727,Region_31727
R31728,Region_31728
R31729,Region_31729
R31730,Region_31730
R31731,Region_31731
R31732,Region_31732
R31733,Region_31733
R31734,Region_31734
R31735,Region_31735
R31736,Region_31736
R31737,Region_31737
R31738,Region_31738
R31739,Region_31739
R31740,Region_31740
R31741,Region_31741
R31742,Region_31742
R31743,Region_31743
R31744,Region_31744
R31745,Region_31745
R31746,Region_31746
R31747,Region_31747
R31748,Region_31748
R31749,Region_31749
R31750,Region_31750
R31751,Region_31751
R31752,Region_31752
R31753,Region_31753
R31754,Region_31754
R31755,Region_31755
R31756,Region_31756
R31757,Region_31757
R31758,Region_31758
R31759,Region_31759
R31760,Region_31760
R31761,Region_31761
R31762,Region_31762
R31763,Region_31763
R31764,Region_31764
R31765,Region_31765
R31766,Region_31766
R31767,Region_31767
R31768,Region_31768
R31769,Region_31769
R31770,Region_31770
R31771,Region_31771
R31772,Region_31772
R31773,Region_31773
R31774,Region_31774
R31775,Region_31775
R31776,Region_31776
R31777,Region_31777
R31778,Region_31778
R31779,Region_31779
R31780,Region_31780
R31781,Region_31781
R31782,Region_31782
R31783,Region_31783
R31784,Region_31784
R31785,Region_31785
R31786,Region_31786
R31787,Region_31787
R31788,Region_31788
R31789,Region_31789
R31790,Region_31790
R31791,Region_31791
R31792,Region_31792
R31793,Region_31793
R31794,Region_31794
R31795,Region_31795
R31796,Region_31796
R31797,Region_31797
R31798,Region_31798
R31799,Region_31799
R31800,Region_31800
R31801,Region_31801
R31802,Region_31802
R31803,Region_31803
R31804,Region_31804
R31805,Region_31805
R31806,Region_31806
R31807,Region_31807
R31808,Region_31808
R31809,Region_31809
R31810,Region_31810
R31811,Region_31811
R31812,Region_31812
R31813,Region_31813
R31814,Region_31814
R31815,Region_31815
R31816,Region_31816
R31817,Region_31817
R31818,Region_31818
R31819,Region_31819
R31820,Region_31820
R31821,Region_31821
R31822,Region_31822
R31823,Region_31823
R31824,Region_31824
R31825,Region_31825
R31826,Region_31826
R31827,Region_31827
R31828,Region_31828
R31829,Region_31829
R31830,Region_31830
R31831,Region_31831
R31832,Region_31832
R31833,Region_31833
R31834,Region_31834
R31835,Region_31835
R31836,Region_31836
R31837,Region_31837
R31838,Region_31838
R31839,Region_31839
R31840,Region_31840
R31841,Region_31841
R31842,Region_31842
R31843,Region_31843
R31844,Region_31844
R31845,Region_31845
R31846,Region_31846
R31847,Region_31847
R31848,Region_31848
R31849,Region_31849
R31850,Region_31850
R31851,Region_31851
R31852,Region_31852
R31853,Region_31853
R31854,Region_31854
R31855,Region_31855
R31856,Region_31856
R31857,Region_31857
R31858,Region_31858
R31859,Region_31859
R31860,Region_31860
R31861,Region_31861
R31862,Region_31862
R31863,Region_31863
R31864,Region_31864
R31865,Region_31865
R31866,Region_31866
R31867,Region_31867
R31868,Region_31868
R31869,Region_31869
R31870,Region_31870
R31871,Region_31871
R31872,Region_31872
R31873,Region_31873
R31874,Region_31874
R31875,Region_31875
R31876,Region_31876
R31877,Region_31877
R31878,Region_31878
R31879,Region_31879
R31880,Region_31880
R31881,Region_31881
R31882,Region_31882
R31883,Region_31883
R31884,Region_31884
R31885,Region_31885
R31886,Region_31886
R31887,Region_31887
R31888,Region_31888
R31889,Region_31889
R31890,Region_31890
R31891,Region_31891
R31892,Region_31892
R31893,Region_31893
R31894,Region_31894
R31895,Region_31895
R31896,Region_31896
R31897,Region_31897
R31898,Region_31898
R31899,Region_31899
R31900,Region_31900
R31901,Region_31901
R31902,Region_31902
R31903,Region_31903
R31904,Region_31904
R31905,Region_31905
R31906,Region_31906
R31907,Region_31907
R31908,Region_31908
R31909,Region_31909
R31910,Region_31910
R31911,Region_31911
R31912,Region_31912
R31913,Region_31913
R31914,Region_31914
R31915,Region_31915
R31916,Region_31916
R31917,Region_31917
R31918,Region_31918
R31919,Region_31919
R31920,Region_31920
R31921,Region_31921
R31922,Region_31922
R31923,Region_31923
R31924,Region_31924
R31925,Region_31925
R31926,Region_31926
R31927,Region_31927
R31928,Region_31928
R31929,Region_31929
R31930,Region_31930
R31931,Region_31931
R31932,Region_31932
R31933,Region_31933
R31934,Region_31934
R31935,Region_31935
R31936,Region_31936
R31937,Region_31937
R31938,Region_31938
R31939,Region_31939
R31940,Region_31940
R31941,Region_31941
R31942,Region_31942
R31943,Region_31943
R31944,Region_31944
R31945,Region_31945
R31946,Region_31946
R31947,Region_31947
R31948,Region_31948
R31949,Region_31949
R31950,Region_31950
R31951,Region_31951
R31952,Region_31952
R31953,Region_31953
R31954,Region_31954
R31955,Region_31955
R31956,Region_31956
R31957,Region_31957
R31958,Region_31958
R31959,Region_31959
R31960,Region_31960
R31961,Region_31961
R31962,Region_31962
R31963,Region_31963
R31964,Region_31964
R31965,Region_31965
R31966,Region_31966
R31967,Region_31967
R31968,Region_31968
R31969,Region_31969
R31970,Region_31970
R31971,Region_31971
R31972,Region_31972
R31973,Region_31973
R31974,Region_31974
R31975,Region_31975
R31976,Region_31976
R31977,Region_31977
R31978,Region_31978
R31979,Region_31979
R31980,Region_31980
R31981,Region_31981
R31982,Region_31982
R31983,Region_31983
R31984,Region_31984
R31985,Region_31985
R31986,Region_31986
R31987,Region_31987
R31988,Region_31988
R31989,Region_31989
R31990,Region_31990
R31991,Region_31991
R31992,Region_31992
R31993,Region_31993
R31994,Region_31994
R31995,Region_31995
R31996,Region_31996
R31997,Region_31997
R31998,Region_31998
R31999,Region_31999
R32000,Region_32000
R32001,Region_32001
R32002,Region_32002
R32003,Region_32003
R32004,Region_32004
R32005,Region_32005
R32006,Region_32006
R32007,Region_32007
R32008,Region_32008
R32009,Region_32009
R32010,Region_32010
R32011,Region_32011
R32012,Region_32012
R32013,Region_32013
R32014,Region_32014
R32015,Region_32015
R32016,Region_32016
R32017,Region_32017
R32018,Region_32018
R32019,Region_32019
R32020,Region_32020
R32021,Region_32021
R32022,Region_32022
R32023,Region_32023
R32024,Region_32024
R32025,Region_32025
R32026,Region_32026
R32027,Region_32027
R32028,Region_32028
R32029,Region_32029
R32030,Region_32030
R32031,Region_32031
R32032,Region_32032
R32033,Region_32033
R32034,Region_32034
R32035,Region_32035
R32036,Region_32036
R32037,Region_32037
R32038,Region_32038
R32039,Region_32039
R32040,Region_32040
R32041,Region_32041
R32042,Region_32042
R32043,Region_32043
R32044,Region_32044
R32045,Region_32045
R32046,Region_32046
R32047,Region_32047
R32048,Region_32048
R32049,Region_32049
R32050,Region_32050
R32051,Region_32051
R32052,Region_32052
R32053,Region_32053
R32054,Region_32054
R32055,Region_32055
R32056,Region_32056
R32057,Region_32057
R32058,Region_32058
R32059,Region_32059
R32060,Region_32060
R32061,Region_32061
R32062,Region_32062
R32063,Region_32063
R32064,Region_32064
R32065,Region_32065
R32066,Region_32066
R32067,Region_32067
R32068,Region_32068
R32069,Region_32069
R32070,Region_32070
R32071,Region_32071
R32072,Region_32072
R32073,Region_32073
R32074,Region_32074
R32075,Region_32075
R32076,Region_32076
R32077,Region_32077
R32078,Region_32078
R32079,Region_32079
R32080,Region_32080
R32081,Region_32081
R32082,Region_32082
R32083,Region_32083
R32084,Region_32084
R32085,Region_32085
R32086,Region_32086
R32087,Region_32087
R32088,Region_32088
R32089,Region_32089
R32090,Region_32090
R32091,Region_32091
R32092,Region_32092
R32093,Region_32093
R32094,Region_32094
R32095,Region_32095
R32096,Region_32096
R32097,Region_32097
R32098,Region_32098
R32099,Region_32099
R32100,Region_32100
R32101,Region_32101
R32102,Region_32102
R32103,Region_32103
R32104,Region_32104
R32105,Region_32105
R32106,Region_32106
R32107,Region_32107
R32108,Region_32108
R32109,Region_32109
R32110,Region_32110
R32111,Region_32111
R32112,Region_32112
R32113,Region_32113
R32114,Region_32114
R32115,Region_32115
R32116,Region_32116
R32117,Region_32117
R32118,Region_32118
R32119,Region_32119
R32120,Region_32120
R32121,Region_32121
R32122,Region_32122
R32123,Region_32123
R32124,Region_32124
R32125,Region_32125
R32126,Region_32126
R32127,Region_32127
R32128,Region_32128
R32129,Region_32129
R32130,Region_32130
R32131,Region_32131
R32132,Region_32132
R32133,Region_32133
R32134,Region_32134
R32135,Region_32135
R32136,Region_32136
R32137,Region_32137
R32138,Region_32138
R32139,Region_32139
R32140,Region_32140
R32141,Region_32141
R32142,Region_32142
R32143,Region_32143
R32144,Region_32144
R32145,Region_32145
R32146,Region_32146
R32147,Region_32147
R32148,Region_32148
R32149,Region_32149
R32150,Region_32150
R32151,Region_32151
R32152,Region_32152
R32153,Region_32153
R32154,Region_32154
R32155,Region_32155
R32156,Region_32156
R32157,Region_32157
R32158,Region_32158
R32159,Region_32159
R32160,Region_32160
R32161,Region_32161
R32162,Region_32162
R32163,Region_32163
R32164,Region_32164
R32165,Region_32165
R32166,Region_32166
R32167,Region_32167
R32168,Region_32168
R32169,Region_32169
R32170,Region_32170
R32171,Region_32171
R32172,Region_32172
R32173,Region_32173
R32174,Region_32174
R32175,Region_32175
R32176,Region_32176
R32177,Region_32177
R32178,Region_32178
R32179,Region_32179
R32180,Region_32180
R32181,Region_32181
R32182,Region_32182
R32183,Region_32183
R32184,Region_32184
R32185,Region_32185
R32186,Region_32186
R32187,Region_32187
R32188,Region_32188
R32189,Region_32189
R32190,Region_32190
R32191,Region_32191
R32192,Region_32192
R32193,Region_32193
R32194,Region_32194
R32195,Region_32195
R32196,Region_32196
R32197,Region_32197
R32198,Region_32198
R32199,Region_32199
R32200,Region_32200
R32201,Region_32201
R32202,Region_32202
R32203,Region_32203
R32204,Region_32204
R32205,Region_32205
R32206,Region_32206
R32207,Region_32207
R32208,Region_32208
R32209,Region_32209
R32210,Region_32210
R32211,Region_32211
R32212,Region_32212
R32213,Region_32213
R32214,Region_32214
R32215,Region_32215
R32216,Region_32216
R32217,Region_32217
R32218,Region_32218
R32219,Region_32219
R32220,Region_32220
R32221,Region_32221
R32222,Region_32222
R32223,Region_32223
R32224,Region_32224
R32225,Region_32225
R32226,Region_32226
R32227,Region_32227
R32228,Region_32228
R32229,Region_32229
R32230,Region_32230
R32231,Region_32231
R32232,Region_32232
R32233,Region_32233
R32234,Region_32234
R32235,Region_32235
R32236,Region_32236
R32237,Region_32237
R32238,Region_32238
R32239,Region_32239
R32240,Region_32240
R32241,Region_32241
R32242,Region_32242
R32243,Region_32243
R32244,Region_32244
R32245,Region_32245
R32246,Region_32246
R32247,Region_32247
R32248,Region_32248
R32249,Region_32249
R32250,Region_32250
R32251,Region_32251
R32252,Region_32252
R32253,Region_32253
R32254,Region_32254
R32255,Region_32255
R32256,Region_32256
R32257,Region_32257
R32258,Region_32258
R32259,Region_32259
R32260,Region_32260
R32261,Region_32261
R32262,Region_32262
R32263,Region_32263
R32264,Region_32264
R32265,Region_32265
R32266,Region_32266
R32267,Region_32267
R32268,Region_32268
R32269,Region_32269
R32270,Region_32270
R32271,Region_32271
R32272,Region_32272
R32273,Region_32273
R32274,Region_32274
R32275,Region_32275
R32276,Region_32276
R32277,Region_32277
R32278,Region_32278
R32279,Region_32279
R32280,Region_32280
R32281,Region_32281
R32282,Region_32282
R32283,Region_32283
R32284,Region_32284
R32285,Region_32285
R32286,Region_32286
R32287,Region_32287
R32288,Region_32288
R32289,Region_32289
R32290,Region_32290
R32291,Region_32291
R32292,Region_32292
R32293,Region_32293
R32294,Region_32294
R32295,Region_32295
R32296,Region_32296
R32297,Region_32297
R32298,Region_32298
R32299,Region_32299
R32300,Region_32300
R32301,Region_32301
R32302,Region_32302
R32303,Region_32303
R32304,Region_32304
R32305,Region_32305
R32306,Region_32306
R32307,Region_32307
R32308,Region_32308
R32309,Region_32309
R32310,Region_32310
R32311,Region_32311
R32312,Region_32312
R32313,Region_32313
R32314,Region_32314
R32315,Region_32315
R32316,Region_32316
R32317,Region_32317
R32318,Region_32318
R32319,Region_32319
R32320,Region_32320
R32321,Region_32321
R32322,Region_32322
R32323,Region_32323
R32324,Region_32324
R32325,Region_32325
R32326,Region_32326
R32327,Region_32327
R32328,Region_32328
R32329,Region_32329
R32330,Region_32330
R32331,Region_32331
R32332,Region_32332
R32333,Region_32333
R32334,Region_32334
R32335,Region_32335
R32336,Region_32336
R32337,Region_32337
R32338,Region_32338
R32339,Region_32339
R32340,Region_32340
R32341,Region_32341
R32342,Region_32342
R32343,Region_32343
R32344,Region_32344
R32345,Region_32345
R32346,Region_32346
R32347,Region_32347
R32348,Region_32348
R32349,Region_32349
R32350,Region_32350
R32351,Region_32351
R32352,Region_32352
R32353,Region_32353
R32354,Region_32354
R32355,Region_32355
R32356,Region_32356
R32357,Region_32357
R32358,Region_32358
R32359,Region_32359
R32360,Region_32360
R32361,Region_32361
R32362,Region_32362
R32363,Region_32363
R32364,Region_32364
R32365,Region_32365
R32366,Region_32366
R32367,Region_32367
R32368,Region_32368
R32369,Region_32369
R32370,Region_32370
R32371,Region_32371
R32372,Region_32372
R32373,Region_32373
R32374,Region_32374
R32375,Region_32375
R32376,Region_32376
R32377,Region_32377
R32378,Region_32378
R32379,Region_32379
R32380,Region_32380
R32381,Region_32381
R32382,Region_32382
R32383,Region_32383
R32384,Region_32384
R32385,Region_32385
R32386,Region_32386
R32387,Region_32387
R32388,Region_32388
R32389,Region_32389
R32390,Region_32390
R32391,Region_32391
R32392,Region_32392
R32393,Region_32393
R32394,Region_32394
R32395,Region_32395
R32396,Region_32396
R32397,Region_32397
R32398,Region_32398
R32399,Region_32399
R32400,Region_32400
R32401,Region_32401
R32402,Region_32402
R32403,Region_32403
R32404,Region_32404
R32405,Region_32405
R32406,Region_32406
R32407,Region_32407
R32408,Region_32408
R32409,Region_32409
R32410,Region_32410
R32411,Region_32411
R32412,Region_32412
R32413,Region_32413
R32414,Region_32414
R32415,Region_32415
R32416,Region_32416
R32417,Region_32417
R32418,Region_32418
R32419,Region_32419
R32420,Region_32420
R32421,Region_32421
R32422,Region_32422
R32423,Region_32423
R32424,Region_32424
R32425,Region_32425
R32426,Region_32426
R32427,Region_32427
R32428,Region_32428
R32429,Region_32429
R32430,Region_32430
R32431,Region_32431
R32432,Region_32432
R32433,Region_32433
R32434,Region_32434
R32435,Region_32435
R32436,Region_32436
R32437,Region_32437
R32438,Region_32438
R32439,Region_32439
R32440,Region_32440
R32441,Region_32441
R32442,Region_32442
R32443,Region_32443
R32444,Region_32444
R32445,Region_32445
R32446,Region_32446
R32447,Region_32447
R32448,Region_32448
R32449,Region_32449
R32450,Region_32450
R32451,Region_32451
R32452,Region_32452
R32453,Region_32453
R32454,Region_32454
R32455,Region_32455
R32456,Region_32456
R32457,Region_32457
R32458,Region_32458
R32459,Region_32459
R32460,Region_32460
R32461,Region_32461
R32462,Region_32462
R32463,Region_32463
R32464,Region_32464
R32465,Region_32465
R32466,Region_32466
R32467,Region_32467
R32468,Region_32468
R32469,Region_32469
R32470,Region_32470
R32471,Region_32471
R32472,Region_32472
R32473,Region_32473
R32474,Region_32474
R32475,Region_32475
R32476,Region_32476
R32477,Region_32477
R32478,Region_32478
R32479,Region_32479
R32480,Region_32480
R32481,Region_32481
R32482,Region_32482
R32483,Region_32483
R32484,Region_32484
R32485,Region_32485
R32486,Region_32486
R32487,Region_32487
R32488,Region_32488
R32489,Region_32489
R32490,Region_32490
R32491,Region_32491
R32492,Region_32492
R32493,Region_32493
R32494,Region_32494
R32495,Region_32495
R32496,Region_32496
R32497,Region_32497
R32498,Region_32498
R32499,Region_32499
R32500,Region_32500
R32501,Region_32501
R32502,Region_32502
R32503,Region_32503
R32504,Region_32504
R32505,Region_32505
R32506,Region_32506
R32507,Region_32507
R32508,Region_32508
R32509,Region_32509
R32510,Region_32510
R32511,Region_32511
R32512,Region_32512
R32513,Region_32513
R32514,Region_32514
R32515,Region_32515
R32516,Region_32516
R32517,Region_32517
R32518,Region_32518
R32519,Region_32519
R32520,Region_32520
R32521,Region_32521
R32522,Region_32522
R32523,Region_32523
R32524,Region_32524
R32525,Region_32525
R32526,Region_32526
R32527,Region_32527
R32528,Region_32528
R32529,Region_32529
R32530,Region_32530
R32531,Region_32531
R32532,Region_32532
R32533,Region_32533
R32534,Region_32534
R32535,Region_32535
R32536,Region_32536
R32537,Region_32537
R32538,Region_32538
R32539,Region_32539
R32540,Region_32540
R32541,Region_32541
R32542,Region_32542
R32543,Region_32543
R32544,Region_32544
R32545,Region_32545
R32546,Region_32546
R32547,Region_32547
R32548,Region_32548
R32549,Region_32549
R32550,Region_32550
R32551,Region_32551
R32552,Region_32552
R32553,Region_32553
R32554,Region_32554
R32555,Region_32555
R32556,Region_32556
R32557,Region_32557
R32558,Region_32558
R32559,Region_32559
R32560,Region_32560
R32561,Region_32561
R32562,Region_32562
R32563,Region_32563
R32564,Region_32564
R32565,Region_32565
R32566,Region_32566
R32567,Region_32567
R32568,Region_32568
R32569,Region_32569
R32570,Region_32570
R32571,Region_32571
R32572,Region_32572
R32573,Region_32573
R32574,Region_32574
R32575,Region_32575
R32576,Region_32576
R32577,Region_32577
R32578,Region_32578
R32579,Region_32579
R32580,Region_32580
R32581,Region_32581
R32582,Region_32582
R32583,Region_32583
R32584,Region_32584
R32585,Region_32585
R32586,Region_32586
R32587,Region_32587
R32588,Region_32588
R32589,Region_32589
R32590,Region_32590
R32591,Region_32591
R32592,Region_32592
R32593,Region_32593
R32594,Region_32594
R32595,Region_32595
R32596,Region_32596
R32597,Region_32597
R32598,Region_32598
R32599,Region_32599
R32600,Region_32600
R32601,Region_32601
R32602,Region_32602
R32603,Region_32603
R32604,Region_32604
R32605,Region_32605
R32606,Region_32606
R32607,Region_32607
R32608,Region_32608
R32609,Region_32609
R32610,Region_32610
R32611,Region_32611
R32612,Region_32612
R32613,Region_32613
R32614,Region_32614
R32615,Region_32615
R32616,Region_32616
R32617,Region_32617
R32618,Region_32618
R32619,Region_32619
R32620,Region_32620
R32621,Region_32621
R32622,Region_32622
R32623,Region_32623
R32624,Region_32624
R32625,Region_32625
R32626,Region_32626
R32627,Region_32627
R32628,Region_32628
R32629,Region_32629
R32630,Region_32630
R32631,Region_32631
R32632,Region_32632
R32633,Region_32633
R32634,Region_32634
R32635,Region_32635
R32636,Region_32636
R32637,Region_32637
R32638,Region_32638
R32639,Region_32639
R32640,Region_32640
R32641,Region_32641
R32642,Region_32642
R32643,Region_32643
R32644,Region_32644
R32645,Region_32645
R32646,Region_32646
R32647,Region_32647
R32648,Region_32648
R32649,Region_32649
R32650,Region_32650
R32651,Region_32651
R32652,Region_32652
R32653,Region_32653
R32654,Region_32654
R32655,Region_32655
R32656,Region_32656
R32657,Region_32657
R32658,Region_32658
R32659,Region_32659
R32660,Region_32660
R32661,Region_32661
R32662,Region_32662
R32663,Region_32663
R32664,Region_32664
R32665,Region_32665
R32666,Region_32666
R32667,Region_32667
R32668,Region_32668
R32669,Region_32669
R32670,Region_32670
R32671,Region_32671
R32672,Region_32672
R32673,Region_32673
R32674,Region_32674
R32675,Region_32675
R32676,Region_32676
R32677,Region_32677
R32678,Region_32678
R32679,Region_32679
R32680,Region_32680
R32681,Region_32681
R32682,Region_32682
R32683,Region_32683
R32684,Region_32684
R32685,Region_32685
R32686,Region_32686
R32687,Region_32687
R32688,Region_32688
R32689,Region_32689
R32690,Region_32690
R32691,Region_32691
R32692,Region_32692
R32693,Region_32693
R32694,Region_32694
R32695,Region_32695
R32696,Region_32696
R32697,Region_32697
R32698,Region_32698
R32699,Region_32699
R32700,Region_32700
R32701,Region_32701
R32702,Region_32702
R32703,Region_32703
R32704,Region_32704
R32705,Region_32705
R32706,Region_32706
R32707,Region_32707
R32708,Region_32708
R32709,Region_32709
R32710,Region_32710
R32711,Region_32711
R32712,Region_32712
R32713,Region_32713
R32714,Region_32714
R32715,Region_32715
R32716,Region_32716
R32717,Region_32717
R32718,Region_32718
R32719,Region_32719
R32720,Region_32720
R32721,Region_32721
R32722,Region_32722
R32723,Region_32723
R32724,Region_32724
R32725,Region_32725
R32726,Region_32726
R32727,Region_32727
R32728,Region_32728
R32729,Region_32729
R32730,Region_32730
R32731,Region_32731
R32732,Region_32732
R32733,Region_32733
R32734,Region_32734
R32735,Region_32735
R32736,Region_32736
R32737,Region_32737
R32738,Region_32738
R32739,Region_32739
R32740,Region_32740
R32741,Region_32741
R32742,Region_32742
R32743,Region_32743
R32744,Region_32744
R32745,Region_32745
R32746,Region_32746
R32747,Region_32747
R32748,Region_32748
R32749,Region_32749
R32750,Region_32750
R32751,Region_32751
R32752,Region_32752
R32753,Region_32753
R32754,Region_32754
R32755,Region_32755
R32756,Region_32756
R32757,Region_32757
R32758,Region_32758
R32759,Region_32759
R32760,Region_32760
R32761,Region_32761
R32762,Region_32762
R32763,Region_32763
R32764,Region_32764
R32765,Region_32765
R32766,Region_32766
R32767,Region_32767
R32768,Region_32768
R32769,Region_32769
R32770,Region_32770
R32771,Region_32771
R32772,Region_32772
R32773,Region_32773
R32774,Region_32774
R32775,Region_32775
R32776,Region_32776
R32777,Region_32777
R32778,Region_32778
R32779,Region_32779
R32780,Region_32780
R32781,Region_32781
R32782,Region_32782
R32783,Region_32783
R32784,Region_32784
R32785,Region_32785
R32786,Region_32786
R32787,Region_32787
R32788,Region_32788
R32789,Region_32789
R32790,Region_32790
R32791,Region_32791
R32792,Region_32792
R32793,Region_32793
R32794,Region_32794
R32795,Region_32795
R32796,Region_32796
R32797,Region_32797
R32798,Region_32798
R32799,Region_32799
R32800,Region_32800
R32801,Region_32801
R32802,Region_32802
R32803,Region_32803
R32804,Region_32804
R32805,Region_32805
R32806,Region_32806
R32807,Region_32807
R32808,Region_32808
R32809,Region_32809
R32810,Region_32810
R32811,Region_32811
R32812,Region_32812
R32813,Region_32813
R32814,Region_32814
R32815,Region_32815
R32816,Region_32816
R32817,Region_32817
R32818,Region_32818
R32819,Region_32819
R32820,Region_32820
R32821,Region_32821
R32822,Region_32822
R32823,Region_32823
R32824,Region_32824
R32825,Region_32825
R32826,Region_32826
R32827,Region_32827
R32828,Region_32828
R32829,Region_32829
R32830,Region_32830
R32831,Region_32831
R32832,Region_32832
R32833,Region_32833
R32834,Region_32834
R32835,Region_32835
R32836,Region_32836
R32837,Region_32837
R32838,Region_32838
R32839,Region_32839
R32840,Region_32840
R32841,Region_32841
R32842,Region_32842
R32843,Region_32843
R32844,Region_32844
R32845,Region_32845
R32846,Region_32846
R32847,Region_32847
R32848,Region_32848
R32849,Region_32849
R32850,Region_32850
R32851,Region_32851
R32852,Region_32852
R32853,Region_32853
R32854,Region_32854
R32855,Region_32855
R32856,Region_32856
R32857,Region_32857
R32858,Region_32858
R32859,Region_32859
R32860,Region_32860
R32861,Region_32861
R32862,Region_32862
R32863,Region_32863
R32864,Region_32864
R32865,Region_32865
R32866,Region_32866
R32867,Region_32867
R32868,Region_32868
R32869,Region_32869
R32870,Region_32870
R32871,Region_32871
R32872,Region_32872
R32873,Region_32873
R32874,Region_32874
R32875,Region_32875
R32876,Region_32876
R32877,Region_32877
R32878,Region_32878
R32879,Region_32879
R32880,Region_32880
R32881,Region_32881
R32882,Region_32882
R32883,Region_32883
R32884,Region_32884
R32885,Region_32885
R32886,Region_32886
R32887,Region_32887
R32888,Region_32888
R32889,Region_32889
R32890,Region_32890
R32891,Region_32891
R32892,Region_32892
R32893,Region_32893
R32894,Region_32894
R32895,Region_32895
R32896,Region_32896
R32897,Region_32897
R32898,Region_32898
R32899,Region_32899
R32900,Region_32900
R32901,Region_32901
R32902,Region_32902
R32903,Region_32903
R32904,Region_32904
R32905,Region_32905
R32906,Region_32906
R32907,Region_32907
R32908,Region_32908
R32909,Region_32909
R32910,Region_32910
R32911,Region_32911
R32912,Region_32912
R32913,Region_32913
R32914,Region_32914
R32915,Region_32915
R32916,Region_32916
R32917,Region_32917
R32918,Region_32918
R32919,Region_32919
R32920,Region_32920
R32921,Region_32921
R32922,Region_32922
R32923,Region_32923
R32924,Region_32924
R32925,Region_32925
R32926,Region_32926
R32927,Region_32927
R32928,Region_32928
R32929,Region_32929
R32930,Region_32930
R32931,Region_32931
R32932,Region_32932
R32933,Region_32933
R32934,Region_32934
R32935,Region_32935
R32936,Region_32936
R32937,Region_32937
R32938,Region_32938
R32939,Region_32939
R32940,Region_32940
R32941,Region_32941
R32942,Region_32942
R32943,Region_32943
R32944,Region_32944
R32945,Region_32945
R32946,Region_32946
R32947,Region_32947
R32948,Region_32948
R32949,Region_32949
R32950,Region_32950
R32951,Region_32951
R32952,Region_32952
R32953,Region_32953
R32954,Region_32954
R32955,Region_32955
R32956,Region_32956
R32957,Region_32957
R32958,Region_32958
R32959,Region_32959
R32960,Region_32960
R32961,Region_32961
R32962,Region_32962
R32963,Region_32963
R32964,Region_32964
R32965,Region_32965
R32966,Region_32966
R32967,Region_32967
R32968,Region_32968
R32969,Region_32969
R32970,Region_32970
R32971,Region_32971
R32972,Region_32972
R32973,Region_32973
R32974,Region_32974
R32975,Region_32975
R32976,Region_32976
R32977,Region_32977
R32978,Region_32978
R32979,Region_32979
R32980,Region_32980
R32981,Region_32981
R32982,Region_32982
R32983,Region_32983
R32984,Region_32984
R32985,Region_32985
R32986,Region_32986
R32987,Region_32987
R32988,Region_32988
R32989,Region_32989
R32990,Region_32990
R32991,Region_32991
R32992,Region_32992
R32993,Region_32993
R32994,Region_32994
R32995,Region_32995
R32996,Region_32996
R32997,Region_32997
R32998,Region_32998
R32999,Region_32999
R33000,Region_33000
R33001,Region_33001
R33002,Region_33002
R33003,Region_33003
R33004,Region_33004
R33005,Region_33005
R33006,Region_33006
R33007,Region_33007
R33008,Region_33008
R33009,Region_33009
R33010,Region_33010
R33011,Region_33011
R33012,Region_33012
R33013,Region_33013
R33014,Region_33014
R33015,Region_33015
R33016,Region_33016
R33017,Region_33017
R33018,Region_33018
R33019,Region_33019
R33020,Region_33020
R33021,Region_33021
R33022,Region_33022
R33023,Region_33023
R33024,Region_33024
R33025,Region_33025
R33026,Region_33026
R33027,Region_33027
R33028,Region_33028
R33029,Region_33029
R33030,Region_33030
R33031,Region_33031
R33032,Region_33032
R33033,Region_33033
R33034,Region_33034
R33035,Region_33035
R33036,Region_33036
R33037,Region_33037
R33038,Region_33038
R33039,Region_33039
R33040,Region_33040
R33041,Region_33041
R33042,Region_33042
R33043,Region_33043
R33044,Region_33044
R33045,Region_33045
R33046,Region_33046
R33047,Region_33047
R33048,Region_33048
R33049,Region_33049
R33050,Region_33050
R33051,Region_33051
R33052,Region_33052
R33053,Region_33053
R33054,Region_33054
R33055,Region_33055
R33056,Region_33056
R33057,Region_33057
R33058,Region_33058
R33059,Region_33059
R33060,Region_33060
R33061,Region_33061
R33062,Region_33062
R33063,Region_33063
R33064,Region_33064
R33065,Region_33065
R33066,Region_33066
R33067,Region_33067
R33068,Region_33068
R33069,Region_33069
R33070,Region_33070
R33071,Region_33071
R33072,Region_33072
R33073,Region_33073
R33074,Region_33074
R33075,Region_33075
R33076,Region_33076
R33077,Region_33077
R33078,Region_33078
R33079,Region_33079
R33080,Region_33080
R33081,Region_33081
R33082,Region_33082
R33083,Region_33083
R33084,Region_33084
R33085,Region_33085
R33086,Region_33086
R33087,Region_33087
R33088,Region_33088
R33089,Region_33089
R33090,Region_33090
R33091,Region_33091
R33092,Region_33092
R33093,Region_33093
R33094,Region_33094
R33095,Region_33095
R33096,Region_33096
R33097,Region_33097
R33098,Region_33098
R33099,Region_33099
R33100,Region_33100
R33101,Region_33101
R33102,Region_33102
R33103,Region_33103
R33104,Region_33104
R33105,Region_33105
R33106,Region_33106
R33107,Region_33107
R33108,Region_33108
R33109,Region_33109
R33110,Region_33110
R33111,Region_33111
R33112,Region_33112
R33113,Region_33113
R33114,Region_33114
R33115,Region_33115
R33116,Region_33116
R33117,Region_33117
R33118,Region_33118
R33119,Region_33119
R33120,Region_33120
R33121,Region_33121
R33122,Region_33122
R33123,Region_33123
R33124,Region_33124
R33125,Region_33125
R33126,Region_33126
R33127,Region_33127
R33128,Region_33128
R33129,Region_33129
R33130,Region_33130
R33131,Region_33131
R33132,Region_33132
R33133,Region_33133
R33134,Region_33134
R33135,Region_33135
R33136,Region_33136
R33137,Region_33137
R33138,Region_33138
R33139,Region_33139
R33140,Region_33140
R33141,Region_33141
R33142,Region_33142
R33143,Region_33143
R33144,Region_33144
R33145,Region_33145
R33146,Region_33146
R33147,Region_33147
R33148,Region_33148
R33149,Region_33149
R33150,Region_33150
R33151,Region_33151
R33152,Region_33152
R33153,Region_33153
R33154,Region_33154
R33155,Region_33155
R33156,Region_33156
R33157,Region_33157
R33158,Region_33158
R33159,Region_33159
R33160,Region_33160
R33161,Region_33161
R33162,Region_33162
R33163,Region_33163
R33164,Region_33164
R33165,Region_33165
R33166,Region_33166
R33167,Region_33167
R33168,Region_33168
R33169,Region_33169
R33170,Region_33170
R33171,Region_33171
R33172,Region_33172
R33173,Region_33173
R33174,Region_33174
R33175,Region_33175
R33176,Region_33176
R33177,Region_33177
R33178,Region_33178
R33179,Region_33179
R33180,Region_33180
R33181,Region_33181
R33182,Region_33182
R33183,Region_33183
R33184,Region_33184
R33185,Region_33185
R33186,Region_33186
R33187,Region_33187
R33188,Region_33188
R33189,Region_33189
R33190,Region_33190
R33191,Region_33191
R33192,Region_33192
R33193,Region_33193
R33194,Region_33194
R33195,Region_33195
R33196,Region_33196
R33197,Region_33197
R33198,Region_33198
R33199,Region_33199
R33200,Region_33200
R33201,Region_33201
R33202,Region_33202
R33203,Region_33203
R33204,Region_33204
R33205,Region_33205
R33206,Region_33206
R33207,Region_33207
R33208,Region_33208
R33209,Region_33209
R33210,Region_33210
R33211,Region_33211
R33212,Region_33212
R33213,Region_33213
R33214,Region_33214
R33215,Region_33215
R33216,Region_33216
R33217,Region_33217
R33218,Region_33218
R33219,Region_33219
R33220,Region_33220
R33221,Region_33221
R33222,Region_33222
R33223,Region_33223
R33224,Region_33224
R33225,Region_33225
R33226,Region_33226
R33227,Region_33227
R33228,Region_33228
R33229,Region_33229
R33230,Region_33230
R33231,Region_33231
R33232,Region_33232
R33233,Region_33233
R33234,Region_33234
R33235,Region_33235
R33236,Region_33236
R33237,Region_33237
R33238,Region_33238
R33239,Region_33239
R33240,Region_33240
R33241,Region_33241
R33242,Region_33242
R33243,Region_33243
R33244,Region_33244
R33245,Region_33245
R33246,Region_33246
R33247,Region_33247
R33248,Region_33248
R33249,Region_33249
R33250,Region_33250
R33251,Region_33251
R33252,Region_33252
R33253,Region_33253
R33254,Region_33254
R33255,Region_33255
R33256,Region_33256
R33257,Region_33257
R33258,Region_33258
R33259,Region_33259
R33260,Region_33260
R33261,Region_33261
R33262,Region_33262
R33263,Region_33263
R33264,Region_33264
R33265,Region_33265
R33266,Region_33266
R33267,Region_33267
R33268,Region_33268
R33269,Region_33269
R33270,Region_33270
R33271,Region_33271
R33272,Region_33272
R33273,Region_33273
R33274,Region_33274
R33275,Region_33275
R33276,Region_33276
R33277,Region_33277
R33278,Region_33278
R33279,Region_33279
R33280,Region_33280
R33281,Region_33281
R33282,Region_33282
R33283,Region_33283
R33284,Region_33284
R33285,Region_33285
R33286,Region_33286
R33287,Region_33287
R33288,Region_33288
R33289,Region_33289
R33290,Region_33290
R33291,Region_33291
R33292,Region_33292
R33293,Region_33293
R33294,Region_33294
R33295,Region_33295
R33296,Region_33296
R33297,Region_33297
R33298,Region_33298
R33299,Region_33299
R33300,Region_33300
R33301,Region_33301
R33302,Region_33302
R33303,Region_33303
R33304,Region_33304
R33305,Region_33305
R33306,Region_33306
R33307,Region_33307
R33308,Region_33308
R33309,Region_33309
R33310,Region_33310
R33311,Region_33311
R33312,Region_33312
R33313,Region_33313
R33314,Region_33314
R33315,Region_33315
R33316,Region_33316
R33317,Region_33317
R33318,Region_33318
R33319,Region_33319
R33320,Region_33320
R33321,Region_33321
R33322,Region_33322
R33323,Region_33323
R33324,Region_33324
R33325,Region_33325
R33326,Region_33326
R33327,Region_33327
R33328,Region_33328
R33329,Region_33329
R33330,Region_33330
R33331,Region_33331
R33332,Region_33332
R33333,Region_33333
R33334,Region_33334
R33335,Region_33335
R33336,Region_33336
R33337,Region_33337
R33338,Region_33338
R33339,Region_33339
R33340,Region_33340
R33341,Region_33341
R33342,Region_33342
R33343,Region_33343
R33344,Region_33344
R33345,Region_33345
R33346,Region_33346
R33347,Region_33347
R33348,Region_33348
R33349,Region_33349
R33350,Region_33350
R33351,Region_33351
R33352,Region_33352
R33353,Region_33353
R33354,Region_33354
R33355,Region_33355
R33356,Region_33356
R33357,Region_33357
R33358,Region_33358
R33359,Region_33359
R33360,Region_33360
R33361,Region_33361
R33362,Region_33362
R33363,Region_33363
R33364,Region_33364
R33365,Region_33365
R33366,Region_33366
R33367,Region_33367
R33368,Region_33368
R33369,Region_33369
R33370,Region_33370
R33371,Region_33371
R33372,Region_33372
R33373,Region_33373
R33374,Region_33374
R33375,Region_33375
R33376,Region_33376
R33377,Region_33377
R33378,Region_33378
R33379,Region_33379
R33380,Region_33380
R33381,Region_33381
R33382,Region_33382
R33383,Region_33383
R33384,Region_33384
R33385,Region_33385
R33386,Region_33386
R33387,Region_33387
R33388,Region_33388
R33389,Region_33389
R33390,Region_33390
R33391,Region_33391
R33392,Region_33392
R33393,Region_33393
R33394,Region_33394
R33395,Region_33395
R33396,Region_33396
R33397,Region_33397
R33398,Region_33398
R33399,Region_33399
R33400,Region_33400
R33401,Region_33401
R33402,Region_33402
R33403,Region_33403
R33404,Region_33404
R33405,Region_33405
R33406,Region_33406
R33407,Region_33407
R33408,Region_33408
R33409,Region_33409
R33410,Region_33410
R33411,Region_33411
R33412,Region_33412
R33413,Region_33413
R33414,Region_33414
R33415,Region_33415
R33416,Region_33416
R33417,Region_33417
R33418,Region_33418
R33419,Region_33419
R33420,Region_33420
R33421,Region_33421
R33422,Region_33422
R33423,Region_33423
R33424,Region_33424
R33425,Region_33425
R33426,Region_33426
R33427,Region_33427
R33428,Region_33428
R33429,Region_33429
R33430,Region_33430
R33431,Region_33431
R33432,Region_33432
R33433,Region_33433
R33434,Region_33434
R33435,Region_33435
R33436,Region_33436
R33437,Region_33437
R33438,Region_33438
R33439,Region_33439
R33440,Region_33440
R33441,Region_33441
R33442,Region_33442
R33443,Region_33443
R33444,Region_33444
R33445,Region_33445
R33446,Region_33446
R33447,Region_33447
R33448,Region_33448
R33449,Region_33449
R33450,Region_33450
R33451,Region_33451
R33452,Region_33452
R33453,Region_33453
R33454,Region_33454
R33455,Region_33455
R33456,Region_33456
R33457,Region_33457
R33458,Region_33458
R33459,Region_33459
R33460,Region_33460
R33461,Region_33461
R33462,Region_33462
R33463,Region_33463
R33464,Region_33464
R33465,Region_33465
R33466,Region_33466
R33467,Region_33467
R33468,Region_33468
R33469,Region_33469
R33470,Region_33470
R33471,Region_33471
R33472,Region_33472
R33473,Region_33473
R33474,Region_33474
R33475,Region_33475
R33476,Region_33476
R33477,Region_33477
R33478,Region_33478
R33479,Region_33479
R33480,Region_33480
R33481,Region_33481
R33482,Region_33482
R33483,Region_33483
R33484,Region_33484
R33485,Region_33485
R33486,Region_33486
R33487,Region_33487
R33488,Region_33488
R33489,Region_33489
R33490,Region_33490
R33491,Region_33491
R33492,Region_33492
R33493,Region_33493
R33494,Region_33494
R33495,Region_33495
R33496,Region_33496
R33497,Region_33497
R33498,Region_33498
R33499,Region_33499
R33500,Region_33500
R33501,Region_33501
R33502,Region_33502
R33503,Region_33503
R33504,Region_33504
R33505,Region_33505
R33506,Region_33506
R33507,Region_33507
R33508,Region_33508
R33509,Region_33509
R33510,Region_33510
R33511,Region_33511
R33512,Region_33512
R33513,Region_33513
R33514,Region_33514
R33515,Region_33515
R33516,Region_33516
R33517,Region_33517
R33518,Region_33518
R33519,Region_33519
R33520,Region_33520
R33521,Region_33521
R33522,Region_33522
R33523,Region_33523
R33524,Region_33524
R33525,Region_33525
R33526,Region_33526
R33527,Region_33527
R33528,Region_33528
R33529,Region_33529
R33530,Region_33530
R33531,Region_33531
R33532,Region_33532
R33533,Region_33533
R33534,Region_33534
R33535,Region_33535
R33536,Region_33536
R33537,Region_33537
R33538,Region_33538
R33539,Region_33539
R33540,Region_33540
R33541,Region_33541
R33542,Region_33542
R33543,Region_33543
R33544,Region_33544
R33545,Region_33545
R33546,Region_33546
R33547,Region_33547
R33548,Region_33548
R33549,Region_33549
R33550,Region_33550
R33551,Region_33551
R33552,Region_33552
R33553,Region_33553
R33554,Region_33554
R33555,Region_33555
R33556,Region_33556
R33557,Region_33557
R33558,Region_33558
R33559,Region_33559
R33560,Region_33560
R33561,Region_33561
R33562,Region_33562
R33563,Region_33563
R33564,Region_33564
R33565,Region_33565
R33566,Region_33566
R33567,Region_33567
R33568,Region_33568
R33569,Region_33569
R33570,Region_33570
R33571,Region_33571
R33572,Region_33572
R33573,Region_33573
R33574,Region_33574
R33575,Region_33575
R33576,Region_33576
R33577,Region_33577
R33578,Region_33578
R33579,Region_33579
R33580,Region_33580
R33581,Region_33581
R33582,Region_33582
R33583,Region_33583
R33584,Region_33584
R33585,Region_33585
R33586,Region_33586
R33587,Region_33587
R33588,Region_33588
R33589,Region_33589
R33590,Region_33590
R33591,Region_33591
R33592,Region_33592
R33593,Region_33593
R33594,Region_33594
R33595,Region_33595
R33596,Region_33596
R33597,Region_33597
R33598,Region_33598
R33599,Region_33599
R33600,Region_33600
R33601,Region_33601
R33602,Region_33602
R33603,Region_33603
R33604,Region_33604
R33605,Region_33605
R33606,Region_33606
R33607,Region_33607
R33608,Region_33608
R33609,Region_33609
R33610,Region_33610
R33611,Region_33611
R33612,Region_33612
R33613,Region_33613
R33614,Region_33614
R33615,Region_33615
R33616,Region_33616
R33617,Region_33617
R33618,Region_33618
R33619,Region_33619
R33620,Region_33620
R33621,Region_33621
R33622,Region_33622
R33623,Region_33623
R33624,Region_33624
R33625,Region_33625
R33626,Region_33626
R33627,Region_33627
R33628,Region_33628
R33629,Region_33629
R33630,Region_33630
R33631,Region_33631
R33632,Region_33632
R33633,Region_33633
R33634,Region_33634
R33635,Region_33635
R33636,Region_33636
R33637,Region_33637
R33638,Region_33638
R33639,Region_33639
R33640,Region_33640
R33641,Region_33641
R33642,Region_33642
R33643,Region_33643
R33644,Region_33644
R33645,Region_33645
R33646,Region_33646
R33647,Region_33647
R33648,Region_33648
R33649,Region_33649
R33650,Region_33650
R33651,Region_33651
R33652,Region_33652
R33653,Region_33653
R33654,Region_33654
R33655,Region_33655
R33656,Region_33656
R33657,Region_33657
R33658,Region_33658
R33659,Region_33659
R33660,Region_33660
R33661,Region_33661
R33662,Region_33662
R33663,Region_33663
R33664,Region_33664
R33665,Region_33665
R33666,Region_33666
R33667,Region_33667
R33668,Region_33668
R33669,Region_33669
R33670,Region_33670
R33671,Region_33671
R33672,Region_33672
R33673,Region_33673
R33674,Region_33674
R33675,Region_33675
R33676,Region_33676
R33677,Region_33677
R33678,Region_33678
R33679,Region_33679
R33680,Region_33680
R33681,Region_33681
R33682,Region_33682
R33683,Region_33683
R33684,Region_33684
R33685,Region_33685
R33686,Region_33686
R33687,Region_33687
R33688,Region_33688
R33689,Region_33689
R33690,Region_33690
R33691,Region_33691
R33692,Region_33692
R33693,Region_33693
R33694,Region_33694
R33695,Region_33695
R33696,Region_33696
R33697,Region_33697
R33698,Region_33698
R33699,Region_33699
R33700,Region_33700
R33701,Region_33701
R33702,Region_33702
R33703,Region_33703
R33704,Region_33704
R33705,Region_33705
R33706,Region_33706
R33707,Region_33707
R33708,Region_33708
R33709,Region_33709
R33710,Region_33710
R33711,Region_33711
R33712,Region_33712
R33713,Region_33713
R33714,Region_33714
R33715,Region_33715
R33716,Region_33716
R33717,Region_33717
R33718,Region_33718
R33719,Region_33719
R33720,Region_33720
R33721,Region_33721
R33722,Region_33722
R33723,Region_33723
R33724,Region_33724
R33725,Region_33725
R33726,Region_33726
R33727,Region_33727
R33728,Region_33728
R33729,Region_33729
R33730,Region_33730
R33731,Region_33731
R33732,Region_33732
R33733,Region_33733
R33734,Region_33734
R33735,Region_33735
R33736,Region_33736
R33737,Region_33737
R33738,Region_33738
R33739,Region_33739
R33740,Region_33740
R33741,Region_33741
R33742,Region_33742
R33743,Region_33743
R33744,Region_33744
R33745,Region_33745
R33746,Region_33746
R33747,Region_33747
R33748,Region_33748
R33749,Region_33749
R33750,Region_33750
R33751,Region_33751
R33752,Region_33752
R33753,Region_33753
R33754,Region_33754
R33755,Region_33755
R33756,Region_33756
R33757,Region_33757
R33758,Region_33758
R33759,Region_33759
R33760,Region_33760
R33761,Region_33761
R33762,Region_33762
R33763,Region_33763
R33764,Region_33764
R33765,Region_33765
R33766,Region_33766
R33767,Region_33767
R33768,Region_33768
R33769,Region_33769
R33770,Region_33770
R33771,Region_33771
R33772,Region_33772
R33773,Region_33773
R33774,Region_33774
R33775,Region_33775
R33776,Region_33776
R33777,Region_33777
R33778,Region_33778
R33779,Region_33779
R33780,Region_33780
R33781,Region_33781
R33782,Region_33782
R33783,Region_33783
R33784,Region_33784
R33785,Region_33785
R33786,Region_33786
R33787,Region_33787
R33788,Region_33788
R33789,Region_33789
R33790,Region_33790
R33791,Region_33791
R33792,Region_33792
R33793,Region_33793
R33794,Region_33794
R33795,Region_33795
R33796,Region_33796
R33797,Region_33797
R33798,Region_33798
R33799,Region_33799
R33800,Region_33800
R33801,Region_33801
R33802,Region_33802
R33803,Region_33803
R33804,Region_33804
R33805,Region_33805
R33806,Region_33806
R33807,Region_33807
R33808,Region_33808
R33809,Region_33809
R33810,Region_33810
R33811,Region_33811
R33812,Region_33812
R33813,Region_33813
R33814,Region_33814
R33815,Region_33815
R33816,Region_33816
R33817,Region_33817
R33818,Region_33818
R33819,Region_33819
R33820,Region_33820
R33821,Region_33821
R33822,Region_33822
R33823,Region_33823
R33824,Region_33824
R33825,Region_33825
R33826,Region_33826
R33827,Region_33827
R33828,Region_33828
R33829,Region_33829
R33830,Region_33830
R33831,Region_33831
R33832,Region_33832
R33833,Region_33833
R33834,Region_33834
R33835,Region_33835
R33836,Region_33836
R33837,Region_33837
R33838,Region_33838
R33839,Region_33839
R33840,Region_33840
R33841,Region_33841
R33842,Region_33842
R33843,Region_33843
R33844,Region_33844
R33845,Region_33845
R33846,Region_33846
R33847,Region_33847
R33848,Region_33848
R33849,Region_33849
R33850,Region_33850
R33851,Region_33851
R33852,Region_33852
R33853,Region_33853
R33854,Region_33854
R33855,Region_33855
R33856,Region_33856
R33857,Region_33857
R33858,Region_33858
R33859,Region_33859
R33860,Region_33860
R33861,Region_33861
R33862,Region_33862
R33863,Region_33863
R33864,Region_33864
R33865,Region_33865
R33866,Region_33866
R33867,Region_33867
R33868,Region_33868
R33869,Region_33869
R33870,Region_33870
R33871,Region_33871
R33872,Region_33872
R33873,Region_33873
R33874,Region_33874
R33875,Region_33875
R33876,Region_33876
R33877,Region_33877
R33878,Region_33878
R33879,Region_33879
R33880,Region_33880
R33881,Region_33881
R33882,Region_33882
R33883,Region_33883
R33884,Region_33884
R33885,Region_33885
R33886,Region_33886
R33887,Region_33887
R33888,Region_33888
R33889,Region_33889
R33890,Region_33890
R33891,Region_33891
R33892,Region_33892
R33893,Region_33893
R33894,Region_33894
R33895,Region_33895
R33896,Region_33896
R33897,Region_33897
R33898,Region_33898
R33899,Region_33899
R33900,Region_33900
R33901,Region_33901
R33902,Region_33902
R33903,Region_33903
R33904,Region_33904
R33905,Region_33905
R33906,Region_33906
R33907,Region_33907
R33908,Region_33908
R33909,Region_33909
R33910,Region_33910
R33911,Region_33911
R33912,Region_33912
R33913,Region_33913
R33914,Region_33914
R33915,Region_33915
R33916,Region_33916
R33917,Region_33917
R33918,Region_33918
R33919,Region_33919
R33920,Region_33920
R33921,Region_33921
R33922,Region_33922
R33923,Region_33923
R33924,Region_33924
R33925,Region_33925
R33926,Region_33926
R33927,Region_33927
R33928,Region_33928
R33929,Region_33929
R33930,Region_33930
R33931,Region_33931
R33932,Region_33932
R33933,Region_33933
R33934,Region_33934
R33935,Region_33935
R33936,Region_33936
R33937,Region_33937
R33938,Region_33938
R33939,Region_33939
R33940,Region_33940
R33941,Region_33941
R33942,Region_33942
R33943,Region_33943
R33944,Region_33944
R33945,Region_33945
R33946,Region_33946
R33947,Region_33947
R33948,Region_33948
R33949,Region_33949
R33950,Region_33950
R33951,Region_33951
R33952,Region_33952
R33953,Region_33953
R33954,Region_33954
R33955,Region_33955
R33956,Region_33956
R33957,Region_33957
R33958,Region_33958
R33959,Region_33959
R33960,Region_33960
R33961,Region_33961
R33962,Region_33962
R33963,Region_33963
R33964,Region_33964
R33965,Region_33965
R33966,Region_33966
R33967,Region_33967
R33968,Region_33968
R33969,Region_33969
R33970,Region_33970
R33971,Region_33971
R33972,Region_33972
R33973,Region_33973
R33974,Region_33974
R33975,Region_33975
R33976,Region_33976
R33977,Region_33977
R33978,Region_33978
R33979,Region_33979
R33980,Region_33980
R33981,Region_33981
R33982,Region_33982
R33983,Region_33983
R33984,Region_33984
R33985,Region_33985
R33986,Region_33986
R33987,Region_33987
R33988,Region_33988
R33989,Region_33989
R33990,Region_33990
R33991,Region_33991
R33992,Region_33992
R33993,Region_33993
R33994,Region_33994
R33995,Region_33995
R33996,Region_33996
R33997,Region_33997
R33998,Region_33998
R33999,Region_33999
R34000,Region_34000
R34001,Region_34001
R34002,Region_34002
R34003,Region_34003
R34004,Region_34004
R34005,Region_34005
R34006,Region_34006
R34007,Region_34007
R34008,Region_34008
R34009,Region_34009
R34010,Region_34010
R34011,Region_34011
R34012,Region_34012
R34013,Region_34013
R34014,Region_34014
R34015,Region_34015
R34016,Region_34016
R34017,Region_34017
R34018,Region_34018
R34019,Region_34019
R34020,Region_34020
R34021,Region_34021
R34022,Region_34022
R34023,Region_34023
R34024,Region_34024
R34025,Region_34025
R34026,Region_34026
R34027,Region_34027
R34028,Region_34028
R34029,Region_34029
R34030,Region_34030
R34031,Region_34031
R34032,Region_34032
R34033,Region_34033
R34034,Region_34034
R34035,Region_34035
R34036,Region_34036
R34037,Region_34037
R34038,Region_34038
R34039,Region_34039
R34040,Region_34040
R34041,Region_34041
R34042,Region_34042
R34043,Region_34043
R34044,Region_34044
R34045,Region_34045
R34046,Region_34046
R34047,Region_34047
R34048,Region_34048
R34049,Region_34049
R34050,Region_34050
R34051,Region_34051
R34052,Region_34052
R34053,Region_34053
R34054,Region_34054
R34055,Region_34055
R34056,Region_34056
R34057,Region_34057
R34058,Region_34058
R34059,Region_34059
R34060,Region_34060
R34061,Region_34061
R34062,Region_34062
R34063,Region_34063
R34064,Region_34064
R34065,Region_34065
R34066,Region_34066
R34067,Region_34067
R34068,Region_34068
R34069,Region_34069
R34070,Region_34070
R34071,Region_34071
R34072,Region_34072
R34073,Region_34073
R34074,Region_34074
R34075,Region_34075
R34076,Region_34076
R34077,Region_34077
R34078,Region_34078
R34079,Region_34079
R34080,Region_34080
R34081,Region_34081
R34082,Region_34082
R34083,Region_34083
R34084,Region_34084
R34085,Region_34085
R34086,Region_34086
R34087,Region_34087
R34088,Region_34088
R34089,Region_34089
R34090,Region_34090
R34091,Region_34091
R34092,Region_34092
R34093,Region_34093
R34094,Region_34094
R34095,Region_34095
R34096,Region_34096
R34097,Region_34097
R34098,Region_34098
R34099,Region_34099
R34100,Region_34100
R34101,Region_34101
R34102,Region_34102
R34103,Region_34103
R34104,Region_34104
R34105,Region_34105
R34106,Region_34106
R34107,Region_34107
R34108,Region_34108
R34109,Region_34109
R34110,Region_34110
R34111,Region_34111
R34112,Region_34112
R34113,Region_34113
R34114,Region_34114
R34115,Region_34115
R34116,Region_34116
R34117,Region_34117
R34118,Region_34118
R34119,Region_34119
R34120,Region_34120
R34121,Region_34121
R34122,Region_34122
R34123,Region_34123
R34124,Region_34124
R34125,Region_34125
R34126,Region_34126
R34127,Region_34127
R34128,Region_34128
R34129,Region_34129
R34130,Region_34130
R34131,Region_34131
R34132,Region_34132
R34133,Region_34133
R34134,Region_34134
R34135,Region_34135
R34136,Region_34136
R34137,Region_34137
R34138,Region_34138
R34139,Region_34139
R34140,Region_34140
R34141,Region_34141
R34142,Region_34142
R34143,Region_34143
R34144,Region_34144
R34145,Region_34145
R34146,Region_34146
R34147,Region_34147
R34148,Region_34148
R34149,Region_34149
R34150,Region_34150
R34151,Region_34151
R34152,Region_34152
R34153,Region_34153
R34154,Region_34154
R34155,Region_34155
R34156,Region_34156
R34157,Region_34157
R34158,Region_34158
R34159,Region_34159
R34160,Region_34160
R34161,Region_34161
R34162,Region_34162
R34163,Region_34163
R34164,Region_34164
R34165,Region_34165
R34166,Region_34166
R34167,Region_34167
R34168,Region_34168
R34169,Region_34169
R34170,Region_34170
R34171,Region_34171
R34172,Region_34172
R34173,Region_34173
R34174,Region_34174
R34175,Region_34175
R34176,Region_34176
R34177,Region_34177
R34178,Region_34178
R34179,Region_34179
R34180,Region_34180
R34181,Region_34181
R34182,Region_34182
R34183,Region_34183
R34184,Region_34184
R34185,Region_34185
R34186,Region_34186
R34187,Region_34187
R34188,Region_34188
R34189,Region_34189
R34190,Region_34190
R34191,Region_34191
R34192,Region_34192
R34193,Region_34193
R34194,Region_34194
R34195,Region_34195
R34196,Region_34196
R34197,Region_34197
R34198,Region_34198
R34199,Region_34199
R34200,Region_34200
R34201,Region_34201
R34202,Region_34202
R34203,Region_34203
R34204,Region_34204
R34205,Region_34205
R34206,Region_34206
R34207,Region_34207
R34208,Region_34208
R34209,Region_34209
R34210,Region_34210
R34211,Region_34211
R34212,Region_34212
R34213,Region_34213
R34214,Region_34214
R34215,Region_34215
R34216,Region_34216
R34217,Region_34217
R34218,Region_34218
R34219,Region_34219
R34220,Region_34220
R34221,Region_34221
R34222,Region_34222
R34223,Region_34223
R34224,Region_34224
R34225,Region_34225
R34226,Region_34226
R34227,Region_34227
R34228,Region_34228
R34229,Region_34229
R34230,Region_34230
R34231,Region_34231
R34232,Region_34232
R34233,Region_34233
R34234,Region_34234
R34235,Region_34235
R34236,Region_34236
R34237,Region_34237
R34238,Region_34238
R34239,Region_34239
R34240,Region_34240
R34241,Region_34241
R34242,Region_34242
R34243,Region_34243
R34244,Region_34244
R34245,Region_34245
R34246,Region_34246
R34247,Region_34247
R34248,Region_34248
R34249,Region_34249
R34250,Region_34250
R34251,Region_34251
R34252,Region_34252
R34253,Region_34253
R34254,Region_34254
R34255,Region_34255
R34256,Region_34256
R34257,Region_34257
R34258,Region_34258
R34259,Region_34259
R34260,Region_34260
R34261,Region_34261
R34262,Region_34262
R34263,Region_34263
R34264,Region_34264
R34265,Region_34265
R34266,Region_34266
R34267,Region_34267
R34268,Region_34268
R34269,Region_34269
R34270,Region_34270
R34271,Region_34271
R34272,Region_34272
R34273,Region_34273
R34274,Region_34274
R34275,Region_34275
R34276,Region_34276
R34277,Region_34277
R34278,Region_34278
R34279,Region_34279
R34280,Region_34280
R34281,Region_34281
R34282,Region_34282
R34283,Region_34283
R34284,Region_34284
R34285,Region_34285
R34286,Region_34286
R34287,Region_34287
R34288,Region_34288
R34289,Region_34289
R34290,Region_34290
R34291,Region_34291
R34292,Region_34292
R34293,Region_34293
R34294,Region_34294
R34295,Region_34295
R34296,Region_34296
R34297,Region_34297
R34298,Region_34298
R34299,Region_34299
R34300,Region_34300
R34301,Region_34301
R34302,Region_34302
R34303,Region_34303
R34304,Region_34304
R34305,Region_34305
R34306,Region_34306
R34307,Region_34307
R34308,Region_34308
R34309,Region_34309
R34310,Region_34310
R34311,Region_34311
R34312,Region_34312
R34313,Region_34313
R34314,Region_34314
R34315,Region_34315
R34316,Region_34316
R34317,Region_34317
R34318,Region_34318
R34319,Region_34319
R34320,Region_34320
R34321,Region_34321
R34322,Region_34322
R34323,Region_34323
R34324,Region_34324
R34325,Region_34325
R34326,Region_34326
R34327,Region_34327
R34328,Region_34328
R34329,Region_34329
R34330,Region_34330
R34331,Region_34331
R34332,Region_34332
R34333,Region_34333
R34334,Region_34334
R34335,Region_34335
R34336,Region_34336
R34337,Region_34337
R34338,Region_34338
R34339,Region_34339
R34340,Region_34340
R34341,Region_34341
R34342,Region_34342
R34343,Region_34343
R34344,Region_34344
R34345,Region_34345
R34346,Region_34346
R34347,Region_34347
R34348,Region_34348
R34349,Region_34349
R34350,Region_34350
R34351,Region_34351
R34352,Region_34352
R34353,Region_34353
R34354,Region_34354
R34355,Region_34355
R34356,Region_34356
R34357,Region_34357
R34358,Region_34358
R34359,Region_34359
R34360,Region_34360
R34361,Region_34361
R34362,Region_34362
R34363,Region_34363
R34364,Region_34364
R34365,Region_34365
R34366,Region_34366
R34367,Region_34367
R34368,Region_34368
R34369,Region_34369
R34370,Region_34370
R34371,Region_34371
R34372,Region_34372
R34373,Region_34373
R34374,Region_34374
R34375,Region_34375
R34376,Region_34376
R34377,Region_34377
R34378,Region_34378
R34379,Region_34379
R34380,Region_34380
R34381,Region_34381
R34382,Region_34382
R34383,Region_34383
R34384,Region_34384
R34385,Region_34385
R34386,Region_34386
R34387,Region_34387
R34388,Region_34388
R34389,Region_34389
R34390,Region_34390
R34391,Region_34391
R34392,Region_34392
R34393,Region_34393
R34394,Region_34394
R34395,Region_34395
R34396,Region_34396
R34397,Region_34397
R34398,Region_34398
R34399,Region_34399
R34400,Region_34400
R34401,Region_34401
R34402,Region_34402
R34403,Region_34403
R34404,Region_34404
R34405,Region_34405
R34406,Region_34406
R34407,Region_34407
R34408,Region_34408
R34409,Region_34409
R34410,Region_34410
R34411,Region_34411
R34412,Region_34412
R34413,Region_34413
R34414,Region_34414
R34415,Region_34415
R34416,Region_34416
R34417,Region_34417
R34418,Region_34418
R34419,Region_34419
R34420,Region_34420
R34421,Region_34421
R34422,Region_34422
R34423,Region_34423
R34424,Region_34424
R34425,Region_34425
R34426,Region_34426
R34427,Region_34427
R34428,Region_34428
R34429,Region_34429
R34430,Region_34430
R34431,Region_34431
R34432,Region_34432
R34433,Region_34433
R34434,Region_34434
R34435,Region_34435
R34436,Region_34436
R34437,Region_34437
R34438,Region_34438
R34439,Region_34439
R34440,Region_34440
R34441,Region_34441
R34442,Region_34442
R34443,Region_34443
R34444,Region_34444
R34445,Region_34445
R34446,Region_34446
R34447,Region_34447
R34448,Region_34448
R34449,Region_34449
R34450,Region_34450
R34451,Region_34451
R34452,Region_34452
R34453,Region_34453
R34454,Region_34454
R34455,Region_34455
R34456,Region_34456
R34457,Region_34457
R34458,Region_34458
R34459,Region_34459
R34460,Region_34460
R34461,Region_34461
R34462,Region_34462
R34463,Region_34463
R34464,Region_34464
R34465,Region_34465
R34466,Region_34466
R34467,Region_34467
R34468,Region_34468
R34469,Region_34469
R34470,Region_34470
R34471,Region_34471
R34472,Region_34472
R34473,Region_34473
R34474,Region_34474
R34475,Region_34475
R34476,Region_34476
R34477,Region_34477
R34478,Region_34478
R34479,Region_34479
R34480,Region_34480
R34481,Region_34481
R34482,Region_34482
R34483,Region_34483
R34484,Region_34484
R34485,Region_34485
R34486,Region_34486
R34487,Region_34487
R34488,Region_34488
R34489,Region_34489
R34490,Region_34490
R34491,Region_34491
R34492,Region_34492
R34493,Region_34493
R34494,Region_34494
R34495,Region_34495
R34496,Region_34496
R34497,Region_34497
R34498,Region_34498
R34499,Region_34499
R34500,Region_34500
R34501,Region_34501
R34502,Region_34502
R34503,Region_34503
R34504,Region_34504
R34505,Region_34505
R34506,Region_34506
R34507,Region_34507
R34508,Region_34508
R34509,Region_34509
R34510,Region_34510
R34511,Region_34511
R34512,Region_34512
R34513,Region_34513
R34514,Region_34514
R34515,Region_34515
R34516,Region_34516
R34517,Region_34517
R34518,Region_34518
R34519,Region_34519
R34520,Region_34520
R34521,Region_34521
R34522,Region_34522
R34523,Region_34523
R34524,Region_34524
R34525,Region_34525
R34526,Region_34526
R34527,Region_34527
R34528,Region_34528
R34529,Region_34529
R34530,Region_34530
R34531,Region_34531
R34532,Region_34532
R34533,Region_34533
R34534,Region_34534
R34535,Region_34535
R34536,Region_34536
R34537,Region_34537
R34538,Region_34538
R34539,Region_34539
R34540,Region_34540
R34541,Region_34541
R34542,Region_34542
R34543,Region_34543
R34544,Region_34544
R34545,Region_34545
R34546,Region_34546
R34547,Region_34547
R34548,Region_34548
R34549,Region_34549
R34550,Region_34550
R34551,Region_34551
R34552,Region_34552
R34553,Region_34553
R34554,Region_34554
R34555,Region_34555
R34556,Region_34556
R34557,Region_34557
R34558,Region_34558
R34559,Region_34559
R34560,Region_34560
R34561,Region_34561
R34562,Region_34562
R34563,Region_34563
R34564,Region_34564
R34565,Region_34565
R34566,Region_34566
R34567,Region_34567
R34568,Region_34568
R34569,Region_34569
R34570,Region_34570
R34571,Region_34571
R34572,Region_34572
R34573,Region_34573
R34574,Region_34574
R34575,Region_34575
R34576,Region_34576
R34577,Region_34577
R34578,Region_34578
R34579,Region_34579
R34580,Region_34580
R34581,Region_34581
R34582,Region_34582
R34583,Region_34583
R34584,Region_34584
R34585,Region_34585
R34586,Region_34586
R34587,Region_34587
R34588,Region_34588
R34589,Region_34589
R34590,Region_34590
R34591,Region_34591
R34592,Region_34592
R34593,Region_34593
R34594,Region_34594
R34595,Region_34595
R34596,Region_34596
R34597,Region_34597
R34598,Region_34598
R34599,Region_34599
R34600,Region_34600
R34601,Region_34601
R34602,Region_34602
R34603,Region_34603
R34604,Region_34604
R34605,Region_34605
R34606,Region_34606
R34607,Region_34607
R34608,Region_34608
R34609,Region_34609
R34610,Region_34610
R34611,Region_34611
R34612,Region_34612
R34613,Region_34613
R34614,Region_34614
R34615,Region_34615
R34616,Region_34616
R34617,Region_34617
R34618,Region_34618
R34619,Region_34619
R34620,Region_34620
R34621,Region_34621
R34622,Region_34622
R34623,Region_34623
R34624,Region_34624
R34625,Region_34625
R34626,Region_34626
R34627,Region_34627
R34628,Region_34628
R34629,Region_34629
R34630,Region_34630
R34631,Region_34631
R34632,Region_34632
R34633,Region_34633
R34634,Region_34634
R34635,Region_34635
R34636,Region_34636
R34637,Region_34637
R34638,Region_34638
R34639,Region_34639
R34640,Region_34640
R34641,Region_34641
R34642,Region_34642
R34643,Region_34643
R34644,Region_34644
R34645,Region_34645
R34646,Region_34646
R34647,Region_34647
R34648,Region_34648
R34649,Region_34649
R34650,Region_34650
R34651,Region_34651
R34652,Region_34652
R34653,Region_34653
R34654,Region_34654
R34655,Region_34655
R34656,Region_34656
R34657,Region_34657
R34658,Region_34658
R34659,Region_34659
R34660,Region_34660
R34661,Region_34661
R34662,Region_34662
R34663,Region_34663
R34664,Region_34664
R34665,Region_34665
R34666,Region_34666
R34667,Region_34667
R34668,Region_34668
R34669,Region_34669
R34670,Region_34670
R34671,Region_34671
R34672,Region_34672
R34673,Region_34673
R34674,Region_34674
R34675,Region_34675
R34676,Region_34676
R34677,Region_34677
R34678,Region_34678
R34679,Region_34679
R34680,Region_34680
R34681,Region_34681
R34682,Region_34682
R34683,Region_34683
R34684,Region_34684
R34685,Region_34685
R34686,Region_34686
R34687,Region_34687
R34688,Region_34688
R34689,Region_34689
R34690,Region_34690
R34691,Region_34691
R34692,Region_34692
R34693,Region_34693
R34694,Region_34694
R34695,Region_34695
R34696,Region_34696
R34697,Region_34697
R34698,Region_34698
R34699,Region_34699
R34700,Region_34700
R34701,Region_34701
R34702,Region_34702
R34703,Region_34703
R34704,Region_34704
R34705,Region_34705
R34706,Region_34706
R34707,Region_34707
R34708,Region_34708
R34709,Region_34709
R34710,Region_34710
R34711,Region_34711
R34712,Region_34712
R34713,Region_34713
R34714,Region_34714
R34715,Region_34715
R34716,Region_34716
R34717,Region_34717
R34718,Region_34718
R34719,Region_34719
R34720,Region_34720
R34721,Region_34721
R34722,Region_34722
R34723,Region_34723
R34724,Region_34724
R34725,Region_34725
R34726,Region_34726
R34727,Region_34727
R34728,Region_34728
R34729,Region_34729
R34730,Region_34730
R34731,Region_34731
R34732,Region_34732
R34733,Region_34733
R34734,Region_34734
R34735,Region_34735
R34736,Region_34736
R34737,Region_34737
R34738,Region_34738
R34739,Region_34739
R34740,Region_34740
R34741,Region_34741
R34742,Region_34742
R34743,Region_34743
R34744,Region_34744
R34745,Region_34745
R34746,Region_34746
R34747,Region_34747
R34748,Region_34748
R34749,Region_34749
R34750,Region_34750
R34751,Region_34751
R34752,Region_34752
R34753,Region_34753
R34754,Region_34754
R34755,Region_34755
R34756,Region_34756
R34757,Region_34757
R34758,Region_34758
R34759,Region_34759
R34760,Region_34760
R34761,Region_34761
R34762,Region_34762
R34763,Region_34763
R34764,Region_34764
R34765,Region_34765
R34766,Region_34766
R34767,Region_34767
R34768,Region_34768
R34769,Region_34769
R34770,Region_34770
R34771,Region_34771
R34772,Region_34772
R34773,Region_34773
R34774,Region_34774
R34775,Region_34775
R34776,Region_34776
R34777,Region_34777
R34778,Region_34778
R34779,Region_34779
R34780,Region_34780
R34781,Region_34781
R34782,Region_34782
R34783,Region_34783
R34784,Region_34784
R34785,Region_34785
R34786,Region_34786
R34787,Region_34787
R34788,Region_34788
R34789,Region_34789
R34790,Region_34790
R34791,Region_34791
R34792,Region_34792
R34793,Region_34793
R34794,Region_34794
R34795,Region_34795
R34796,Region_34796
R34797,Region_34797
R34798,Region_34798
R34799,Region_34799
R34800,Region_34800
R34801,Region_34801
R34802,Region_34802
R34803,Region_34803
R34804,Region_34804
R34805,Region_34805
R34806,Region_34806
R34807,Region_34807
R34808,Region_34808
R34809,Region_34809
R34810,Region_34810
R34811,Region_34811
R34812,Region_34812
R34813,Region_34813
R34814,Region_34814
R34815,Region_34815
R34816,Region_34816
R34817,Region_34817
R34818,Region_34818
R34819,Region_34819
R34820,Region_34820
R34821,Region_34821
R34822,Region_34822
R34823,Region_34823
R34824,Region_34824
R34825,Region_34825
R34826,Region_34826
R34827,Region_34827
R34828,Region_34828
R34829,Region_34829
R34830,Region_34830
R34831,Region_34831
R34832,Region_34832
R34833,Region_34833
R34834,Region_34834
R34835,Region_34835
R34836,Region_34836
R34837,Region_34837
R34838,Region_34838
R34839,Region_34839
R34840,Region_34840
R34841,Region_34841
R34842,Region_34842
R34843,Region_34843
R34844,Region_34844
R34845,Region_34845
R34846,Region_34846
R34847,Region_34847
R34848,Region_34848
R34849,Region_34849
R34850,Region_34850
R34851,Region_34851
R34852,Region_34852
R34853,Region_34853
R34854,Region_34854
R34855,Region_34855
R34856,Region_34856
R34857,Region_34857
R34858,Region_34858
R34859,Region_34859
R34860,Region_34860
R34861,Region_34861
R34862,Region_34862
R34863,Region_34863
R34864,Region_34864
R34865,Region_34865
R34866,Region_34866
R34867,Region_34867
R34868,Region_34868
R34869,Region_34869
R34870,Region_34870
R34871,Region_34871
R34872,Region_34872
R34873,Region_34873
R34874,Region_34874
R34875,Region_34875
R34876,Region_34876
R34877,Region_34877
R34878,Region_34878
R34879,Region_34879
R34880,Region_34880
R34881,Region_34881
R34882,Region_34882
R34883,Region_34883
R34884,Region_34884
R34885,Region_34885
R34886,Region_34886
R34887,Region_34887
R34888,Region_34888
R34889,Region_34889
R34890,Region_34890
R34891,Region_34891
R34892,Region_34892
R34893,Region_34893
R34894,Region_34894
R34895,Region_34895
R34896,Region_34896
R34897,Region_34897
R34898,Region_34898
R34899,Region_34899
R34900,Region_34900
R34901,Region_34901
R34902,Region_34902
R34903,Region_34903
R34904,Region_34904
R34905,Region_34905
R34906,Region_34906
R34907,Region_34907
R34908,Region_34908
R34909,Region_34909
R34910,Region_34910
R34911,Region_34911
R34912,Region_34912
R34913,Region_34913
R34914,Region_34914
R34915,Region_34915
R34916,Region_34916
R34917,Region_34917
R34918,Region_34918
R34919,Region_34919
R34920,Region_34920
R34921,Region_34921
R34922,Region_34922
R34923,Region_34923
R34924,Region_34924
R34925,Region_34925
R34926,Region_34926
R34927,Region_34927
R34928,Region_34928
R34929,Region_34929
R34930,Region_34930
R34931,Region_34931
R34932,Region_34932
R34933,Region_34933
R34934,Region_34934
R34935,Region_34935
R34936,Region_34936
R34937,Region_34937
R34938,Region_34938
R34939,Region_34939
R34940,Region_34940
R34941,Region_34941
R34942,Region_34942
R34943,Region_34943
R34944,Region_34944
R34945,Region_34945
R34946,Region_34946
R34947,Region_34947
R34948,Region_34948
R34949,Region_34949
R34950,Region_34950
R34951,Region_34951
R34952,Region_34952
R34953,Region_34953
R34954,Region_34954
R34955,Region_34955
R34956,Region_34956
R34957,Region_34957
R34958,Region_34958
R34959,Region_34959
R34960,Region_34960
R34961,Region_34961
R34962,Region_34962
R34963,Region_34963
R34964,Region_34964
R34965,Region_34965
R34966,Region_34966
R34967,Region_34967
R34968,Region_34968
R34969,Region_34969
R34970,Region_34970
R34971,Region_34971
R34972,Region_34972
R34973,Region_34973
R34974,Region_34974
R34975,Region_34975
R34976,Region_34976
R34977,Region_34977
R34978,Region_34978
R34979,Region_34979
R34980,Region_34980
R34981,Region_34981
R34982,Region_34982
R34983,Region_34983
R34984,Region_34984
R34985,Region_34985
R34986,Region_34986
R34987,Region_34987
R34988,Region_34988
R34989,Region_34989
R34990,Region_34990
R34991,Region_34991
R34992,Region_34992
R34993,Region_34993
R34994,Region_34994
R34995,Region_34995
R34996,Region_34996
R34997,Region_34997
R34998,Region_34998
R34999,Region_34999
R35000,Region_35000
R35001,Region_35001
R35002,Region_35002
R35003,Region_35003
R35004,Region_35004
R35005,Region_35005
R35006,Region_35006
R35007,Region_35007
R35008,Region_35008
R35009,Region_35009
R35010,Region_35010
R35011,Region_35011
R35012,Region_35012
R35013,Region_35013
R35014,Region_35014
R35015,Region_35015
R35016,Region_35016
R35017,Region_35017
R35018,Region_35018
R35019,Region_35019
R35020,Region_35020
R35021,Region_35021
R35022,Region_35022
R35023,Region_35023
R35024,Region_35024
R35025,Region_35025
R35026,Region_35026
R35027,Region_35027
R35028,Region_35028
R35029,Region_35029
R35030,Region_35030
R35031,Region_35031
R35032,Region_35032
R35033,Region_35033
R35034,Region_35034
R35035,Region_35035
R35036,Region_35036
R35037,Region_35037
R35038,Region_35038
R35039,Region_35039
R35040,Region_35040
R35041,Region_35041
R35042,Region_35042
R35043,Region_35043
R35044,Region_35044
R35045,Region_35045
R35046,Region_35046
R35047,Region_35047
R35048,Region_35048
R35049,Region_35049
R35050,Region_35050
R35051,Region_35051
R35052,Region_35052
R35053,Region_35053
R35054,Region_35054
R35055,Region_35055
R35056,Region_35056
R35057,Region_35057
R35058,Region_35058
R35059,Region_35059
R35060,Region_35060
R35061,Region_35061
R35062,Region_35062
R35063,Region_35063
R35064,Region_35064
R35065,Region_35065
R35066,Region_35066
R35067,Region_35067
R35068,Region_35068
R35069,Region_35069
R35070,Region_35070
R35071,Region_35071
R35072,Region_35072
R35073,Region_35073
R35074,Region_35074
R35075,Region_35075
R35076,Region_35076
R35077,Region_35077
R35078,Region_35078
R35079,Region_35079
R35080,Region_35080
R35081,Region_35081
R35082,Region_35082
R35083,Region_35083
R35084,Region_35084
R35085,Region_35085
R35086,Region_35086
R35087,Region_35087
R35088,Region_35088
R35089,Region_35089
R35090,Region_35090
R35091,Region_35091
R35092,Region_35092
R35093,Region_35093
R35094,Region_35094
R35095,Region_35095
R35096,Region_35096
R35097,Region_35097
R35098,Region_35098
R35099,Region_35099
R35100,Region_35100
R35101,Region_35101
R35102,Region_35102
R35103,Region_35103
R35104,Region_35104
R35105,Region_35105
R35106,Region_35106
R35107,Region_35107
R35108,Region_35108
R35109,Region_35109
R35110,Region_35110
R35111,Region_35111
R35112,Region_35112
R35113,Region_35113
R35114,Region_35114
R35115,Region_35115
R35116,Region_35116
R35117,Region_35117
R35118,Region_35118
R35119,Region_35119
R35120,Region_35120
R35121,Region_35121
R35122,Region_35122
R35123,Region_35123
R35124,Region_35124
R35125,Region_35125
R35126,Region_35126
R35127,Region_35127
R35128,Region_35128
R35129,Region_35129
R35130,Region_35130
R35131,Region_35131
R35132,Region_35132
R35133,Region_35133
R35134,Region_35134
R35135,Region_35135
R35136,Region_35136
R35137,Region_35137
R35138,Region_35138
R35139,Region_35139
R35140,Region_35140
R35141,Region_35141
R35142,Region_35142
R35143,Region_35143
R35144,Region_35144
R35145,Region_35145
R35146,Region_35146
R35147,Region_35147
R35148,Region_35148
R35149,Region_35149
R35150,Region_35150
R35151,Region_35151
R35152,Region_35152
R35153,Region_35153
R35154,Region_35154
R35155,Region_35155
R35156,Region_35156
R35157,Region_35157
R35158,Region_35158
R35159,Region_35159
R35160,Region_35160
R35161,Region_35161
R35162,Region_35162
R35163,Region_35163
R35164,Region_35164
R35165,Region_35165
R35166,Region_35166
R35167,Region_35167
R35168,Region_35168
R35169,Region_35169
R35170,Region_35170
R35171,Region_35171
R35172,Region_35172
R35173,Region_35173
R35174,Region_35174
R35175,Region_35175
R35176,Region_35176
R35177,Region_35177
R35178,Region_35178
R35179,Region_35179
R35180,Region_35180
R35181,Region_35181
R35182,Region_35182
R35183,Region_35183
R35184,Region_35184
R35185,Region_35185
R35186,Region_35186
R35187,Region_35187
R35188,Region_35188
R35189,Region_35189
R35190,Region_35190
R35191,Region_35191
R35192,Region_35192
R35193,Region_35193
R35194,Region_35194
R35195,Region_35195
R35196,Region_35196
R35197,Region_35197
R35198,Region_35198
R35199,Region_35199
R35200,Region_35200
R35201,Region_35201
R35202,Region_35202
R35203,Region_35203
R35204,Region_35204
R35205,Region_35205
R35206,Region_35206
R35207,Region_35207
R35208,Region_35208
R35209,Region_35209
R35210,Region_35210
R35211,Region_35211
R35212,Region_35212
R35213,Region_35213
R35214,Region_35214
R35215,Region_35215
R35216,Region_35216
R35217,Region_35217
R35218,Region_35218
R35219,Region_35219
R35220,Region_35220
R35221,Region_35221
R35222,Region_35222
R35223,Region_35223
R35224,Region_35224
R35225,Region_35225
R35226,Region_35226
R35227,Region_35227
R35228,Region_35228
R35229,Region_35229
R35230,Region_35230
R35231,Region_35231
R35232,Region_35232
R35233,Region_35233
R35234,Region_35234
R35235,Region_35235
R35236,Region_35236
R35237,Region_35237
R35238,Region_35238
R35239,Region_35239
R35240,Region_35240
R35241,Region_35241
R35242,Region_35242
R35243,Region_35243
R35244,Region_35244
R35245,Region_35245
R35246,Region_35246
R35247,Region_35247
R35248,Region_35248
R35249,Region_35249
R35250,Region_35250
R35251,Region_35251
R35252,Region_35252
R35253,Region_35253
R35254,Region_35254
R35255,Region_35255
R35256,Region_35256
R35257,Region_35257
R35258,Region_35258
R35259,Region_35259
R35260,Region_35260
R35261,Region_35261
R35262,Region_35262
R35263,Region_35263
R35264,Region_35264
R35265,Region_35265
R35266,Region_35266
R35267,Region_35267
R35268,Region_35268
R35269,Region_35269
R35270,Region_35270
R35271,Region_35271
R35272,Region_35272
R35273,Region_35273
R35274,Region_35274
R35275,Region_35275
R35276,Region_35276
R35277,Region_35277
R35278,Region_35278
R35279,Region_35279
R35280,Region_35280
R35281,Region_35281
R35282,Region_35282
R35283,Region_35283
R35284,Region_35284
R35285,Region_35285
R35286,Region_35286
R35287,Region_35287
R35288,Region_35288
R35289,Region_35289
R35290,Region_35290
R35291,Region_35291
R35292,Region_35292
R35293,Region_35293
R35294,Region_35294
R35295,Region_35295
R35296,Region_35296
R35297,Region_35297
R35298,Region_35298
R35299,Region_35299
R35300,Region_35300
R35301,Region_35301
R35302,Region_35302
R35303,Region_35303
R35304,Region_35304
R35305,Region_35305
R35306,Region_35306
R35307,Region_35307
R35308,Region_35308
R35309,Region_35309
R35310,Region_35310
R35311,Region_35311
R35312,Region_35312
R35313,Region_35313
R35314,Region_35314
R35315,Region_35315
R35316,Region_35316
R35317,Region_35317
R35318,Region_35318
R35319,Region_35319
R35320,Region_35320
R35321,Region_35321
R35322,Region_35322
R35323,Region_35323
R35324,Region_35324
R35325,Region_35325
R35326,Region_35326
R35327,Region_35327
R35328,Region_35328
R35329,Region_35329
R35330,Region_35330
R35331,Region_35331
R35332,Region_35332
R35333,Region_35333
R35334,Region_35334
R35335,Region_35335
R35336,Region_35336
R35337,Region_35337
R35338,Region_35338
R35339,Region_35339
R35340,Region_35340
R35341,Region_35341
R35342,Region_35342
R35343,Region_35343
R35344,Region_35344
R35345,Region_35345
R35346,Region_35346
R35347,Region_35347
R35348,Region_35348
R35349,Region_35349
R35350,Region_35350
R35351,Region_35351
R35352,Region_35352
R35353,Region_35353
R35354,Region_35354
R35355,Region_35355
R35356,Region_35356
R35357,Region_35357
R35358,Region_35358
R35359,Region_35359
R35360,Region_35360
R35361,Region_35361
R35362,Region_35362
R35363,Region_35363
R35364,Region_35364
R35365,Region_35365
R35366,Region_35366
R35367,Region_35367
R35368,Region_35368
R35369,Region_35369
R35370,Region_35370
R35371,Region_35371
R35372,Region_35372
R35373,Region_35373
R35374,Region_35374
R35375,Region_35375
R35376,Region_35376
R35377,Region_35377
R35378,Region_35378
R35379,Region_35379
R35380,Region_35380
R35381,Region_35381
R35382,Region_35382
R35383,Region_35383
R35384,Region_35384
R35385,Region_35385
R35386,Region_35386
R35387,Region_35387
R35388,Region_35388
R35389,Region_35389
R35390,Region_35390
R35391,Region_35391
R35392,Region_35392
R35393,Region_35393
R35394,Region_35394
R35395,Region_35395
R35396,Region_35396
R35397,Region_35397
R35398,Region_35398
R35399,Region_35399
R35400,Region_35400
R35401,Region_35401
R35402,Region_35402
R35403,Region_35403
R35404,Region_35404
R35405,Region_35405
R35406,Region_35406
R35407,Region_35407
R35408,Region_35408
R35409,Region_35409
R35410,Region_35410
R35411,Region_35411
R35412,Region_35412
R35413,Region_35413
R35414,Region_35414
R35415,Region_35415
R35416,Region_35416
R35417,Region_35417
R35418,Region_35418
R35419,Region_35419
R35420,Region_35420
R35421,Region_35421
R35422,Region_35422
R35423,Region_35423
R35424,Region_35424
R35425,Region_35425
R35426,Region_35426
R35427,Region_35427
R35428,Region_35428
R35429,Region_35429
R35430,Region_35430
R35431,Region_35431
R35432,Region_35432
R35433,Region_35433
R35434,Region_35434
R35435,Region_35435
R35436,Region_35436
R35437,Region_35437
R35438,Region_35438
R35439,Region_35439
R35440,Region_35440
R35441,Region_35441
R35442,Region_35442
R35443,Region_35443
R35444,Region_35444
R35445,Region_35445
R35446,Region_35446
R35447,Region_35447
R35448,Region_35448
R35449,Region_35449
R35450,Region_35450
R35451,Region_35451
R35452,Region_35452
R35453,Region_35453
R35454,Region_35454
R35455,Region_35455
R35456,Region_35456
R35457,Region_35457
R35458,Region_35458
R35459,Region_35459
R35460,Region_35460
R35461,Region_35461
R35462,Region_35462
R35463,Region_35463
R35464,Region_35464
R35465,Region_35465
R35466,Region_35466
R35467,Region_35467
R35468,Region_35468
R35469,Region_35469
R35470,Region_35470
R35471,Region_35471
R35472,Region_35472
R35473,Region_35473
R35474,Region_35474
R35475,Region_35475
R35476,Region_35476
R35477,Region_35477
R35478,Region_35478
R35479,Region_35479
R35480,Region_35480
R35481,Region_35481
R35482,Region_35482
R35483,Region_35483
R35484,Region_35484
R35485,Region_35485
R35486,Region_35486
R35487,Region_35487
R35488,Region_35488
R35489,Region_35489
R35490,Region_35490
R35491,Region_35491
R35492,Region_35492
R35493,Region_35493
R35494,Region_35494
R35495,Region_35495
R35496,Region_35496
R35497,Region_35497
R35498,Region_35498
R35499,Region_35499
R35500,Region_35500
R35501,Region_35501
R35502,Region_35502
R35503,Region_35503
R35504,Region_35504
R35505,Region_35505
R35506,Region_35506
R35507,Region_35507
R35508,Region_35508
R35509,Region_35509
R35510,Region_35510
R35511,Region_35511
R35512,Region_35512
R35513,Region_35513
R35514,Region_35514
R35515,Region_35515
R35516,Region_35516
R35517,Region_35517
R35518,Region_35518
R35519,Region_35519
R35520,Region_35520
R35521,Region_35521
R35522,Region_35522
R35523,Region_35523
R35524,Region_35524
R35525,Region_35525
R35526,Region_35526
R35527,Region_35527
R35528,Region_35528
R35529,Region_35529
R35530,Region_35530
R35531,Region_35531
R35532,Region_35532
R35533,Region_35533
R35534,Region_35534
R35535,Region_35535
R35536,Region_35536
R35537,Region_35537
R35538,Region_35538
R35539,Region_35539
R35540,Region_35540
R35541,Region_35541
R35542,Region_35542
R35543,Region_35543
R35544,Region_35544
R35545,Region_35545
R35546,Region_35546
R35547,Region_35547
R35548,Region_35548
R35549,Region_35549
R35550,Region_35550
R35551,Region_35551
R35552,Region_35552
R35553,Region_35553
R35554,Region_35554
R35555,Region_35555
R35556,Region_35556
R35557,Region_35557
R35558,Region_35558
R35559,Region_35559
R35560,Region_35560
R35561,Region_35561
R35562,Region_35562
R35563,Region_35563
R35564,Region_35564
R35565,Region_35565
R35566,Region_35566
R35567,Region_35567
R35568,Region_35568
R35569,Region_35569
R35570,Region_35570
R35571,Region_35571
R35572,Region_35572
R35573,Region_35573
R35574,Region_35574
R35575,Region_35575
R35576,Region_35576
R35577,Region_35577
R35578,Region_35578
R35579,Region_35579
R35580,Region_35580
R35581,Region_35581
R35582,Region_35582
R35583,Region_35583
R35584,Region_35584
R35585,Region_35585
R35586,Region_35586
R35587,Region_35587
R35588,Region_35588
R35589,Region_35589
R35590,Region_35590
R35591,Region_35591
R35592,Region_35592
R35593,Region_35593
R35594,Region_35594
R35595,Region_35595
R35596,Region_35596
R35597,Region_35597
R35598,Region_35598
R35599,Region_35599
R35600,Region_35600
R35601,Region_35601
R35602,Region_35602
R35603,Region_35603
R35604,Region_35604
R35605,Region_35605
R35606,Region_35606
R35607,Region_35607
R35608,Region_35608
R35609,Region_35609
R35610,Region_35610
R35611,Region_35611
R35612,Region_35612
R35613,Region_35613
R35614,Region_35614
R35615,Region_35615
R35616,Region_35616
R35617,Region_35617
R35618,Region_35618
R35619,Region_35619
R35620,Region_35620
R35621,Region_35621
R35622,Region_35622
R35623,Region_35623
R35624,Region_35624
R35625,Region_35625
R35626,Region_35626
R35627,Region_35627
R35628,Region_35628
R35629,Region_35629
R35630,Region_35630
R35631,Region_35631
R35632,Region_35632
R35633,Region_35633
R35634,Region_35634
R35635,Region_35635
R35636,Region_35636
R35637,Region_35637
R35638,Region_35638
R35639,Region_35639
R35640,Region_35640
R35641,Region_35641
R35642,Region_35642
R35643,Region_35643
R35644,Region_35644
R35645,Region_35645
R35646,Region_35646
R35647,Region_35647
R35648,Region_35648
R35649,Region_35649
R35650,Region_35650
R35651,Region_35651
R35652,Region_35652
R35653,Region_35653
R35654,Region_35654
R35655,Region_35655
R35656,Region_35656
R35657,Region_35657
R35658,Region_35658
R35659,Region_35659
R35660,Region_35660
R35661,Region_35661
R35662,Region_35662
R35663,Region_35663
R35664,Region_35664
R35665,Region_35665
R35666,Region_35666
R35667,Region_35667
R35668,Region_35668
R35669,Region_35669
R35670,Region_35670
R35671,Region_35671
R35672,Region_35672
R35673,Region_35673
R35674,Region_35674
R35675,Region_35675
R35676,Region_35676
R35677,Region_35677
R35678,Region_35678
R35679,Region_35679
R35680,Region_35680
R35681,Region_35681
R35682,Region_35682
R35683,Region_35683
R35684,Region_35684
R35685,Region_35685
R35686,Region_35686
R35687,Region_35687
R35688,Region_35688
R35689,Region_35689
R35690,Region_35690
R35691,Region_35691
R35692,Region_35692
R35693,Region_35693
R35694,Region_35694
R35695,Region_35695
R35696,Region_35696
R35697,Region_35697
R35698,Region_35698
R35699,Region_35699
R35700,Region_35700
R35701,Region_35701
R35702,Region_35702
R35703,Region_35703
R35704,Region_35704
R35705,Region_35705
R35706,Region_35706
R35707,Region_35707
R35708,Region_35708
R35709,Region_35709
R35710,Region_35710
R35711,Region_35711
R35712,Region_35712
R35713,Region_35713
R35714,Region_35714
R35715,Region_35715
R35716,Region_35716
R35717,Region_35717
R35718,Region_35718
R35719,Region_35719
R35720,Region_35720
R35721,Region_35721
R35722,Region_35722
R35723,Region_35723
R35724,Region_35724
R35725,Region_35725
R35726,Region_35726
R35727,Region_35727
R35728,Region_35728
R35729,Region_35729
R35730,Region_35730
R35731,Region_35731
R35732,Region_35732
R35733,Region_35733
R35734,Region_35734
R35735,Region_35735
R35736,Region_35736
R35737,Region_35737
R35738,Region_35738
R35739,Region_35739
R35740,Region_35740
R35741,Region_35741
R35742,Region_35742
R35743,Region_35743
R35744,Region_35744
R35745,Region_35745
R35746,Region_35746
R35747,Region_35747
R35748,Region_35748
R35749,Region_35749
R35750,Region_35750
R35751,Region_35751
R35752,Region_35752
R35753,Region_35753
R35754,Region_35754
R35755,Region_35755
R35756,Region_35756
R35757,Region_35757
R35758,Region_35758
R35759,Region_35759
R35760,Region_35760
R35761,Region_35761
R35762,Region_35762
R35763,Region_35763
R35764,Region_35764
R35765,Region_35765
R35766,Region_35766
R35767,Region_35767
R35768,Region_35768
R35769,Region_35769
R35770,Region_35770
R35771,Region_35771
R35772,Region_35772
R35773,Region_35773
R35774,Region_35774
R35775,Region_35775
R35776,Region_35776
R35777,Region_35777
R35778,Region_35778
R35779,Region_35779
R35780,Region_35780
R35781,Region_35781
R35782,Region_35782
R35783,Region_35783
R35784,Region_35784
R35785,Region_35785
R35786,Region_35786
R35787,Region_35787
R35788,Region_35788
R35789,Region_35789
R35790,Region_35790
R35791,Region_35791
R35792,Region_35792
R35793,Region_35793
R35794,Region_35794
R35795,Region_35795
R35796,Region_35796
R35797,Region_35797
R35798,Region_35798
R35799,Region_35799
R35800,Region_35800
R35801,Region_35801
R35802,Region_35802
R35803,Region_35803
R35804,Region_35804
R35805,Region_35805
R35806,Region_35806
R35807,Region_35807
R35808,Region_35808
R35809,Region_35809
R35810,Region_35810
R35811,Region_35811
R35812,Region_35812
R35813,Region_35813
R35814,Region_35814
R35815,Region_35815
R35816,Region_35816
R35817,Region_35817
R35818,Region_35818
R35819,Region_35819
R35820,Region_35820
R35821,Region_35821
R35822,Region_35822
R35823,Region_35823
R35824,Region_35824
R35825,Region_35825
R35826,Region_35826
R35827,Region_35827
R35828,Region_35828
R35829,Region_35829
R35830,Region_35830
R35831,Region_35831
R35832,Region_35832
R35833,Region_35833
R35834,Region_35834
R35835,Region_35835
R35836,Region_35836
R35837,Region_35837
R35838,Region_35838
R35839,Region_35839
R35840,Region_35840
R35841,Region_35841
R35842,Region_35842
R35843,Region_35843
R35844,Region_35844
R35845,Region_35845
R35846,Region_35846
R35847,Region_35847
R35848,Region_35848
R35849,Region_35849
R35850,Region_35850
R35851,Region_35851
R35852,Region_35852
R35853,Region_35853
R35854,Region_35854
R35855,Region_35855
R35856,Region_35856
R35857,Region_35857
R35858,Region_35858
R35859,Region_35859
R35860,Region_35860
R35861,Region_35861
R35862,Region_35862
R35863,Region_35863
R35864,Region_35864
R35865,Region_35865
R35866,Region_35866
R35867,Region_35867
R35868,Region_35868
R35869,Region_35869
R35870,Region_35870
R35871,Region_35871
R35872,Region_35872
R35873,Region_35873
R35874,Region_35874
R35875,Region_35875
R35876,Region_35876
R35877,Region_35877
R35878,Region_35878
R35879,Region_35879
R35880,Region_35880
R35881,Region_35881
R35882,Region_35882
R35883,Region_35883
R35884,Region_35884
R35885,Region_35885
R35886,Region_35886
R35887,Region_35887
R35888,Region_35888
R35889,Region_35889
R35890,Region_35890
R35891,Region_35891
R35892,Region_35892
R35893,Region_35893
R35894,Region_35894
R35895,Region_35895
R35896,Region_35896
R35897,Region_35897
R35898,Region_35898
R35899,Region_35899
R35900,Region_35900
R35901,Region_35901
R35902,Region_35902
R35903,Region_35903
R35904,Region_35904
R35905,Region_35905
R35906,Region_35906
R35907,Region_35907
R35908,Region_35908
R35909,Region_35909
R35910,Region_35910
R35911,Region_35911
R35912,Region_35912
R35913,Region_35913
R35914,Region_35914
R35915,Region_35915
R35916,Region_35916
R35917,Region_35917
R35918,Region_35918
R35919,Region_35919
R35920,Region_35920
R35921,Region_35921
R35922,Region_35922
R35923,Region_35923
R35924,Region_35924
R35925,Region_35925
R35926,Region_35926
R35927,Region_35927
R35928,Region_35928
R35929,Region_35929
R35930,Region_35930
R35931,Region_35931
R35932,Region_35932
R35933,Region_35933
R35934,Region_35934
R35935,Region_35935
R35936,Region_35936
R35937,Region_35937
R35938,Region_35938
R35939,Region_35939
R35940,Region_35940
R35941,Region_35941
R35942,Region_35942
R35943,Region_35943
R35944,Region_35944
R35945,Region_35945
R35946,Region_35946
R35947,Region_35947
R35948,Region_35948
R35949,Region_35949
R35950,Region_35950
R35951,Region_35951
R35952,Region_35952
R35953,Region_35953
R35954,Region_35954
R35955,Region_35955
R35956,Region_35956
R35957,Region_35957
R35958,Region_35958
R35959,Region_35959
R35960,Region_35960
R35961,Region_35961
R35962,Region_35962
R35963,Region_35963
R35964,Region_35964
R35965,Region_35965
R35966,Region_35966
R35967,Region_35967
R35968,Region_35968
R35969,Region_35969
R35970,Region_35970
R35971,Region_35971
R35972,Region_35972
R35973,Region_35973
R35974,Region_35974
R35975,Region_35975
R35976,Region_35976
R35977,Region_35977
R35978,Region_35978
R35979,Region_35979
R35980,Region_35980
R35981,Region_35981
R35982,Region_35982
R35983,Region_35983
R35984,Region_35984
R35985,Region_35985
R35986,Region_35986
R35987,Region_35987
R35988,Region_35988
R35989,Region_35989
R35990,Region_35990
R35991,Region_35991
R35992,Region_35992
R35993,Region_35993
R35994,Region_35994
R35995,Region_35995
R35996,Region_35996
R35997,Region_35997
R35998,Region_35998
R35999,Region_35999
R36000,Region_36000
R36001,Region_36001
R36002,Region_36002
R36003,Region_36003
R36004,Region_36004
R36005,Region_36005
R36006,Region_36006
R36007,Region_36007
R36008,Region_36008
R36009,Region_36009
R36010,Region_36010
R36011,Region_36011
R36012,Region_36012
R36013,Region_36013
R36014,Region_36014
R36015,Region_36015
R36016,Region_36016
R36017,Region_36017
R36018,Region_36018
R36019,Region_36019
R36020,Region_36020
R36021,Region_36021
R36022,Region_36022
R36023,Region_36023
R36024,Region_36024
R36025,Region_36025
R36026,Region_36026
R36027,Region_36027
R36028,Region_36028
R36029,Region_36029
R36030,Region_36030
R36031,Region_36031
R36032,Region_36032
R36033,Region_36033
R36034,Region_36034
R36035,Region_36035
R36036,Region_36036
R36037,Region_36037
R36038,Region_36038
R36039,Region_36039
R36040,Region_36040
R36041,Region_36041
R36042,Region_36042
R36043,Region_36043
R36044,Region_36044
R36045,Region_36045
R36046,Region_36046
R36047,Region_36047
R36048,Region_36048
R36049,Region_36049
R36050,Region_36050
R36051,Region_36051
R36052,Region_36052
R36053,Region_36053
R36054,Region_36054
R36055,Region_36055
R36056,Region_36056
R36057,Region_36057
R36058,Region_36058
R36059,Region_36059
R36060,Region_36060
R36061,Region_36061
R36062,Region_36062
R36063,Region_36063
R36064,Region_36064
R36065,Region_36065
R36066,Region_36066
R36067,Region_36067
R36068,Region_36068
R36069,Region_36069
R36070,Region_36070
R36071,Region_36071
R36072,Region_36072
R36073,Region_36073
R36074,Region_36074
R36075,Region_36075
R36076,Region_36076
R36077,Region_36077
R36078,Region_36078
R36079,Region_36079
R36080,Region_36080
R36081,Region_36081
R36082,Region_36082
R36083,Region_36083
R36084,Region_36084
R36085,Region_36085
R36086,Region_36086
R36087,Region_36087
R36088,Region_36088
R36089,Region_36089
R36090,Region_36090
R36091,Region_36091
R36092,Region_36092
R36093,Region_36093
R36094,Region_36094
R36095,Region_36095
R36096,Region_36096
R36097,Region_36097
R36098,Region_36098
R36099,Region_36099
R36100,Region_36100
R36101,Region_36101
R36102,Region_36102
R36103,Region_36103
R36104,Region_36104
R36105,Region_36105
R36106,Region_36106
R36107,Region_36107
R36108,Region_36108
R36109,Region_36109
R36110,Region_36110
R36111,Region_36111
R36112,Region_36112
R36113,Region_36113
R36114,Region_36114
R36115,Region_36115
R36116,Region_36116
R36117,Region_36117
R36118,Region_36118
R36119,Region_36119
R36120,Region_36120
R36121,Region_36121
R36122,Region_36122
R36123,Region_36123
R36124,Region_36124
R36125,Region_36125
R36126,Region_36126
R36127,Region_36127
R36128,Region_36128
R36129,Region_36129
R36130,Region_36130
R36131,Region_36131
R36132,Region_36132
R36133,Region_36133
R36134,Region_36134
R36135,Region_36135
R36136,Region_36136
R36137,Region_36137
R36138,Region_36138
R36139,Region_36139
R36140,Region_36140
R36141,Region_36141
R36142,Region_36142
R36143,Region_36143
R36144,Region_36144
R36145,Region_36145
R36146,Region_36146
R36147,Region_36147
R36148,Region_36148
R36149,Region_36149
R36150,Region_36150
R36151,Region_36151
R36152,Region_36152
R36153,Region_36153
R36154,Region_36154
R36155,Region_36155
R36156,Region_36156
R36157,Region_36157
R36158,Region_36158
R36159,Region_36159
R36160,Region_36160
R36161,Region_36161
R36162,Region_36162
R36163,Region_36163
R36164,Region_36164
R36165,Region_36165
R36166,Region_36166
R36167,Region_36167
R36168,Region_36168
R36169,Region_36169
R36170,Region_36170
R36171,Region_36171
R36172,Region_36172
R36173,Region_36173
R36174,Region_36174
R36175,Region_36175
R36176,Region_36176
R36177,Region_36177
R36178,Region_36178
R36179,Region_36179
R36180,Region_36180
R36181,Region_36181
R36182,Region_36182
R36183,Region_36183
R36184,Region_36184
R36185,Region_36185
R36186,Region_36186
R36187,Region_36187
R36188,Region_36188
R36189,Region_36189
R36190,Region_36190
R36191,Region_36191
R36192,Region_36192
R36193,Region_36193
R36194,Region_36194
R36195,Region_36195
R36196,Region_36196
R36197,Region_36197
R36198,Region_36198
R36199,Region_36199
R36200,Region_36200
R36201,Region_36201
R36202,Region_36202
R36203,Region_36203
R36204,Region_36204
R36205,Region_36205
R36206,Region_36206
R36207,Region_36207
R36208,Region_36208
R36209,Region_36209
R36210,Region_36210
R36211,Region_36211
R36212,Region_36212
R36213,Region_36213
R36214,Region_36214
R36215,Region_36215
R36216,Region_36216
R36217,Region_36217
R36218,Region_36218
R36219,Region_36219
R36220,Region_36220
R36221,Region_36221
R36222,Region_36222
R36223,Region_36223
R36224,Region_36224
R36225,Region_36225
R36226,Region_36226
R36227,Region_36227
R36228,Region_36228
R36229,Region_36229
R36230,Region_36230
R36231,Region_36231
R36232,Region_36232
R36233,Region_36233
R36234,Region_36234
R36235,Region_36235
R36236,Region_36236
R36237,Region_36237
R36238,Region_36238
R36239,Region_36239
R36240,Region_36240
R36241,Region_36241
R36242,Region_36242
R36243,Region_36243
R36244,Region_36244
R36245,Region_36245
R36246,Region_36246
R36247,Region_36247
R36248,Region_36248
R36249,Region_36249
R36250,Region_36250
R36251,Region_36251
R36252,Region_36252
R36253,Region_36253
R36254,Region_36254
R36255,Region_36255
R36256,Region_36256
R36257,Region_36257
R36258,Region_36258
R36259,Region_36259
R36260,Region_36260
R36261,Region_36261
R36262,Region_36262
R36263,Region_36263
R36264,Region_36264
R36265,Region_36265
R36266,Region_36266
R36267,Region_36267
R36268,Region_36268
R36269,Region_36269
R36270,Region_36270
R36271,Region_36271
R36272,Region_36272
R36273,Region_36273
R36274,Region_36274
R36275,Region_36275
R36276,Region_36276
R36277,Region_36277
R36278,Region_36278
R36279,Region_36279
R36280,Region_36280
R36281,Region_36281
R36282,Region_36282
R36283,Region_36283
R36284,Region_36284
R36285,Region_36285
R36286,Region_36286
R36287,Region_36287
R36288,Region_36288
R36289,Region_36289
R36290,Region_36290
R36291,Region_36291
R36292,Region_36292
R36293,Region_36293
R36294,Region_36294
R36295,Region_36295
R36296,Region_36296
R36297,Region_36297
R36298,Region_36298
R36299,Region_36299
R36300,Region_36300
R36301,Region_36301
R36302,Region_36302
R36303,Region_36303
R36304,Region_36304
R36305,Region_36305
R36306,Region_36306
R36307,Region_36307
R36308,Region_36308
R36309,Region_36309
R36310,Region_36310
R36311,Region_36311
R36312,Region_36312
R36313,Region_36313
R36314,Region_36314
R36315,Region_36315
R36316,Region_36316
R36317,Region_36317
R36318,Region_36318
R36319,Region_36319
R36320,Region_36320
R36321,Region_36321
R36322,Region_36322
R36323,Region_36323
R36324,Region_36324
R36325,Region_36325
R36326,Region_36326
R36327,Region_36327
R36328,Region_36328
R36329,Region_36329
R36330,Region_36330
R36331,Region_36331
R36332,Region_36332
R36333,Region_36333
R36334,Region_36334
R36335,Region_36335
R36336,Region_36336
R36337,Region_36337
R36338,Region_36338
R36339,Region_36339
R36340,Region_36340
R36341,Region_36341
R36342,Region_36342
R36343,Region_36343
R36344,Region_36344
R36345,Region_36345
R36346,Region_36346
R36347,Region_36347
R36348,Region_36348
R36349,Region_36349
R36350,Region_36350
R36351,Region_36351
R36352,Region_36352
R36353,Region_36353
R36354,Region_36354
R36355,Region_36355
R36356,Region_36356
R36357,Region_36357
R36358,Region_36358
R36359,Region_36359
R36360,Region_36360
R36361,Region_36361
R36362,Region_36362
R36363,Region_36363
R36364,Region_36364
R36365,Region_36365
R36366,Region_36366
R36367,Region_36367
R36368,Region_36368
R36369,Region_36369
R36370,Region_36370
R36371,Region_36371
R36372,Region_36372
R36373,Region_36373
R36374,Region_36374
R36375,Region_36375
R36376,Region_36376
R36377,Region_36377
R36378,Region_36378
R36379,Region_36379
R36380,Region_36380
R36381,Region_36381
R36382,Region_36382
R36383,Region_36383
R36384,Region_36384
R36385,Region_36385
R36386,Region_36386
R36387,Region_36387
R36388,Region_36388
R36389,Region_36389
R36390,Region_36390
R36391,Region_36391
R36392,Region_36392
R36393,Region_36393
R36394,Region_36394
R36395,Region_36395
R36396,Region_36396
R36397,Region_36397
R36398,Region_36398
R36399,Region_36399
R36400,Region_36400
R36401,Region_36401
R36402,Region_36402
R36403,Region_36403
R36404,Region_36404
R36405,Region_36405
R36406,Region_36406
R36407,Region_36407
R36408,Region_36408
R36409,Region_36409
R36410,Region_36410
R36411,Region_36411
R36412,Region_36412
R36413,Region_36413
R36414,Region_36414
R36415,Region_36415
R36416,Region_36416
R36417,Region_36417
R36418,Region_36418
R36419,Region_36419
R36420,Region_36420
R36421,Region_36421
R36422,Region_36422
R36423,Region_36423
R36424,Region_36424
R36425,Region_36425
R36426,Region_36426
R36427,Region_36427
R36428,Region_36428
R36429,Region_36429
R36430,Region_36430
R36431,Region_36431
R36432,Region_36432
R36433,Region_36433
R36434,Region_36434
R36435,Region_36435
R36436,Region_36436
R36437,Region_36437
R36438,Region_36438
R36439,Region_36439
R36440,Region_36440
R36441,Region_36441
R36442,Region_36442
R36443,Region_36443
R36444,Region_36444
R36445,Region_36445
R36446,Region_36446
R36447,Region_36447
R36448,Region_36448
R36449,Region_36449
R36450,Region_36450
R36451,Region_36451
R36452,Region_36452
R36453,Region_36453
R36454,Region_36454
R36455,Region_36455
R36456,Region_36456
R36457,Region_36457
R36458,Region_36458
R36459,Region_36459
R36460,Region_36460
R36461,Region_36461
R36462,Region_36462
R36463,Region_36463
R36464,Region_36464
R36465,Region_36465
R36466,Region_36466
R36467,Region_36467
R36468,Region_36468
R36469,Region_36469
R36470,Region_36470
R36471,Region_36471
R36472,Region_36472
R36473,Region_36473
R36474,Region_36474
R36475,Region_36475
R36476,Region_36476
R36477,Region_36477
R36478,Region_36478
R36479,Region_36479
R36480,Region_36480
R36481,Region_36481
R36482,Region_36482
R36483,Region_36483
R36484,Region_36484
R36485,Region_36485
R36486,Region_36486
R36487,Region_36487
R36488,Region_36488
R36489,Region_36489
R36490,Region_36490
R36491,Region_36491
R36492,Region_36492
R36493,Region_36493
R36494,Region_36494
R36495,Region_36495
R36496,Region_36496
R36497,Region_36497
R36498,Region_36498
R36499,Region_36499
R36500,Region_36500
R36501,Region_36501
R36502,Region_36502
R36503,Region_36503
R36504,Region_36504
R36505,Region_36505
R36506,Region_36506
R36507,Region_36507
R36508,Region_36508
R36509,Region_36509
R36510,Region_36510
R36511,Region_36511
R36512,Region_36512
R36513,Region_36513
R36514,Region_36514
R36515,Region_36515
R36516,Region_36516
R36517,Region_36517
R36518,Region_36518
R36519,Region_36519
R36520,Region_36520
R36521,Region_36521
R36522,Region_36522
R36523,Region_36523
R36524,Region_36524
R36525,Region_36525
R36526,Region_36526
R36527,Region_36527
R36528,Region_36528
R36529,Region_36529
R36530,Region_36530
R36531,Region_36531
R36532,Region_36532
R36533,Region_36533
R36534,Region_36534
R36535,Region_36535
R36536,Region_36536
R36537,Region_36537
R36538,Region_36538
R36539,Region_36539
R36540,Region_36540
R36541,Region_36541
R36542,Region_36542
R36543,Region_36543
R36544,Region_36544
R36545,Region_36545
R36546,Region_36546
R36547,Region_36547
R36548,Region_36548
R36549,Region_36549
R36550,Region_36550
R36551,Region_36551
R36552,Region_36552
R36553,Region_36553
R36554,Region_36554
R36555,Region_36555
R36556,Region_36556
R36557,Region_36557
R36558,Region_36558
R36559,Region_36559
R36560,Region_36560
R36561,Region_36561
R36562,Region_36562
R36563,Region_36563
R36564,Region_36564
R36565,Region_36565
R36566,Region_36566
R36567,Region_36567
R36568,Region_36568
R36569,Region_36569
R36570,Region_36570
R36571,Region_36571
R36572,Region_36572
R36573,Region_36573
R36574,Region_36574
R36575,Region_36575
R36576,Region_36576
R36577,Region_36577
R36578,Region_36578
R36579,Region_36579
R36580,Region_36580
R36581,Region_36581
R36582,Region_36582
R36583,Region_36583
R36584,Region_36584
R36585,Region_36585
R36586,Region_36586
R36587,Region_36587
R36588,Region_36588
R36589,Region_36589
R36590,Region_36590
R36591,Region_36591
R36592,Region_36592
R36593,Region_36593
R36594,Region_36594
R36595,Region_36595
R36596,Region_36596
R36597,Region_36597
R36598,Region_36598
R36599,Region_36599
R36600,Region_36600
R36601,Region_36601
R36602,Region_36602
R36603,Region_36603
R36604,Region_36604
R36605,Region_36605
R36606,Region_36606
R36607,Region_36607
R36608,Region_36608
R36609,Region_36609
R36610,Region_36610
R36611,Region_36611
R36612,Region_36612
R36613,Region_36613
R36614,Region_36614
R36615,Region_36615
R36616,Region_36616
R36617,Region_36617
R36618,Region_36618
R36619,Region_36619
R36620,Region_36620
R36621,Region_36621
R36622,Region_36622
R36623,Region_36623
R36624,Region_36624
R36625,Region_36625
R36626,Region_36626
R36627,Region_36627
R36628,Region_36628
R36629,Region_36629
R36630,Region_36630
R36631,Region_36631
R36632,Region_36632
R36633,Region_36633
R36634,Region_36634
R36635,Region_36635
R36636,Region_36636
R36637,Region_36637
R36638,Region_36638
R36639,Region_36639
R36640,Region_36640
R36641,Region_36641
R36642,Region_36642
R36643,Region_36643
R36644,Region_36644
R36645,Region_36645
R36646,Region_36646
R36647,Region_36647
R36648,Region_36648
R36649,Region_36649
R36650,Region_36650
R36651,Region_36651
R36652,Region_36652
R36653,Region_36653
R36654,Region_36654
R36655,Region_36655
R36656,Region_36656
R36657,Region_36657
R36658,Region_36658
R36659,Region_36659
R36660,Region_36660
R36661,Region_36661
R36662,Region_36662
R36663,Region_36663
R36664,Region_36664
R36665,Region_36665
R36666,Region_36666
R36667,Region_36667
R36668,Region_36668
R36669,Region_36669
R36670,Region_36670
R36671,Region_36671
R36672,Region_36672
R36673,Region_36673
R36674,Region_36674
R36675,Region_36675
R36676,Region_36676
R36677,Region_36677
R36678,Region_36678
R36679,Region_36679
R36680,Region_36680
R36681,Region_36681
R36682,Region_36682
R36683,Region_36683
R36684,Region_36684
R36685,Region_36685
R36686,Region_36686
R36687,Region_36687
R36688,Region_36688
R36689,Region_36689
R36690,Region_36690
R36691,Region_36691
R36692,Region_36692
R36693,Region_36693
R36694,Region_36694
R36695,Region_36695
R36696,Region_36696
R36697,Region_36697
R36698,Region_36698
R36699,Region_36699
R36700,Region_36700
R36701,Region_36701
R36702,Region_36702
R36703,Region_36703
R36704,Region_36704
R36705,Region_36705
R36706,Region_36706
R36707,Region_36707
R36708,Region_36708
R36709,Region_36709
R36710,Region_36710
R36711,Region_36711
R36712,Region_36712
R36713,Region_36713
R36714,Region_36714
R36715,Region_36715
R36716,Region_36716
R36717,Region_36717
R36718,Region_36718
R36719,Region_36719
R36720,Region_36720
R36721,Region_36721
R36722,Region_36722
R36723,Region_36723
R36724,Region_36724
R36725,Region_36725
R36726,Region_36726
R36727,Region_36727
R36728,Region_36728
R36729,Region_36729
R36730,Region_36730
R36731,Region_36731
R36732,Region_36732
R36733,Region_36733
R36734,Region_36734
R36735,Region_36735
R36736,Region_36736
R36737,Region_36737
R36738,Region_36738
R36739,Region_36739
R36740,Region_36740
R36741,Region_36741
R36742,Region_36742
R36743,Region_36743
R36744,Region_36744
R36745,Region_36745
R36746,Region_36746
R36747,Region_36747
R36748,Region_36748
R36749,Region_36749
R36750,Region_36750
R36751,Region_36751
R36752,Region_36752
R36753,Region_36753
R36754,Region_36754
R36755,Region_36755
R36756,Region_36756
R36757,Region_36757
R36758,Region_36758
R36759,Region_36759
R36760,Region_36760
R36761,Region_36761
R36762,Region_36762
R36763,Region_36763
R36764,Region_36764
R36765,Region_36765
R36766,Region_36766
R36767,Region_36767
R36768,Region_36768
R36769,Region_36769
R36770,Region_36770
R36771,Region_36771
R36772,Region_36772
R36773,Region_36773
R36774,Region_36774
R36775,Region_36775
R36776,Region_36776
R36777,Region_36777
R36778,Region_36778
R36779,Region_36779
R36780,Region_36780
R36781,Region_36781
R36782,Region_36782
R36783,Region_36783
R36784,Region_36784
R36785,Region_36785
R36786,Region_36786
R36787,Region_36787
R36788,Region_36788
R36789,Region_36789
R36790,Region_36790
R36791,Region_36791
R36792,Region_36792
R36793,Region_36793
R36794,Region_36794
R36795,Region_36795
R36796,Region_36796
R36797,Region_36797
R36798,Region_36798
R36799,Region_36799
R36800,Region_36800
R36801,Region_36801
R36802,Region_36802
R36803,Region_36803
R36804,Region_36804
R36805,Region_36805
R36806,Region_36806
R36807,Region_36807
R36808,Region_36808
R36809,Region_36809
R36810,Region_36810
R36811,Region_36811
R36812,Region_36812
R36813,Region_36813
R36814,Region_36814
R36815,Region_36815
R36816,Region_36816
R36817,Region_36817
R36818,Region_36818
R36819,Region_36819
R36820,Region_36820
R36821,Region_36821
R36822,Region_36822
R36823,Region_36823
R36824,Region_36824
R36825,Region_36825
R36826,Region_36826
R36827,Region_36827
R36828,Region_36828
R36829,Region_36829
R36830,Region_36830
R36831,Region_36831
R36832,Region_36832
R36833,Region_36833
R36834,Region_36834
R36835,Region_36835
R36836,Region_36836
R36837,Region_36837
R36838,Region_36838
R36839,Region_36839
R36840,Region_36840
R36841,Region_36841
R36842,Region_36842
R36843,Region_36843
R36844,Region_36844
R36845,Region_36845
R36846,Region_36846
R36847,Region_36847
R36848,Region_36848
R36849,Region_36849
R36850,Region_36850
R36851,Region_36851
R36852,Region_36852
R36853,Region_36853
R36854,Region_36854
R36855,Region_36855
R36856,Region_36856
R36857,Region_36857
R36858,Region_36858
R36859,Region_36859
R36860,Region_36860
R36861,Region_36861
R36862,Region_36862
R36863,Region_36863
R36864,Region_36864
R36865,Region_36865
R36866,Region_36866
R36867,Region_36867
R36868,Region_36868
R36869,Region_36869
R36870,Region_36870
R36871,Region_36871
R36872,Region_36872
R36873,Region_36873
R36874,Region_36874
R36875,Region_36875
R36876,Region_36876
R36877,Region_36877
R36878,Region_36878
R36879,Region_36879
R36880,Region_36880
R36881,Region_36881
R36882,Region_36882
R36883,Region_36883
R36884,Region_36884
R36885,Region_36885
R36886,Region_36886
R36887,Region_36887
R36888,Region_36888
R36889,Region_36889
R36890,Region_36890
R36891,Region_36891
R36892,Region_36892
R36893,Region_36893
R36894,Region_36894
R36895,Region_36895
R36896,Region_36896
R36897,Region_36897
R36898,Region_36898
R36899,Region_36899
R36900,Region_36900
R36901,Region_36901
R36902,Region_36902
R36903,Region_36903
R36904,Region_36904
R36905,Region_36905
R36906,Region_36906
R36907,Region_36907
R36908,Region_36908
R36909,Region_36909
R36910,Region_36910
R36911,Region_36911
R36912,Region_36912
R36913,Region_36913
R36914,Region_36914
R36915,Region_36915
R36916,Region_36916
R36917,Region_36917
R36918,Region_36918
R36919,Region_36919
R36920,Region_36920
R36921,Region_36921
R36922,Region_36922
R36923,Region_36923
R36924,Region_36924
R36925,Region_36925
R36926,Region_36926
R36927,Region_36927
R36928,Region_36928
R36929,Region_36929
R36930,Region_36930
R36931,Region_36931
R36932,Region_36932
R36933,Region_36933
R36934,Region_36934
R36935,Region_36935
R36936,Region_36936
R36937,Region_36937
R36938,Region_36938
R36939,Region_36939
R36940,Region_36940
R36941,Region_36941
R36942,Region_36942
R36943,Region_36943
R36944,Region_36944
R36945,Region_36945
R36946,Region_36946
R36947,Region_36947
R36948,Region_36948
R36949,Region_36949
R36950,Region_36950
R36951,Region_36951
R36952,Region_36952
R36953,Region_36953
R36954,Region_36954
R36955,Region_36955
R36956,Region_36956
R36957,Region_36957
R36958,Region_36958
R36959,Region_36959
R36960,Region_36960
R36961,Region_36961
R36962,Region_36962
R36963,Region_36963
R36964,Region_36964
R36965,Region_36965
R36966,Region_36966
R36967,Region_36967
R36968,Region_36968
R36969,Region_36969
R36970,Region_36970
R36971,Region_36971
R36972,Region_36972
R36973,Region_36973
R36974,Region_36974
R36975,Region_36975
R36976,Region_36976
R36977,Region_36977
R36978,Region_36978
R36979,Region_36979
R36980,Region_36980
R36981,Region_36981
R36982,Region_36982
R36983,Region_36983
R36984,Region_36984
R36985,Region_36985
R36986,Region_36986
R36987,Region_36987
R36988,Region_36988
R36989,Region_36989
R36990,Region_36990
R36991,Region_36991
R36992,Region_36992
R36993,Region_36993
R36994,Region_36994
R36995,Region_36995
R36996,Region_36996
R36997,Region_36997
R36998,Region_36998
R36999,Region_36999
R37000,Region_37000
R37001,Region_37001
R37002,Region_37002
R37003,Region_37003
R37004,Region_37004
R37005,Region_37005
R37006,Region_37006
R37007,Region_37007
R37008,Region_37008
R37009,Region_37009
R37010,Region_37010
R37011,Region_37011
R37012,Region_37012
R37013,Region_37013
R37014,Region_37014
R37015,Region_37015
R37016,Region_37016
R37017,Region_37017
R37018,Region_37018
R37019,Region_37019
R37020,Region_37020
R37021,Region_37021
R37022,Region_37022
R37023,Region_37023
R37024,Region_37024
R37025,Region_37025
R37026,Region_37026
R37027,Region_37027
R37028,Region_37028
R37029,Region_37029
R37030,Region_37030
R37031,Region_37031
R37032,Region_37032
R37033,Region_37033
R37034,Region_37034
R37035,Region_37035
R37036,Region_37036
R37037,Region_37037
R37038,Region_37038
R37039,Region_37039
R37040,Region_37040
R37041,Region_37041
R37042,Region_37042
R37043,Region_37043
R37044,Region_37044
R37045,Region_37045
R37046,Region_37046
R37047,Region_37047
R37048,Region_37048
R37049,Region_37049
R37050,Region_37050
R37051,Region_37051
R37052,Region_37052
R37053,Region_37053
R37054,Region_37054
R37055,Region_37055
R37056,Region_37056
R37057,Region_37057
R37058,Region_37058
R37059,Region_37059
R37060,Region_37060
R37061,Region_37061
R37062,Region_37062
R37063,Region_37063
R37064,Region_37064
R37065,Region_37065
R37066,Region_37066
R37067,Region_37067
R37068,Region_37068
R37069,Region_37069
R37070,Region_37070
R37071,Region_37071
R37072,Region_37072
R37073,Region_37073
R37074,Region_37074
R37075,Region_37075
R37076,Region_37076
R37077,Region_37077
R37078,Region_37078
R37079,Region_37079
R37080,Region_37080
R37081,Region_37081
R37082,Region_37082
R37083,Region_37083
R37084,Region_37084
R37085,Region_37085
R37086,Region_37086
R37087,Region_37087
R37088,Region_37088
R37089,Region_37089
R37090,Region_37090
R37091,Region_37091
R37092,Region_37092
R37093,Region_37093
R37094,Region_37094
R37095,Region_37095
R37096,Region_37096
R37097,Region_37097
R37098,Region_37098
R37099,Region_37099
R37100,Region_37100
R37101,Region_37101
R37102,Region_37102
R37103,Region_37103
R37104,Region_37104
R37105,Region_37105
R37106,Region_37106
R37107,Region_37107
R37108,Region_37108
R37109,Region_37109
R37110,Region_37110
R37111,Region_37111
R37112,Region_37112
R37113,Region_37113
R37114,Region_37114
R37115,Region_37115
R37116,Region_37116
R37117,Region_37117
R37118,Region_37118
R37119,Region_37119
R37120,Region_37120
R37121,Region_37121
R37122,Region_37122
R37123,Region_37123
R37124,Region_37124
R37125,Region_37125
R37126,Region_37126
R37127,Region_37127
R37128,Region_37128
R37129,Region_37129
R37130,Region_37130
R37131,Region_37131
R37132,Region_37132
R37133,Region_37133
R37134,Region_37134
R37135,Region_37135
R37136,Region_37136
R37137,Region_37137
R37138,Region_37138
R37139,Region_37139
R37140,Region_37140
R37141,Region_37141
R37142,Region_37142
R37143,Region_37143
R37144,Region_37144
R37145,Region_37145
R37146,Region_37146
R37147,Region_37147
R37148,Region_37148
R37149,Region_37149
R37150,Region_37150
R37151,Region_37151
R37152,Region_37152
R37153,Region_37153
R37154,Region_37154
R37155,Region_37155
R37156,Region_37156
R37157,Region_37157
R37158,Region_37158
R37159,Region_37159
R37160,Region_37160
R37161,Region_37161
R37162,Region_37162
R37163,Region_37163
R37164,Region_37164
R37165,Region_37165
R37166,Region_37166
R37167,Region_37167
R37168,Region_37168
R37169,Region_37169
R37170,Region_37170
R37171,Region_37171
R37172,Region_37172
R37173,Region_37173
R37174,Region_37174
R37175,Region_37175
R37176,Region_37176
R37177,Region_37177
R37178,Region_37178
R37179,Region_37179
R37180,Region_37180
R37181,Region_37181
R37182,Region_37182
R37183,Region_37183
R37184,Region_37184
R37185,Region_37185
R37186,Region_37186
R37187,Region_37187
R37188,Region_37188
R37189,Region_37189
R37190,Region_37190
R37191,Region_37191
R37192,Region_37192
R37193,Region_37193
R37194,Region_37194
R37195,Region_37195
R37196,Region_37196
R37197,Region_37197
R37198,Region_37198
R37199,Region_37199
R37200,Region_37200
R37201,Region_37201
R37202,Region_37202
R37203,Region_37203
R37204,Region_37204
R37205,Region_37205
R37206,Region_37206
R37207,Region_37207
R37208,Region_37208
R37209,Region_37209
R37210,Region_37210
R37211,Region_37211
R37212,Region_37212
R37213,Region_37213
R37214,Region_37214
R37215,Region_37215
R37216,Region_37216
R37217,Region_37217
R37218,Region_37218
R37219,Region_37219
R37220,Region_37220
R37221,Region_37221
R37222,Region_37222
R37223,Region_37223
R37224,Region_37224
R37225,Region_37225
R37226,Region_37226
R37227,Region_37227
R37228,Region_37228
R37229,Region_37229
R37230,Region_37230
R37231,Region_37231
R37232,Region_37232
R37233,Region_37233
R37234,Region_37234
R37235,Region_37235
R37236,Region_37236
R37237,Region_37237
R37238,Region_37238
R37239,Region_37239
R37240,Region_37240
R37241,Region_37241
R37242,Region_37242
R37243,Region_37243
R37244,Region_37244
R37245,Region_37245
R37246,Region_37246
R37247,Region_37247
R37248,Region_37248
R37249,Region_37249
R37250,Region_37250
R37251,Region_37251
R37252,Region_37252
R37253,Region_37253
R37254,Region_37254
R37255,Region_37255
R37256,Region_37256
R37257,Region_37257
R37258,Region_37258
R37259,Region_37259
R37260,Region_37260
R37261,Region_37261
R37262,Region_37262
R37263,Region_37263
R37264,Region_37264
R37265,Region_37265
R37266,Region_37266
R37267,Region_37267
R37268,Region_37268
R37269,Region_37269
R37270,Region_37270
R37271,Region_37271
R37272,Region_37272
R37273,Region_37273
R37274,Region_37274
R37275,Region_37275
R37276,Region_37276
R37277,Region_37277
R37278,Region_37278
R37279,Region_37279
R37280,Region_37280
R37281,Region_37281
R37282,Region_37282
R37283,Region_37283
R37284,Region_37284
R37285,Region_37285
R37286,Region_37286
R37287,Region_37287
R37288,Region_37288
R37289,Region_37289
R37290,Region_37290
R37291,Region_37291
R37292,Region_37292
R37293,Region_37293
R37294,Region_37294
R37295,Region_37295
R37296,Region_37296
R37297,Region_37297
R37298,Region_37298
R37299,Region_37299
R37300,Region_37300
R37301,Region_37301
R37302,Region_37302
R37303,Region_37303
R37304,Region_37304
R37305,Region_37305
R37306,Region_37306
R37307,Region_37307
R37308,Region_37308
R37309,Region_37309
R37310,Region_37310
R37311,Region_37311
R37312,Region_37312
R37313,Region_37313
R37314,Region_37314
R37315,Region_37315
R37316,Region_37316
R37317,Region_37317
R37318,Region_37318
R37319,Region_37319
R37320,Region_37320
R37321,Region_37321
R37322,Region_37322
R37323,Region_37323
R37324,Region_37324
R37325,Region_37325
R37326,Region_37326
R37327,Region_37327
R37328,Region_37328
R37329,Region_37329
R37330,Region_37330
R37331,Region_37331
R37332,Region_37332
R37333,Region_37333
R37334,Region_37334
R37335,Region_37335
R37336,Region_37336
R37337,Region_37337
R37338,Region_37338
R37339,Region_37339
R37340,Region_37340
R37341,Region_37341
R37342,Region_37342
R37343,Region_37343
R37344,Region_37344
R37345,Region_37345
R37346,Region_37346
R37347,Region_37347
R37348,Region_37348
R37349,Region_37349
R37350,Region_37350
R37351,Region_37351
R37352,Region_37352
R37353,Region_37353
R37354,Region_37354
R37355,Region_37355
R37356,Region_37356
R37357,Region_37357
R37358,Region_37358
R37359,Region_37359
R37360,Region_37360
R37361,Region_37361
R37362,Region_37362
R37363,Region_37363
R37364,Region_37364
R37365,Region_37365
R37366,Region_37366
R37367,Region_37367
R37368,Region_37368
R37369,Region_37369
R37370,Region_37370
R37371,Region_37371
R37372,Region_37372
R37373,Region_37373
R37374,Region_37374
R37375,Region_37375
R37376,Region_37376
R37377,Region_37377
R37378,Region_37378
R37379,Region_37379
R37380,Region_37380
R37381,Region_37381
R37382,Region_37382
R37383,Region_37383
R37384,Region_37384
R37385,Region_37385
R37386,Region_37386
R37387,Region_37387
R37388,Region_37388
R37389,Region_37389
R37390,Region_37390
R37391,Region_37391
R37392,Region_37392
R37393,Region_37393
R37394,Region_37394
R37395,Region_37395
R37396,Region_37396
R37397,Region_37397
R37398,Region_37398
R37399,Region_37399
R37400,Region_37400
R37401,Region_37401
R37402,Region_37402
R37403,Region_37403
R37404,Region_37404
R37405,Region_37405
R37406,Region_37406
R37407,Region_37407
R37408,Region_37408
R37409,Region_37409
R37410,Region_37410
R37411,Region_37411
R37412,Region_37412
R37413,Region_37413
R37414,Region_37414
R37415,Region_37415
R37416,Region_37416
R37417,Region_37417
R37418,Region_37418
R37419,Region_37419
R37420,Region_37420
R37421,Region_37421
R37422,Region_37422
R37423,Region_37423
R37424,Region_37424
R37425,Region_37425
R37426,Region_37426
R37427,Region_37427
R37428,Region_37428
R37429,Region_37429
R37430,Region_37430
R37431,Region_37431
R37432,Region_37432
R37433,Region_37433
R37434,Region_37434
R37435,Region_37435
R37436,Region_37436
R37437,Region_37437
R37438,Region_37438
R37439,Region_37439
R37440,Region_37440
R37441,Region_37441
R37442,Region_37442
R37443,Region_37443
R37444,Region_37444
R37445,Region_37445
R37446,Region_37446
R37447,Region_37447
R37448,Region_37448
R37449,Region_37449
R37450,Region_37450
R37451,Region_37451
R37452,Region_37452
R37453,Region_37453
R37454,Region_37454
R37455,Region_37455
R37456,Region_37456
R37457,Region_37457
R37458,Region_37458
R37459,Region_37459
R37460,Region_37460
R37461,Region_37461
R37462,Region_37462
R37463,Region_37463
R37464,Region_37464
R37465,Region_37465
R37466,Region_37466
R37467,Region_37467
R37468,Region_37468
R37469,Region_37469
R37470,Region_37470
R37471,Region_37471
R37472,Region_37472
R37473,Region_37473
R37474,Region_37474
R37475,Region_37475
R37476,Region_37476
R37477,Region_37477
R37478,Region_37478
R37479,Region_37479
R37480,Region_37480
R37481,Region_37481
R37482,Region_37482
R37483,Region_37483
R37484,Region_37484
R37485,Region_37485
R37486,Region_37486
R37487,Region_37487
R37488,Region_37488
R37489,Region_37489
R37490,Region_37490
R37491,Region_37491
R37492,Region_37492
R37493,Region_37493
R37494,Region_37494
R37495,Region_37495
R37496,Region_37496
R37497,Region_37497
R37498,Region_37498
R37499,Region_37499
R37500,Region_37500
R37501,Region_37501
R37502,Region_37502
R37503,Region_37503
R37504,Region_37504
R37505,Region_37505
R37506,Region_37506
R37507,Region_37507
R37508,Region_37508
R37509,Region_37509
R37510,Region_37510
R37511,Region_37511
R37512,Region_37512
R37513,Region_37513
R37514,Region_37514
R37515,Region_37515
R37516,Region_37516
R37517,Region_37517
R37518,Region_37518
R37519,Region_37519
R37520,Region_37520
R37521,Region_37521
R37522,Region_37522
R37523,Region_37523
R37524,Region_37524
R37525,Region_37525
R37526,Region_37526
R37527,Region_37527
R37528,Region_37528
R37529,Region_37529
R37530,Region_37530
R37531,Region_37531
R37532,Region_37532
R37533,Region_37533
R37534,Region_37534
R37535,Region_37535
R37536,Region_37536
R37537,Region_37537
R37538,Region_37538
R37539,Region_37539
R37540,Region_37540
R37541,Region_37541
R37542,Region_37542
R37543,Region_37543
R37544,Region_37544
R37545,Region_37545
R37546,Region_37546
R37547,Region_37547
R37548,Region_37548
R37549,Region_37549
R37550,Region_37550
R37551,Region_37551
R37552,Region_37552
R37553,Region_37553
R37554,Region_37554
R37555,Region_37555
R37556,Region_37556
R37557,Region_37557
R37558,Region_37558
R37559,Region_37559
R37560,Region_37560
R37561,Region_37561
R37562,Region_37562
R37563,Region_37563
R37564,Region_37564
R37565,Region_37565
R37566,Region_37566
R37567,Region_37567
R37568,Region_37568
R37569,Region_37569
R37570,Region_37570
R37571,Region_37571
R37572,Region_37572
R37573,Region_37573
R37574,Region_37574
R37575,Region_37575
R37576,Region_37576
R37577,Region_37577
R37578,Region_37578
R37579,Region_37579
R37580,Region_37580
R37581,Region_37581
R37582,Region_37582
R37583,Region_37583
R37584,Region_37584
R37585,Region_37585
R37586,Region_37586
R37587,Region_37587
R37588,Region_37588
R37589,Region_37589
R37590,Region_37590
R37591,Region_37591
R37592,Region_37592
R37593,Region_37593
R37594,Region_37594
R37595,Region_37595
R37596,Region_37596
R37597,Region_37597
R37598,Region_37598
R37599,Region_37599
R37600,Region_37600
R37601,Region_37601
R37602,Region_37602
R37603,Region_37603
R37604,Region_37604
R37605,Region_37605
R37606,Region_37606
R37607,Region_37607
R37608,Region_37608
R37609,Region_37609
R37610,Region_37610
R37611,Region_37611
R37612,Region_37612
R37613,Region_37613
R37614,Region_37614
R37615,Region_37615
R37616,Region_37616
R37617,Region_37617
R37618,Region_37618
R37619,Region_37619
R37620,Region_37620
R37621,Region_37621
R37622,Region_37622
R37623,Region_37623
R37624,Region_37624
R37625,Region_37625
R37626,Region_37626
R37627,Region_37627
R37628,Region_37628
R37629,Region_37629
R37630,Region_37630
R37631,Region_37631
R37632,Region_37632
R37633,Region_37633
R37634,Region_37634
R37635,Region_37635
R37636,Region_37636
R37637,Region_37637
R37638,Region_37638
R37639,Region_37639
R37640,Region_37640
R37641,Region_37641
R37642,Region_37642
R37643,Region_37643
R37644,Region_37644
R37645,Region_37645
R37646,Region_37646
R37647,Region_37647
R37648,Region_37648
R37649,Region_37649
R37650,Region_37650
R37651,Region_37651
R37652,Region_37652
R37653,Region_37653
R37654,Region_37654
R37655,Region_37655
R37656,Region_37656
R37657,Region_37657
R37658,Region_37658
R37659,Region_37659
R37660,Region_37660
R37661,Region_37661
R37662,Region_37662
R37663,Region_37663
R37664,Region_37664
R37665,Region_37665
R37666,Region_37666
R37667,Region_37667
R37668,Region_37668
R37669,Region_37669
R37670,Region_37670
R37671,Region_37671
R37672,Region_37672
R37673,Region_37673
R37674,Region_37674
R37675,Region_37675
R37676,Region_37676
R37677,Region_37677
R37678,Region_37678
R37679,Region_37679
R37680,Region_37680
R37681,Region_37681
R37682,Region_37682
R37683,Region_37683
R37684,Region_37684
R37685,Region_37685
R37686,Region_37686
R37687,Region_37687
R37688,Region_37688
R37689,Region_37689
R37690,Region_37690
R37691,Region_37691
R37692,Region_37692
R37693,Region_37693
R37694,Region_37694
R37695,Region_37695
R37696,Region_37696
R37697,Region_37697
R37698,Region_37698
R37699,Region_37699
R37700,Region_37700
R37701,Region_37701
R37702,Region_37702
R37703,Region_37703
R37704,Region_37704
R37705,Region_37705
R37706,Region_37706
R37707,Region_37707
R37708,Region_37708
R37709,Region_37709
R37710,Region_37710
R37711,Region_37711
R37712,Region_37712
R37713,Region_37713
R37714,Region_37714
R37715,Region_37715
R37716,Region_37716
R37717,Region_37717
R37718,Region_37718
R37719,Region_37719
R37720,Region_37720
R37721,Region_37721
R37722,Region_37722
R37723,Region_37723
R37724,Region_37724
R37725,Region_37725
R37726,Region_37726
R37727,Region_37727
R37728,Region_37728
R37729,Region_37729
R37730,Region_37730
R37731,Region_37731
R37732,Region_37732
R37733,Region_37733
R37734,Region_37734
R37735,Region_37735
R37736,Region_37736
R37737,Region_37737
R37738,Region_37738
R37739,Region_37739
R37740,Region_37740
R37741,Region_37741
R37742,Region_37742
R37743,Region_37743
R37744,Region_37744
R37745,Region_37745
R37746,Region_37746
R37747,Region_37747
R37748,Region_37748
R37749,Region_37749
R37750,Region_37750
R37751,Region_37751
R37752,Region_37752
R37753,Region_37753
R37754,Region_37754
R37755,Region_37755
R37756,Region_37756
R37757,Region_37757
R37758,Region_37758
R37759,Region_37759
R37760,Region_37760
R37761,Region_37761
R37762,Region_37762
R37763,Region_37763
R37764,Region_37764
R37765,Region_37765
R37766,Region_37766
R37767,Region_37767
R37768,Region_37768
R37769,Region_37769
R37770,Region_37770
R37771,Region_37771
R37772,Region_37772
R37773,Region_37773
R37774,Region_37774
R37775,Region_37775
R37776,Region_37776
R37777,Region_37777
R37778,Region_37778
R37779,Region_37779
R37780,Region_37780
R37781,Region_37781
R37782,Region_37782
R37783,Region_37783
R37784,Region_37784
R37785,Region_37785
R37786,Region_37786
R37787,Region_37787
R37788,Region_37788
R37789,Region_37789
R37790,Region_37790
R37791,Region_37791
R37792,Region_37792
R37793,Region_37793
R37794,Region_37794
R37795,Region_37795
R37796,Region_37796
R37797,Region_37797
R37798,Region_37798
R37799,Region_37799
R37800,Region_37800
R37801,Region_37801
R37802,Region_37802
R37803,Region_37803
R37804,Region_37804
R37805,Region_37805
R37806,Region_37806
R37807,Region_37807
R37808,Region_37808
R37809,Region_37809
R37810,Region_37810
R37811,Region_37811
R37812,Region_37812
R37813,Region_37813
R37814,Region_37814
R37815,Region_37815
R37816,Region_37816
R37817,Region_37817
R37818,Region_37818
R37819,Region_37819
R37820,Region_37820
R37821,Region_37821
R37822,Region_37822
R37823,Region_37823
R37824,Region_37824
R37825,Region_37825
R37826,Region_37826
R37827,Region_37827
R37828,Region_37828
R37829,Region_37829
R37830,Region_37830
R37831,Region_37831
R37832,Region_37832
R37833,Region_37833
R37834,Region_37834
R37835,Region_37835
R37836,Region_37836
R37837,Region_37837
R37838,Region_37838
R37839,Region_37839
R37840,Region_37840
R37841,Region_37841
R37842,Region_37842
R37843,Region_37843
R37844,Region_37844
R37845,Region_37845
R37846,Region_37846
R37847,Region_37847
R37848,Region_37848
R37849,Region_37849
R37850,Region_37850
R37851,Region_37851
R37852,Region_37852
R37853,Region_37853
R37854,Region_37854
R37855,Region_37855
R37856,Region_37856
R37857,Region_37857
R37858,Region_37858
R37859,Region_37859
R37860,Region_37860
R37861,Region_37861
R37862,Region_37862
R37863,Region_37863
R37864,Region_37864
R37865,Region_37865
R37866,Region_37866
R37867,Region_37867
R37868,Region_37868
R37869,Region_37869
R37870,Region_37870
R37871,Region_37871
R37872,Region_37872
R37873,Region_37873
R37874,Region_37874
R37875,Region_37875
R37876,Region_37876
R37877,Region_37877
R37878,Region_37878
R37879,Region_37879
R37880,Region_37880
R37881,Region_37881
R37882,Region_37882
R37883,Region_37883
R37884,Region_37884
R37885,Region_37885
R37886,Region_37886
R37887,Region_37887
R37888,Region_37888
R37889,Region_37889
R37890,Region_37890
R37891,Region_37891
R37892,Region_37892
R37893,Region_37893
R37894,Region_37894
R37895,Region_37895
R37896,Region_37896
R37897,Region_37897
R37898,Region_37898
R37899,Region_37899
R37900,Region_37900
R37901,Region_37901
R37902,Region_37902
R37903,Region_37903
R37904,Region_37904
R37905,Region_37905
R37906,Region_37906
R37907,Region_37907
R37908,Region_37908
R37909,Region_37909
R37910,Region_37910
R37911,Region_37911
R37912,Region_37912
R37913,Region_37913
R37914,Region_37914
R37915,Region_37915
R37916,Region_37916
R37917,Region_37917
R37918,Region_37918
R37919,Region_37919
R37920,Region_37920
R37921,Region_37921
R37922,Region_37922
R37923,Region_37923
R37924,Region_37924
R37925,Region_37925
R37926,Region_37926
R37927,Region_37927
R37928,Region_37928
R37929,Region_37929
R37930,Region_37930
R37931,Region_37931
R37932,Region_37932
R37933,Region_37933
R37934,Region_37934
R37935,Region_37935
R37936,Region_37936
R37937,Region_37937
R37938,Region_37938
R37939,Region_37939
R37940,Region_37940
R37941,Region_37941
R37942,Region_37942
R37943,Region_37943
R37944,Region_37944
R37945,Region_37945
R37946,Region_37946
R37947,Region_37947
R37948,Region_37948
R37949,Region_37949
R37950,Region_37950
R37951,Region_37951
R37952,Region_37952
R37953,Region_37953
R37954,Region_37954
R37955,Region_37955
R37956,Region_37956
R37957,Region_37957
R37958,Region_37958
R37959,Region_37959
R37960,Region_37960
R37961,Region_37961
R37962,Region_37962
R37963,Region_37963
R37964,Region_37964
R37965,Region_37965
R37966,Region_37966
R37967,Region_37967
R37968,Region_37968
R37969,Region_37969
R37970,Region_37970
R37971,Region_37971
R37972,Region_37972
R37973,Region_37973
R37974,Region_37974
R37975,Region_37975
R37976,Region_37976
R37977,Region_37977
R37978,Region_37978
R37979,Region_37979
R37980,Region_37980
R37981,Region_37981
R37982,Region_37982
R37983,Region_37983
R37984,Region_37984
R37985,Region_37985
R37986,Region_37986
R37987,Region_37987
R37988,Region_37988
R37989,Region_37989
R37990,Region_37990
R37991,Region_37991
R37992,Region_37992
R37993,Region_37993
R37994,Region_37994
R37995,Region_37995
R37996,Region_37996
R37997,Region_37997
R37998,Region_37998
R37999,Region_37999
R38000,Region_38000
R38001,Region_38001
R38002,Region_38002
R38003,Region_38003
R38004,Region_38004
R38005,Region_38005
R38006,Region_38006
R38007,Region_38007
R38008,Region_38008
R38009,Region_38009
R38010,Region_38010
R38011,Region_38011
R38012,Region_38012
R38013,Region_38013
R38014,Region_38014
R38015,Region_38015
R38016,Region_38016
R38017,Region_38017
R38018,Region_38018
R38019,Region_38019
R38020,Region_38020
R38021,Region_38021
R38022,Region_38022
R38023,Region_38023
R38024,Region_38024
R38025,Region_38025
R38026,Region_38026
R38027,Region_38027
R38028,Region_38028
R38029,Region_38029
R38030,Region_38030
R38031,Region_38031
R38032,Region_38032
R38033,Region_38033
R38034,Region_38034
R38035,Region_38035
R38036,Region_38036
R38037,Region_38037
R38038,Region_38038
R38039,Region_38039
R38040,Region_38040
R38041,Region_38041
R38042,Region_38042
R38043,Region_38043
R38044,Region_38044
R38045,Region_38045
R38046,Region_38046
R38047,Region_38047
R38048,Region_38048
R38049,Region_38049
R38050,Region_38050
R38051,Region_38051
R38052,Region_38052
R38053,Region_38053
R38054,Region_38054
R38055,Region_38055
R38056,Region_38056
R38057,Region_38057
R38058,Region_38058
R38059,Region_38059
R38060,Region_38060
R38061,Region_38061
R38062,Region_38062
R38063,Region_38063
R38064,Region_38064
R38065,Region_38065
R38066,Region_38066
R38067,Region_38067
R38068,Region_38068
R38069,Region_38069
R38070,Region_38070
R38071,Region_38071
R38072,Region_38072
R38073,Region_38073
R38074,Region_38074
R38075,Region_38075
R38076,Region_38076
R38077,Region_38077
R38078,Region_38078
R38079,Region_38079
R38080,Region_38080
R38081,Region_38081
R38082,Region_38082
R38083,Region_38083
R38084,Region_38084
R38085,Region_38085
R38086,Region_38086
R38087,Region_38087
R38088,Region_38088
R38089,Region_38089
R38090,Region_38090
R38091,Region_38091
R38092,Region_38092
R38093,Region_38093
R38094,Region_38094
R38095,Region_38095
R38096,Region_38096
R38097,Region_38097
R38098,Region_38098
R38099,Region_38099
R38100,Region_38100
R38101,Region_38101
R38102,Region_38102
R38103,Region_38103
R38104,Region_38104
R38105,Region_38105
R38106,Region_38106
R38107,Region_38107
R38108,Region_38108
R38109,Region_38109
R38110,Region_38110
R38111,Region_38111
R38112,Region_38112
R38113,Region_38113
R38114,Region_38114
R38115,Region_38115
R38116,Region_38116
R38117,Region_38117
R38118,Region_38118
R38119,Region_38119
R38120,Region_38120
R38121,Region_38121
R38122,Region_38122
R38123,Region_38123
R38124,Region_38124
R38125,Region_38125
R38126,Region_38126
R38127,Region_38127
R38128,Region_38128
R38129,Region_38129
R38130,Region_38130
R38131,Region_38131
R38132,Region_38132
R38133,Region_38133
R38134,Region_38134
R38135,Region_38135
R38136,Region_38136
R38137,Region_38137
R38138,Region_38138
R38139,Region_38139
R38140,Region_38140
R38141,Region_38141
R38142,Region_38142
R38143,Region_38143
R38144,Region_38144
R38145,Region_38145
R38146,Region_38146
R38147,Region_38147
R38148,Region_38148
R38149,Region_38149
R38150,Region_38150
R38151,Region_38151
R38152,Region_38152
R38153,Region_38153
R38154,Region_38154
R38155,Region_38155
R38156,Region_38156
R38157,Region_38157
R38158,Region_38158
R38159,Region_38159
R38160,Region_38160
R38161,Region_38161
R38162,Region_38162
R38163,Region_38163
R38164,Region_38164
R38165,Region_38165
R38166,Region_38166
R38167,Region_38167
R38168,Region_38168
R38169,Region_38169
R38170,Region_38170
R38171,Region_38171
R38172,Region_38172
R38173,Region_38173
R38174,Region_38174
R38175,Region_38175
R38176,Region_38176
R38177,Region_38177
R38178,Region_38178
R38179,Region_38179
R38180,Region_38180
R38181,Region_38181
R38182,Region_38182
R38183,Region_38183
R38184,Region_38184
R38185,Region_38185
R38186,Region_38186
R38187,Region_38187
R38188,Region_38188
R38189,Region_38189
R38190,Region_38190
R38191,Region_38191
R38192,Region_38192
R38193,Region_38193
R38194,Region_38194
R38195,Region_38195
R38196,Region_38196
R38197,Region_38197
R38198,Region_38198
R38199,Region_38199
R38200,Region_38200
R38201,Region_38201
R38202,Region_38202
R38203,Region_38203
R38204,Region_38204
R38205,Region_38205
R38206,Region_38206
R38207,Region_38207
R38208,Region_38208
R38209,Region_38209
R38210,Region_38210
R38211,Region_38211
R38212,Region_38212
R38213,Region_38213
R38214,Region_38214
R38215,Region_38215
R38216,Region_38216
R38217,Region_38217
R38218,Region_38218
R38219,Region_38219
R38220,Region_38220
R38221,Region_38221
R38222,Region_38222
R38223,Region_38223
R38224,Region_38224
R38225,Region_38225
R38226,Region_38226
R38227,Region_38227
R38228,Region_38228
R38229,Region_38229
R38230,Region_38230
R38231,Region_38231
R38232,Region_38232
R38233,Region_38233
R38234,Region_38234
R38235,Region_38235
R38236,Region_38236
R38237,Region_38237
R38238,Region_38238
R38239,Region_38239
R38240,Region_38240
R38241,Region_38241
R38242,Region_38242
R38243,Region_38243
R38244,Region_38244
R38245,Region_38245
R38246,Region_38246
R38247,Region_38247
R38248,Region_38248
R38249,Region_38249
R38250,Region_38250
R38251,Region_38251
R38252,Region_38252
R38253,Region_38253
R38254,Region_38254
R38255,Region_38255
R38256,Region_38256
R38257,Region_38257
R38258,Region_38258
R38259,Region_38259
R38260,Region_38260
R38261,Region_38261
R38262,Region_38262
R38263,Region_38263
R38264,Region_38264
R38265,Region_38265
R38266,Region_38266
R38267,Region_38267
R38268,Region_38268
R38269,Region_38269
R38270,Region_38270
R38271,Region_38271
R38272,Region_38272
R38273,Region_38273
R38274,Region_38274
R38275,Region_38275
R38276,Region_38276
R38277,Region_38277
R38278,Region_38278
R38279,Region_38279
R38280,Region_38280
R38281,Region_38281
R38282,Region_38282
R38283,Region_38283
R38284,Region_38284
R38285,Region_38285
R38286,Region_38286
R38287,Region_38287
R38288,Region_38288
R38289,Region_38289
R38290,Region_38290
R38291,Region_38291
R38292,Region_38292
R38293,Region_38293
R38294,Region_38294
R38295,Region_38295
R38296,Region_38296
R38297,Region_38297
R38298,Region_38298
R38299,Region_38299
R38300,Region_38300
R38301,Region_38301
R38302,Region_38302
R38303,Region_38303
R38304,Region_38304
R38305,Region_38305
R38306,Region_38306
R38307,Region_38307
R38308,Region_38308
R38309,Region_38309
R38310,Region_38310
R38311,Region_38311
R38312,Region_38312
R38313,Region_38313
R38314,Region_38314
R38315,Region_38315
R38316,Region_38316
R38317,Region_38317
R38318,Region_38318
R38319,Region_38319
R38320,Region_38320
R38321,Region_38321
R38322,Region_38322
R38323,Region_38323
R38324,Region_38324
R38325,Region_38325
R38326,Region_38326
R38327,Region_38327
R38328,Region_38328
R38329,Region_38329
R38330,Region_38330
R38331,Region_38331
R38332,Region_38332
R38333,Region_38333
R38334,Region_38334
R38335,Region_38335
R38336,Region_38336
R38337,Region_38337
R38338,Region_38338
R38339,Region_38339
R38340,Region_38340
R38341,Region_38341
R38342,Region_38342
R38343,Region_38343
R38344,Region_38344
R38345,Region_38345
R38346,Region_38346
R38347,Region_38347
R38348,Region_38348
R38349,Region_38349
R38350,Region_38350
R38351,Region_38351
R38352,Region_38352
R38353,Region_38353
R38354,Region_38354
R38355,Region_38355
R38356,Region_38356
R38357,Region_38357
R38358,Region_38358
R38359,Region_38359
R38360,Region_38360
R38361,Region_38361
R38362,Region_38362
R38363,Region_38363
R38364,Region_38364
R38365,Region_38365
R38366,Region_38366
R38367,Region_38367
R38368,Region_38368
R38369,Region_38369
R38370,Region_38370
R38371,Region_38371
R38372,Region_38372
R38373,Region_38373
R38374,Region_38374
R38375,Region_38375
R38376,Region_38376
R38377,Region_38377
R38378,Region_38378
R38379,Region_38379
R38380,Region_38380
R38381,Region_38381
R38382,Region_38382
R38383,Region_38383
R38384,Region_38384
R38385,Region_38385
R38386,Region_38386
R38387,Region_38387
R38388,Region_38388
R38389,Region_38389
R38390,Region_38390
R38391,Region_38391
R38392,Region_38392
R38393,Region_38393
R38394,Region_38394
R38395,Region_38395
R38396,Region_38396
R38397,Region_38397
R38398,Region_38398
R38399,Region_38399
R38400,Region_38400
R38401,Region_38401
R38402,Region_38402
R38403,Region_38403
R38404,Region_38404
R38405,Region_38405
R38406,Region_38406
R38407,Region_38407
R38408,Region_38408
R38409,Region_38409
R38410,Region_38410
R38411,Region_38411
R38412,Region_38412
R38413,Region_38413
R38414,Region_38414
R38415,Region_38415
R38416,Region_38416
R38417,Region_38417
R38418,Region_38418
R38419,Region_38419
R38420,Region_38420
R38421,Region_38421
R38422,Region_38422
R38423,Region_38423
R38424,Region_38424
R38425,Region_38425
R38426,Region_38426
R38427,Region_38427
R38428,Region_38428
R38429,Region_38429
R38430,Region_38430
R38431,Region_38431
R38432,Region_38432
R38433,Region_38433
R38434,Region_38434
R38435,Region_38435
R38436,Region_38436
R38437,Region_38437
R38438,Region_38438
R38439,Region_38439
R38440,Region_38440
R38441,Region_38441
R38442,Region_38442
R38443,Region_38443
R38444,Region_38444
R38445,Region_38445
R38446,Region_38446
R38447,Region_38447
R38448,Region_38448
R38449,Region_38449
R38450,Region_38450
R38451,Region_38451
R38452,Region_38452
R38453,Region_38453
R38454,Region_38454
R38455,Region_38455
R38456,Region_38456
R38457,Region_38457
R38458,Region_38458
R38459,Region_38459
R38460,Region_38460
R38461,Region_38461
R38462,Region_38462
R38463,Region_38463
R38464,Region_38464
R38465,Region_38465
R38466,Region_38466
R38467,Region_38467
R38468,Region_38468
R38469,Region_38469
R38470,Region_38470
R38471,Region_38471
R38472,Region_38472
R38473,Region_38473
R38474,Region_38474
R38475,Region_38475
R38476,Region_38476
R38477,Region_38477
R38478,Region_38478
R38479,Region_38479
R38480,Region_38480
R38481,Region_38481
R38482,Region_38482
R38483,Region_38483
R38484,Region_38484
R38485,Region_38485
R38486,Region_38486
R38487,Region_38487
R38488,Region_38488
R38489,Region_38489
R38490,Region_38490
R38491,Region_38491
R38492,Region_38492
R38493,Region_38493
R38494,Region_38494
R38495,Region_38495
R38496,Region_38496
R38497,Region_38497
R38498,Region_38498
R38499,Region_38499
R38500,Region_38500
R38501,Region_38501
R38502,Region_38502
R38503,Region_38503
R38504,Region_38504
R38505,Region_38505
R38506,Region_38506
R38507,Region_38507
R38508,Region_38508
R38509,Region_38509
R38510,Region_38510
R38511,Region_38511
R38512,Region_38512
R38513,Region_38513
R38514,Region_38514
R38515,Region_38515
R38516,Region_38516
R38517,Region_38517
R38518,Region_38518
R38519,Region_38519
R38520,Region_38520
R38521,Region_38521
R38522,Region_38522
R38523,Region_38523
R38524,Region_38524
R38525,Region_38525
R38526,Region_38526
R38527,Region_38527
R38528,Region_38528
R38529,Region_38529
R38530,Region_38530
R38531,Region_38531
R38532,Region_38532
R38533,Region_38533
R38534,Region_38534
R38535,Region_38535
R38536,Region_38536
R38537,Region_38537
R38538,Region_38538
R38539,Region_38539
R38540,Region_38540
R38541,Region_38541
R38542,Region_38542
R38543,Region_38543
R38544,Region_38544
R38545,Region_38545
R38546,Region_38546
R38547,Region_38547
R38548,Region_38548
R38549,Region_38549
R38550,Region_38550
R38551,Region_38551
R38552,Region_38552
R38553,Region_38553
R38554,Region_38554
R38555,Region_38555
R38556,Region_38556
R38557,Region_38557
R38558,Region_38558
R38559,Region_38559
R38560,Region_38560
R38561,Region_38561
R38562,Region_38562
R38563,Region_38563
R38564,Region_38564
R38565,Region_38565
R38566,Region_38566
R38567,Region_38567
R38568,Region_38568
R38569,Region_38569
R38570,Region_38570
R38571,Region_38571
R38572,Region_38572
R38573,Region_38573
R38574,Region_38574
R38575,Region_38575
R38576,Region_38576
R38577,Region_38577
R38578,Region_38578
R38579,Region_38579
R38580,Region_38580
R38581,Region_38581
R38582,Region_38582
R38583,Region_38583
R38584,Region_38584
R38585,Region_38585
R38586,Region_38586
R38587,Region_38587
R38588,Region_38588
R38589,Region_38589
R38590,Region_38590
R38591,Region_38591
R38592,Region_38592
R38593,Region_38593
R38594,Region_38594
R38595,Region_38595
R38596,Region_38596
R38597,Region_38597
R38598,Region_38598
R38599,Region_38599
R38600,Region_38600
R38601,Region_38601
R38602,Region_38602
R38603,Region_38603
R38604,Region_38604
R38605,Region_38605
R38606,Region_38606
R38607,Region_38607
R38608,Region_38608
R38609,Region_38609
R38610,Region_38610
R38611,Region_38611
R38612,Region_38612
R38613,Region_38613
R38614,Region_38614
R38615,Region_38615
R38616,Region_38616
R38617,Region_38617
R38618,Region_38618
R38619,Region_38619
R38620,Region_38620
R38621,Region_38621
R38622,Region_38622
R38623,Region_38623
R38624,Region_38624
R38625,Region_38625
R38626,Region_38626
R38627,Region_38627
R38628,Region_38628
R38629,Region_38629
R38630,Region_38630
R38631,Region_38631
R38632,Region_38632
R38633,Region_38633
R38634,Region_38634
R38635,Region_38635
R38636,Region_38636
R38637,Region_38637
R38638,Region_38638
R38639,Region_38639
R38640,Region_38640
R38641,Region_38641
R38642,Region_38642
R38643,Region_38643
R38644,Region_38644
R38645,Region_38645
R38646,Region_38646
R38647,Region_38647
R38648,Region_38648
R38649,Region_38649
R38650,Region_38650
R38651,Region_38651
R38652,Region_38652
R38653,Region_38653
R38654,Region_38654
R38655,Region_38655
R38656,Region_38656
R38657,Region_38657
R38658,Region_38658
R38659,Region_38659
R38660,Region_38660
R38661,Region_38661
R38662,Region_38662
R38663,Region_38663
R38664,Region_38664
R38665,Region_38665
R38666,Region_38666
R38667,Region_38667
R38668,Region_38668
R38669,Region_38669
R38670,Region_38670
R38671,Region_38671
R38672,Region_38672
R38673,Region_38673
R38674,Region_38674
R38675,Region_38675
R38676,Region_38676
R38677,Region_38677
R38678,Region_38678
R38679,Region_38679
R38680,Region_38680
R38681,Region_38681
R38682,Region_38682
R38683,Region_38683
R38684,Region_38684
R38685,Region_38685
R38686,Region_38686
R38687,Region_38687
R38688,Region_38688
R38689,Region_38689
R38690,Region_38690
R38691,Region_38691
R38692,Region_38692
R38693,Region_38693
R38694,Region_38694
R38695,Region_38695
R38696,Region_38696
R38697,Region_38697
R38698,Region_38698
R38699,Region_38699
R38700,Region_38700
R38701,Region_38701
R38702,Region_38702
R38703,Region_38703
R38704,Region_38704
R38705,Region_38705
R38706,Region_38706
R38707,Region_38707
R38708,Region_38708
R38709,Region_38709
R38710,Region_38710
R38711,Region_38711
R38712,Region_38712
R38713,Region_38713
R38714,Region_38714
R38715,Region_38715
R38716,Region_38716
R38717,Region_38717
R38718,Region_38718
R38719,Region_38719
R38720,Region_38720
R38721,Region_38721
R38722,Region_38722
R38723,Region_38723
R38724,Region_38724
R38725,Region_38725
R38726,Region_38726
R38727,Region_38727
R38728,Region_38728
R38729,Region_38729
R38730,Region_38730
R38731,Region_38731
R38732,Region_38732
R38733,Region_38733
R38734,Region_38734
R38735,Region_38735
R38736,Region_38736
R38737,Region_38737
R38738,Region_38738
R38739,Region_38739
R38740,Region_38740
R38741,Region_38741
R38742,Region_38742
R38743,Region_38743
R38744,Region_38744
R38745,Region_38745
R38746,Region_38746
R38747,Region_38747
R38748,Region_38748
R38749,Region_38749
R38750,Region_38750
R38751,Region_38751
R38752,Region_38752
R38753,Region_38753
R38754,Region_38754
R38755,Region_38755
R38756,Region_38756
R38757,Region_38757
R38758,Region_38758
R38759,Region_38759
R38760,Region_38760
R38761,Region_38761
R38762,Region_38762
R38763,Region_38763
R38764,Region_38764
R38765,Region_38765
R38766,Region_38766
R38767,Region_38767
R38768,Region_38768
R38769,Region_38769
R38770,Region_38770
R38771,Region_38771
R38772,Region_38772
R38773,Region_38773
R38774,Region_38774
R38775,Region_38775
R38776,Region_38776
R38777,Region_38777
R38778,Region_38778
R38779,Region_38779
R38780,Region_38780
R38781,Region_38781
R38782,Region_38782
R38783,Region_38783
R38784,Region_38784
R38785,Region_38785
R38786,Region_38786
R38787,Region_38787
R38788,Region_38788
R38789,Region_38789
R38790,Region_38790
R38791,Region_38791
R38792,Region_38792
R38793,Region_38793
R38794,Region_38794
R38795,Region_38795
R38796,Region_38796
R38797,Region_38797
R38798,Region_38798
R38799,Region_38799
R38800,Region_38800
R38801,Region_38801
R38802,Region_38802
R38803,Region_38803
R38804,Region_38804
R38805,Region_38805
R38806,Region_38806
R38807,Region_38807
R38808,Region_38808
R38809,Region_38809
R38810,Region_38810
R38811,Region_38811
R38812,Region_38812
R38813,Region_38813
R38814,Region_38814
R38815,Region_38815
R38816,Region_38816
R38817,Region_38817
R38818,Region_38818
R38819,Region_38819
R38820,Region_38820
R38821,Region_38821
R38822,Region_38822
R38823,Region_38823
R38824,Region_38824
R38825,Region_38825
R38826,Region_38826
R38827,Region_38827
R38828,Region_38828
R38829,Region_38829
R38830,Region_38830
R38831,Region_38831
R38832,Region_38832
R38833,Region_38833
R38834,Region_38834
R38835,Region_38835
R38836,Region_38836
R38837,Region_38837
R38838,Region_38838
R38839,Region_38839
R38840,Region_38840
R38841,Region_38841
R38842,Region_38842
R38843,Region_38843
R38844,Region_38844
R38845,Region_38845
R38846,Region_38846
R38847,Region_38847
R38848,Region_38848
R38849,Region_38849
R38850,Region_38850
R38851,Region_38851
R38852,Region_38852
R38853,Region_38853
R38854,Region_38854
R38855,Region_38855
R38856,Region_38856
R38857,Region_38857
R38858,Region_38858
R38859,Region_38859
R38860,Region_38860
R38861,Region_38861
R38862,Region_38862
R38863,Region_38863
R38864,Region_38864
R38865,Region_38865
R38866,Region_38866
R38867,Region_38867
R38868,Region_38868
R38869,Region_38869
R38870,Region_38870
R38871,Region_38871
R38872,Region_38872
R38873,Region_38873
R38874,Region_38874
R38875,Region_38875
R38876,Region_38876
R38877,Region_38877
R38878,Region_38878
R38879,Region_38879
R38880,Region_38880
R38881,Region_38881
R38882,Region_38882
R38883,Region_38883
R38884,Region_38884
R38885,Region_38885
R38886,Region_38886
R38887,Region_38887
R38888,Region_38888
R38889,Region_38889
R38890,Region_38890
R38891,Region_38891
R38892,Region_38892
R38893,Region_38893
R38894,Region_38894
R38895,Region_38895
R38896,Region_38896
R38897,Region_38897
R38898,Region_38898
R38899,Region_38899
R38900,Region_38900
R38901,Region_38901
R38902,Region_38902
R38903,Region_38903
R38904,Region_38904
R38905,Region_38905
R38906,Region_38906
R38907,Region_38907
R38908,Region_38908
R38909,Region_38909
R38910,Region_38910
R38911,Region_38911
R38912,Region_38912
R38913,Region_38913
R38914,Region_38914
R38915,Region_38915
R38916,Region_38916
R38917,Region_38917
R38918,Region_38918
R38919,Region_38919
R38920,Region_38920
R38921,Region_38921
R38922,Region_38922
R38923,Region_38923
R38924,Region_38924
R38925,Region_38925
R38926,Region_38926
R38927,Region_38927
R38928,Region_38928
R38929,Region_38929
R38930,Region_38930
R38931,Region_38931
R38932,Region_38932
R38933,Region_38933
R38934,Region_38934
R38935,Region_38935
R38936,Region_38936
R38937,Region_38937
R38938,Region_38938
R38939,Region_38939
R38940,Region_38940
R38941,Region_38941
R38942,Region_38942
R38943,Region_38943
R38944,Region_38944
R38945,Region_38945
R38946,Region_38946
R38947,Region_38947
R38948,Region_38948
R38949,Region_38949
R38950,Region_38950
R38951,Region_38951
R38952,Region_38952
R38953,Region_38953
R38954,Region_38954
R38955,Region_38955
R38956,Region_38956
R38957,Region_38957
R38958,Region_38958
R38959,Region_38959
R38960,Region_38960
R38961,Region_38961
R38962,Region_38962
R38963,Region_38963
R38964,Region_38964
R38965,Region_38965
R38966,Region_38966
R38967,Region_38967
R38968,Region_38968
R38969,Region_38969
R38970,Region_38970
R38971,Region_38971
R38972,Region_38972
R38973,Region_38973
R38974,Region_38974
R38975,Region_38975
R38976,Region_38976
R38977,Region_38977
R38978,Region_38978
R38979,Region_38979
R38980,Region_38980
R38981,Region_38981
R38982,Region_38982
R38983,Region_38983
R38984,Region_38984
R38985,Region_38985
R38986,Region_38986
R38987,Region_38987
R38988,Region_38988
R38989,Region_38989
R38990,Region_38990
R38991,Region_38991
R38992,Region_38992
R38993,Region_38993
R38994,Region_38994
R38995,Region_38995
R38996,Region_38996
R38997,Region_38997
R38998,Region_38998
R38999,Region_38999
R39000,Region_39000
R39001,Region_39001
R39002,Region_39002
R39003,Region_39003
R39004,Region_39004
R39005,Region_39005
R39006,Region_39006
R39007,Region_39007
R39008,Region_39008
R39009,Region_39009
R39010,Region_39010
R39011,Region_39011
R39012,Region_39012
R39013,Region_39013
R39014,Region_39014
R39015,Region_39015
R39016,Region_39016
R39017,Region_39017
R39018,Region_39018
R39019,Region_39019
R39020,Region_39020
R39021,Region_39021
R39022,Region_39022
R39023,Region_39023
R39024,Region_39024
R39025,Region_39025
R39026,Region_39026
R39027,Region_39027
R39028,Region_39028
R39029,Region_39029
R39030,Region_39030
R39031,Region_39031
R39032,Region_39032
R39033,Region_39033
R39034,Region_39034
R39035,Region_39035
R39036,Region_39036
R39037,Region_39037
R39038,Region_39038
R39039,Region_39039
R39040,Region_39040
R39041,Region_39041
R39042,Region_39042
R39043,Region_39043
R39044,Region_39044
R39045,Region_39045
R39046,Region_39046
R39047,Region_39047
R39048,Region_39048
R39049,Region_39049
R39050,Region_39050
R39051,Region_39051
R39052,Region_39052
R39053,Region_39053
R39054,Region_39054
R39055,Region_39055
R39056,Region_39056
R39057,Region_39057
R39058,Region_39058
R39059,Region_39059
R39060,Region_39060
R39061,Region_39061
R39062,Region_39062
R39063,Region_39063
R39064,Region_39064
R39065,Region_39065
R39066,Region_39066
R39067,Region_39067
R39068,Region_39068
R39069,Region_39069
R39070,Region_39070
R39071,Region_39071
R39072,Region_39072
R39073,Region_39073
R39074,Region_39074
R39075,Region_39075
R39076,Region_39076
R39077,Region_39077
R39078,Region_39078
R39079,Region_39079
R39080,Region_39080
R39081,Region_39081
R39082,Region_39082
R39083,Region_39083
R39084,Region_39084
R39085,Region_39085
R39086,Region_39086
R39087,Region_39087
R39088,Region_39088
R39089,Region_39089
R39090,Region_39090
R39091,Region_39091
R39092,Region_39092
R39093,Region_39093
R39094,Region_39094
R39095,Region_39095
R39096,Region_39096
R39097,Region_39097
R39098,Region_39098
R39099,Region_39099
R39100,Region_39100
R39101,Region_39101
R39102,Region_39102
R39103,Region_39103
R39104,Region_39104
R39105,Region_39105
R39106,Region_39106
R39107,Region_39107
R39108,Region_39108
R39109,Region_39109
R39110,Region_39110
R39111,Region_39111
R39112,Region_39112
R39113,Region_39113
R39114,Region_39114
R39115,Region_39115
R39116,Region_39116
R39117,Region_39117
R39118,Region_39118
R39119,Region_39119
R39120,Region_39120
R39121,Region_39121
R39122,Region_39122
R39123,Region_39123
R39124,Region_39124
R39125,Region_39125
R39126,Region_39126
R39127,Region_39127
R39128,Region_39128
R39129,Region_39129
R39130,Region_39130
R39131,Region_39131
R39132,Region_39132
R39133,Region_39133
R39134,Region_39134
R39135,Region_39135
R39136,Region_39136
R39137,Region_39137
R39138,Region_39138
R39139,Region_39139
R39140,Region_39140
R39141,Region_39141
R39142,Region_39142
R39143,Region_39143
R39144,Region_39144
R39145,Region_39145
R39146,Region_39146
R39147,Region_39147
R39148,Region_39148
R39149,Region_39149
R39150,Region_39150
R39151,Region_39151
R39152,Region_39152
R39153,Region_39153
R39154,Region_39154
R39155,Region_39155
R39156,Region_39156
R39157,Region_39157
R39158,Region_39158
R39159,Region_39159
R39160,Region_39160
R39161,Region_39161
R39162,Region_39162
R39163,Region_39163
R39164,Region_39164
R39165,Region_39165
R39166,Region_39166
R39167,Region_39167
R39168,Region_39168
R39169,Region_39169
R39170,Region_39170
R39171,Region_39171
R39172,Region_39172
R39173,Region_39173
R39174,Region_39174
R39175,Region_39175
R39176,Region_39176
R39177,Region_39177
R39178,Region_39178
R39179,Region_39179
R39180,Region_39180
R39181,Region_39181
R39182,Region_39182
R39183,Region_39183
R39184,Region_39184
R39185,Region_39185
R39186,Region_39186
R39187,Region_39187
R39188,Region_39188
R39189,Region_39189
R39190,Region_39190
R39191,Region_39191
R39192,Region_39192
R39193,Region_39193
R39194,Region_39194
R39195,Region_39195
R39196,Region_39196
R39197,Region_39197
R39198,Region_39198
R39199,Region_39199
R39200,Region_39200
R39201,Region_39201
R39202,Region_39202
R39203,Region_39203
R39204,Region_39204
R39205,Region_39205
R39206,Region_39206
R39207,Region_39207
R39208,Region_39208
R39209,Region_39209
R39210,Region_39210
R39211,Region_39211
R39212,Region_39212
R39213,Region_39213
R39214,Region_39214
R39215,Region_39215
R39216,Region_39216
R39217,Region_39217
R39218,Region_39218
R39219,Region_39219
R39220,Region_39220
R39221,Region_39221
R39222,Region_39222
R39223,Region_39223
R39224,Region_39224
R39225,Region_39225
R39226,Region_39226
R39227,Region_39227
R39228,Region_39228
R39229,Region_39229
R39230,Region_39230
R39231,Region_39231
R39232,Region_39232
R39233,Region_39233
R39234,Region_39234
R39235,Region_39235
R39236,Region_39236
R39237,Region_39237
R39238,Region_39238
R39239,Region_39239
R39240,Region_39240
R39241,Region_39241
R39242,Region_39242
R39243,Region_39243
R39244,Region_39244
R39245,Region_39245
R39246,Region_39246
R39247,Region_39247
R39248,Region_39248
R39249,Region_39249
R39250,Region_39250
R39251,Region_39251
R39252,Region_39252
R39253,Region_39253
R39254,Region_39254
R39255,Region_39255
R39256,Region_39256
R39257,Region_39257
R39258,Region_39258
R39259,Region_39259
R39260,Region_39260
R39261,Region_39261
R39262,Region_39262
R39263,Region_39263
R39264,Region_39264
R39265,Region_39265
R39266,Region_39266
R39267,Region_39267
R39268,Region_39268
R39269,Region_39269
R39270,Region_39270
R39271,Region_39271
R39272,Region_39272
R39273,Region_39273
R39274,Region_39274
R39275,Region_39275
R39276,Region_39276
R39277,Region_39277
R39278,Region_39278
R39279,Region_39279
R39280,Region_39280
R39281,Region_39281
R39282,Region_39282
R39283,Region_39283
R39284,Region_39284
R39285,Region_39285
R39286,Region_39286
R39287,Region_39287
R39288,Region_39288
R39289,Region_39289
R39290,Region_39290
R39291,Region_39291
R39292,Region_39292
R39293,Region_39293
R39294,Region_39294
R39295,Region_39295
R39296,Region_39296
R39297,Region_39297
R39298,Region_39298
R39299,Region_39299
R39300,Region_39300
R39301,Region_39301
R39302,Region_39302
R39303,Region_39303
R39304,Region_39304
R39305,Region_39305
R39306,Region_39306
R39307,Region_39307
R39308,Region_39308
R39309,Region_39309
R39310,Region_39310
R39311,Region_39311
R39312,Region_39312
R39313,Region_39313
R39314,Region_39314
R39315,Region_39315
R39316,Region_39316
R39317,Region_39317
R39318,Region_39318
R39319,Region_39319
R39320,Region_39320
R39321,Region_39321
R39322,Region_39322
R39323,Region_39323
R39324,Region_39324
R39325,Region_39325
R39326,Region_39326
R39327,Region_39327
R39328,Region_39328
R39329,Region_39329
R39330,Region_39330
R39331,Region_39331
R39332,Region_39332
R39333,Region_39333
R39334,Region_39334
R39335,Region_39335
R39336,Region_39336
R39337,Region_39337
R39338,Region_39338
R39339,Region_39339
R39340,Region_39340
R39341,Region_39341
R39342,Region_39342
R39343,Region_39343
R39344,Region_39344
R39345,Region_39345
R39346,Region_39346
R39347,Region_39347
R39348,Region_39348
R39349,Region_39349
R39350,Region_39350
R39351,Region_39351
R39352,Region_39352
R39353,Region_39353
R39354,Region_39354
R39355,Region_39355
R39356,Region_39356
R39357,Region_39357
R39358,Region_39358
R39359,Region_39359
R39360,Region_39360
R39361,Region_39361
R39362,Region_39362
R39363,Region_39363
R39364,Region_39364
R39365,Region_39365
R39366,Region_39366
R39367,Region_39367
R39368,Region_39368
R39369,Region_39369
R39370,Region_39370
R39371,Region_39371
R39372,Region_39372
R39373,Region_39373
R39374,Region_39374
R39375,Region_39375
R39376,Region_39376
R39377,Region_39377
R39378,Region_39378
R39379,Region_39379
R39380,Region_39380
R39381,Region_39381
R39382,Region_39382
R39383,Region_39383
R39384,Region_39384
R39385,Region_39385
R39386,Region_39386
R39387,Region_39387
R39388,Region_39388
R39389,Region_39389
R39390,Region_39390
R39391,Region_39391
R39392,Region_39392
R39393,Region_39393
R39394,Region_39394
R39395,Region_39395
R39396,Region_39396
R39397,Region_39397
R39398,Region_39398
R39399,Region_39399
R39400,Region_39400
R39401,Region_39401
R39402,Region_39402
R39403,Region_39403
R39404,Region_39404
R39405,Region_39405
R39406,Region_39406
R39407,Region_39407
R39408,Region_39408
R39409,Region_39409
R39410,Region_39410
R39411,Region_39411
R39412,Region_39412
R39413,Region_39413
R39414,Region_39414
R39415,Region_39415
R39416,Region_39416
R39417,Region_39417
R39418,Region_39418
R39419,Region_39419
R39420,Region_39420
R39421,Region_39421
R39422,Region_39422
R39423,Region_39423
R39424,Region_39424
R39425,Region_39425
R39426,Region_39426
R39427,Region_39427
R39428,Region_39428
R39429,Region_39429
R39430,Region_39430
R39431,Region_39431
R39432,Region_39432
R39433,Region_39433
R39434,Region_39434
R39435,Region_39435
R39436,Region_39436
R39437,Region_39437
R39438,Region_39438
R39439,Region_39439
R39440,Region_39440
R39441,Region_39441
R39442,Region_39442
R39443,Region_39443
R39444,Region_39444
R39445,Region_39445
R39446,Region_39446
R39447,Region_39447
R39448,Region_39448
R39449,Region_39449
R39450,Region_39450
R39451,Region_39451
R39452,Region_39452
R39453,Region_39453
R39454,Region_39454
R39455,Region_39455
R39456,Region_39456
R39457,Region_39457
R39458,Region_39458
R39459,Region_39459
R39460,Region_39460
R39461,Region_39461
R39462,Region_39462
R39463,Region_39463
R39464,Region_39464
R39465,Region_39465
R39466,Region_39466
R39467,Region_39467
R39468,Region_39468
R39469,Region_39469
R39470,Region_39470
R39471,Region_39471
R39472,Region_39472
R39473,Region_39473
R39474,Region_39474
R39475,Region_39475
R39476,Region_39476
R39477,Region_39477
R39478,Region_39478
R39479,Region_39479
R39480,Region_39480
R39481,Region_39481
R39482,Region_39482
R39483,Region_39483
R39484,Region_39484
R39485,Region_39485
R39486,Region_39486
R39487,Region_39487
R39488,Region_39488
R39489,Region_39489
R39490,Region_39490
R39491,Region_39491
R39492,Region_39492
R39493,Region_39493
R39494,Region_39494
R39495,Region_39495
R39496,Region_39496
R39497,Region_39497
R39498,Region_39498
R39499,Region_39499
R39500,Region_39500
R39501,Region_39501
R39502,Region_39502
R39503,Region_39503
R39504,Region_39504
R39505,Region_39505
R39506,Region_39506
R39507,Region_39507
R39508,Region_39508
R39509,Region_39509
R39510,Region_39510
R39511,Region_39511
R39512,Region_39512
R39513,Region_39513
R39514,Region_39514
R39515,Region_39515
R39516,Region_39516
R39517,Region_39517
R39518,Region_39518
R39519,Region_39519
R39520,Region_39520
R39521,Region_39521
R39522,Region_39522
R39523,Region_39523
R39524,Region_39524
R39525,Region_39525
R39526,Region_39526
R39527,Region_39527
R39528,Region_39528
R39529,Region_39529
R39530,Region_39530
R39531,Region_39531
R39532,Region_39532
R39533,Region_39533
R39534,Region_39534
R39535,Region_39535
R39536,Region_39536
R39537,Region_39537
R39538,Region_39538
R39539,Region_39539
R39540,Region_39540
R39541,Region_39541
R39542,Region_39542
R39543,Region_39543
R39544,Region_39544
R39545,Region_39545
R39546,Region_39546
R39547,Region_39547
R39548,Region_39548
R39549,Region_39549
R39550,Region_39550
R39551,Region_39551
R39552,Region_39552
R39553,Region_39553
R39554,Region_39554
R39555,Region_39555
R39556,Region_39556
R39557,Region_39557
R39558,Region_39558
R39559,Region_39559
R39560,Region_39560
R39561,Region_39561
R39562,Region_39562
R39563,Region_39563
R39564,Region_39564
R39565,Region_39565
R39566,Region_39566
R39567,Region_39567
R39568,Region_39568
R39569,Region_39569
R39570,Region_39570
R39571,Region_39571
R39572,Region_39572
R39573,Region_39573
R39574,Region_39574
R39575,Region_39575
R39576,Region_39576
R39577,Region_39577
R39578,Region_39578
R39579,Region_39579
R39580,Region_39580
R39581,Region_39581
R39582,Region_39582
R39583,Region_39583
R39584,Region_39584
R39585,Region_39585
R39586,Region_39586
R39587,Region_39587
R39588,Region_39588
R39589,Region_39589
R39590,Region_39590
R39591,Region_39591
R39592,Region_39592
R39593,Region_39593
R39594,Region_39594
R39595,Region_39595
R39596,Region_39596
R39597,Region_39597
R39598,Region_39598
R39599,Region_39599
R39600,Region_39600
R39601,Region_39601
R39602,Region_39602
R39603,Region_39603
R39604,Region_39604
R39605,Region_39605
R39606,Region_39606
R39607,Region_39607
R39608,Region_39608
R39609,Region_39609
R39610,Region_39610
R39611,Region_39611
R39612,Region_39612
R39613,Region_39613
R39614,Region_39614
R39615,Region_39615
R39616,Region_39616
R39617,Region_39617
R39618,Region_39618
R39619,Region_39619
R39620,Region_39620
R39621,Region_39621
R39622,Region_39622
R39623,Region_39623
R39624,Region_39624
R39625,Region_39625
R39626,Region_39626
R39627,Region_39627
R39628,Region_39628
R39629,Region_39629
R39630,Region_39630
R39631,Region_39631
R39632,Region_39632
R39633,Region_39633
R39634,Region_39634
R39635,Region_39635
R39636,Region_39636
R39637,Region_39637
R39638,Region_39638
R39639,Region_39639
R39640,Region_39640
R39641,Region_39641
R39642,Region_39642
R39643,Region_39643
R39644,Region_39644
R39645,Region_39645
R39646,Region_39646
R39647,Region_39647
R39648,Region_39648
R39649,Region_39649
R39650,Region_39650
R39651,Region_39651
R39652,Region_39652
R39653,Region_39653
R39654,Region_39654
R39655,Region_39655
R39656,Region_39656
R39657,Region_39657
R39658,Region_39658
R39659,Region_39659
R39660,Region_39660
R39661,Region_39661
R39662,Region_39662
R39663,Region_39663
R39664,Region_39664
R39665,Region_39665
R39666,Region_39666
R39667,Region_39667
R39668,Region_39668
R39669,Region_39669
R39670,Region_39670
R39671,Region_39671
R39672,Region_39672
R39673,Region_39673
R39674,Region_39674
R39675,Region_39675
R39676,Region_39676
R39677,Region_39677
R39678,Region_39678
R39679,Region_39679
R39680,Region_39680
R39681,Region_39681
R39682,Region_39682
R39683,Region_39683
R39684,Region_39684
R39685,Region_39685
R39686,Region_39686
R39687,Region_39687
R39688,Region_39688
R39689,Region_39689
R39690,Region_39690
R39691,Region_39691
R39692,Region_39692
R39693,Region_39693
R39694,Region_39694
R39695,Region_39695
R39696,Region_39696
R39697,Region_39697
R39698,Region_39698
R39699,Region_39699
R39700,Region_39700
R39701,Region_39701
R39702,Region_39702
R39703,Region_39703
R39704,Region_39704
R39705,Region_39705
R39706,Region_39706
R39707,Region_39707
R39708,Region_39708
R39709,Region_39709
R39710,Region_39710
R39711,Region_39711
R39712,Region_39712
R39713,Region_39713
R39714,Region_39714
R39715,Region_39715
R39716,Region_39716
R39717,Region_39717
R39718,Region_39718
R39719,Region_39719
R39720,Region_39720
R39721,Region_39721
R39722,Region_39722
R39723,Region_39723
R39724,Region_39724
R39725,Region_39725
R39726,Region_39726
R39727,Region_39727
R39728,Region_39728
R39729,Region_39729
R39730,Region_39730
R39731,Region_39731
R39732,Region_39732
R39733,Region_39733
R39734,Region_39734
R39735,Region_39735
R39736,Region_39736
R39737,Region_39737
R39738,Region_39738
R39739,Region_39739
R39740,Region_39740
R39741,Region_39741
R39742,Region_39742
R39743,Region_39743
R39744,Region_39744
R39745,Region_39745
R39746,Region_39746
R39747,Region_39747
R39748,Region_39748
R39749,Region_39749
R39750,Region_39750
R39751,Region_39751
R39752,Region_39752
R39753,Region_39753
R39754,Region_39754
R39755,Region_39755
R39756,Region_39756
R39757,Region_39757
R39758,Region_39758
R39759,Region_39759
R39760,Region_39760
R39761,Region_39761
R39762,Region_39762
R39763,Region_39763
R39764,Region_39764
R39765,Region_39765
R39766,Region_39766
R39767,Region_39767
R39768,Region_39768
R39769,Region_39769
R39770,Region_39770
R39771,Region_39771
R39772,Region_39772
R39773,Region_39773
R39774,Region_39774
R39775,Region_39775
R39776,Region_39776
R39777,Region_39777
R39778,Region_39778
R39779,Region_39779
R39780,Region_39780
R39781,Region_39781
R39782,Region_39782
R39783,Region_39783
R39784,Region_39784
R39785,Region_39785
R39786,Region_39786
R39787,Region_39787
R39788,Region_39788
R39789,Region_39789
R39790,Region_39790
R39791,Region_39791
R39792,Region_39792
R39793,Region_39793
R39794,Region_39794
R39795,Region_39795
R39796,Region_39796
R39797,Region_39797
R39798,Region_39798
R39799,Region_39799
R39800,Region_39800
R39801,Region_39801
R39802,Region_39802
R39803,Region_39803
R39804,Region_39804
R39805,Region_39805
R39806,Region_39806
R39807,Region_39807
R39808,Region_39808
R39809,Region_39809
R39810,Region_39810
R39811,Region_39811
R39812,Region_39812
R39813,Region_39813
R39814,Region_39814
R39815,Region_39815
R39816,Region_39816
R39817,Region_39817
R39818,Region_39818
R39819,Region_39819
R39820,Region_39820
R39821,Region_39821
R39822,Region_39822
R39823,Region_39823
R39824,Region_39824
R39825,Region_39825
R39826,Region_39826
R39827,Region_39827
R39828,Region_39828
R39829,Region_39829
R39830,Region_39830
R39831,Region_39831
R39832,Region_39832
R39833,Region_39833
R39834,Region_39834
R39835,Region_39835
R39836,Region_39836
R39837,Region_39837
R39838,Region_39838
R39839,Region_39839
R39840,Region_39840
R39841,Region_39841
R39842,Region_39842
R39843,Region_39843
R39844,Region_39844
R39845,Region_39845
R39846,Region_39846
R39847,Region_39847
R39848,Region_39848
R39849,Region_39849
R39850,Region_39850
R39851,Region_39851
R39852,Region_39852
R39853,Region_39853
R39854,Region_39854
R39855,Region_39855
R39856,Region_39856
R39857,Region_39857
R39858,Region_39858
R39859,Region_39859
R39860,Region_39860
R39861,Region_39861
R39862,Region_39862
R39863,Region_39863
R39864,Region_39864
R39865,Region_39865
R39866,Region_39866
R39867,Region_39867
R39868,Region_39868
R39869,Region_39869
R39870,Region_39870
R39871,Region_39871
R39872,Region_39872
R39873,Region_39873
R39874,Region_39874
R39875,Region_39875
R39876,Region_39876
R39877,Region_39877
R39878,Region_39878
R39879,Region_39879
R39880,Region_39880
R39881,Region_39881
R39882,Region_39882
R39883,Region_39883
R39884,Region_39884
R39885,Region_39885
R39886,Region_39886
R39887,Region_39887
R39888,Region_39888
R39889,Region_39889
R39890,Region_39890
R39891,Region_39891
R39892,Region_39892
R39893,Region_39893
R39894,Region_39894
R39895,Region_39895
R39896,Region_39896
R39897,Region_39897
R39898,Region_39898
R39899,Region_39899
R39900,Region_39900
R39901,Region_39901
R39902,Region_39902
R39903,Region_39903
R39904,Region_39904
R39905,Region_39905
R39906,Region_39906
R39907,Region_39907
R39908,Region_39908
R39909,Region_39909
R39910,Region_39910
R39911,Region_39911
R39912,Region_39912
R39913,Region_39913
R39914,Region_39914
R39915,Region_39915
R39916,Region_39916
R39917,Region_39917
R39918,Region_39918
R39919,Region_39919
R39920,Region_39920
R39921,Region_39921
R39922,Region_39922
R39923,Region_39923
R39924,Region_39924
R39925,Region_39925
R39926,Region_39926
R39927,Region_39927
R39928,Region_39928
R39929,Region_39929
R39930,Region_39930
R39931,Region_39931
R39932,Region_39932
R39933,Region_39933
R39934,Region_39934
R39935,Region_39935
R39936,Region_39936
R39937,Region_39937
R39938,Region_39938
R39939,Region_39939
R39940,Region_39940
R39941,Region_39941
R39942,Region_39942
R39943,Region_39943
R39944,Region_39944
R39945,Region_39945
R39946,Region_39946
R39947,Region_39947
R39948,Region_39948
R39949,Region_39949
R39950,Region_39950
R39951,Region_39951
R39952,Region_39952
R39953,Region_39953
R39954,Region_39954
R39955,Region_39955
R39956,Region_39956
R39957,Region_39957
R39958,Region_39958
R39959,Region_39959
R39960,Region_39960
R39961,Region_39961
R39962,Region_39962
R39963,Region_39963
R39964,Region_39964
R39965,Region_39965
R39966,Region_39966
R39967,Region_39967
R39968,Region_39968
R39969,Region_39969
R39970,Region_39970
R39971,Region_39971
R39972,Region_39972
R39973,Region_39973
R39974,Region_39974
R39975,Region_39975
R39976,Region_39976
R39977,Region_39977
R39978,Region_39978
R39979,Region_39979
R39980,Region_39980
R39981,Region_39981
R39982,Region_39982
R39983,Region_39983
R39984,Region_39984
R39985,Region_39985
R39986,Region_39986
R39987,Region_39987
R39988,Region_39988
R39989,Region_39989
R39990,Region_39990
R39991,Region_39991
R39992,Region_39992
R39993,Region_39993
R39994,Region_39994
R39995,Region_39995
R39996,Region_39996
R39997,Region_39997
R39998,Region_39998
R39999,Region_39999
R40000,Region_40000
R40001,Region_40001
R40002,Region_40002
R40003,Region_40003
R40004,Region_40004
R40005,Region_40005
R40006,Region_40006
R40007,Region_40007
R40008,Region_40008
R40009,Region_40009
R40010,Region_40010
R40011,Region_40011
R40012,Region_40012
R40013,Region_40013
R40014,Region_40014
R40015,Region_40015
R40016,Region_40016
R40017,Region_40017
R40018,Region_40018
R40019,Region_40019
R40020,Region_40020
R40021,Region_40021
R40022,Region_40022
R40023,Region_40023
R40024,Region_40024
R40025,Region_40025
R40026,Region_40026
R40027,Region_40027
R40028,Region_40028
R40029,Region_40029
R40030,Region_40030
R40031,Region_40031
R40032,Region_40032
R40033,Region_40033
R40034,Region_40034
R40035,Region_40035
R40036,Region_40036
R40037,Region_40037
R40038,Region_40038
R40039,Region_40039
R40040,Region_40040
R40041,Region_40041
R40042,Region_40042
R40043,Region_40043
R40044,Region_40044
R40045,Region_40045
R40046,Region_40046
R40047,Region_40047
R40048,Region_40048
R40049,Region_40049
R40050,Region_40050
R40051,Region_40051
R40052,Region_40052
R40053,Region_40053
R40054,Region_40054
R40055,Region_40055
R40056,Region_40056
R40057,Region_40057
R40058,Region_40058
R40059,Region_40059
R40060,Region_40060
R40061,Region_40061
R40062,Region_40062
R40063,Region_40063
R40064,Region_40064
R40065,Region_40065
R40066,Region_40066
R40067,Region_40067
R40068,Region_40068
R40069,Region_40069
R40070,Region_40070
R40071,Region_40071
R40072,Region_40072
R40073,Region_40073
R40074,Region_40074
R40075,Region_40075
R40076,Region_40076
R40077,Region_40077
R40078,Region_40078
R40079,Region_40079
R40080,Region_40080
R40081,Region_40081
R40082,Region_40082
R40083,Region_40083
R40084,Region_40084
R40085,Region_40085
R40086,Region_40086
R40087,Region_40087
R40088,Region_40088
R40089,Region_40089
R40090,Region_40090
R40091,Region_40091
R40092,Region_40092
R40093,Region_40093
R40094,Region_40094
R40095,Region_40095
R40096,Region_40096
R40097,Region_40097
R40098,Region_40098
R40099,Region_40099
R40100,Region_40100
R40101,Region_40101
R40102,Region_40102
R40103,Region_40103
R40104,Region_40104
R40105,Region_40105
R40106,Region_40106
R40107,Region_40107
R40108,Region_40108
R40109,Region_40109
R40110,Region_40110
R40111,Region_40111
R40112,Region_40112
R40113,Region_40113
R40114,Region_40114
R40115,Region_40115
R40116,Region_40116
R40117,Region_40117
R40118,Region_40118
R40119,Region_40119
R40120,Region_40120
R40121,Region_40121
R40122,Region_40122
R40123,Region_40123
R40124,Region_40124
R40125,Region_40125
R40126,Region_40126
R40127,Region_40127
R40128,Region_40128
R40129,Region_40129
R40130,Region_40130
R40131,Region_40131
R40132,Region_40132
R40133,Region_40133
R40134,Region_40134
R40135,Region_40135
R40136,Region_40136
R40137,Region_40137
R40138,Region_40138
R40139,Region_40139
R40140,Region_40140
R40141,Region_40141
R40142,Region_40142
R40143,Region_40143
R40144,Region_40144
R40145,Region_40145
R40146,Region_40146
R40147,Region_40147
R40148,Region_40148
R40149,Region_40149
R40150,Region_40150
R40151,Region_40151
R40152,Region_40152
R40153,Region_40153
R40154,Region_40154
R40155,Region_40155
R40156,Region_40156
R40157,Region_40157
R40158,Region_40158
R40159,Region_40159
R40160,Region_40160
R40161,Region_40161
R40162,Region_40162
R40163,Region_40163
R40164,Region_40164
R40165,Region_40165
R40166,Region_40166
R40167,Region_40167
R40168,Region_40168
R40169,Region_40169
R40170,Region_40170
R40171,Region_40171
R40172,Region_40172
R40173,Region_40173
R40174,Region_40174
R40175,Region_40175
R40176,Region_40176
R40177,Region_40177
R40178,Region_40178
R40179,Region_40179
R40180,Region_40180
R40181,Region_40181
R40182,Region_40182
R40183,Region_40183
R40184,Region_40184
R40185,Region_40185
R40186,Region_40186
R40187,Region_40187
R40188,Region_40188
R40189,Region_40189
R40190,Region_40190
R40191,Region_40191
R40192,Region_40192
R40193,Region_40193
R40194,Region_40194
R40195,Region_40195
R40196,Region_40196
R40197,Region_40197
R40198,Region_40198
R40199,Region_40199
R40200,Region_40200
R40201,Region_40201
R40202,Region_40202
R40203,Region_40203
R40204,Region_40204
R40205,Region_40205
R40206,Region_40206
R40207,Region_40207
R40208,Region_40208
R40209,Region_40209
R40210,Region_40210
R40211,Region_40211
R40212,Region_40212
R40213,Region_40213
R40214,Region_40214
R40215,Region_40215
R40216,Region_40216
R40217,Region_40217
R40218,Region_40218
R40219,Region_40219
R40220,Region_40220
R40221,Region_40221
R40222,Region_40222
R40223,Region_40223
R40224,Region_40224
R40225,Region_40225
R40226,Region_40226
R40227,Region_40227
R40228,Region_40228
R40229,Region_40229
R40230,Region_40230
R40231,Region_40231
R40232,Region_40232
R40233,Region_40233
R40234,Region_40234
R40235,Region_40235
R40236,Region_40236
R40237,Region_40237
R40238,Region_40238
R40239,Region_40239
R40240,Region_40240
R40241,Region_40241
R40242,Region_40242
R40243,Region_40243
R40244,Region_40244
R40245,Region_40245
R40246,Region_40246
R40247,Region_40247
R40248,Region_40248
R40249,Region_40249
R40250,Region_40250
R40251,Region_40251
R40252,Region_40252
R40253,Region_40253
R40254,Region_40254
R40255,Region_40255
R40256,Region_40256
R40257,Region_40257
R40258,Region_40258
R40259,Region_40259
R40260,Region_40260
R40261,Region_40261
R40262,Region_40262
R40263,Region_40263
R40264,Region_40264
R40265,Region_40265
R40266,Region_40266
R40267,Region_40267
R40268,Region_40268
R40269,Region_40269
R40270,Region_40270
R40271,Region_40271
R40272,Region_40272
R40273,Region_40273
R40274,Region_40274
R40275,Region_40275
R40276,Region_40276
R40277,Region_40277
R40278,Region_40278
R40279,Region_40279
R40280,Region_40280
R40281,Region_40281
R40282,Region_40282
R40283,Region_40283
R40284,Region_40284
R40285,Region_40285
R40286,Region_40286
R40287,Region_40287
R40288,Region_40288
R40289,Region_40289
R40290,Region_40290
R40291,Region_40291
R40292,Region_40292
R40293,Region_40293
R40294,Region_40294
R40295,Region_40295
R40296,Region_40296
R40297,Region_40297
R40298,Region_40298
R40299,Region_40299
R40300,Region_40300
R40301,Region_40301
R40302,Region_40302
R40303,Region_40303
R40304,Region_40304
R40305,Region_40305
R40306,Region_40306
R40307,Region_40307
R40308,Region_40308
R40309,Region_40309
R40310,Region_40310
R40311,Region_40311
R40312,Region_40312
R40313,Region_40313
R40314,Region_40314
R40315,Region_40315
R40316,Region_40316
R40317,Region_40317
R40318,Region_40318
R40319,Region_40319
R40320,Region_40320
R40321,Region_40321
R40322,Region_40322
R40323,Region_40323
R40324,Region_40324
R40325,Region_40325
R40326,Region_40326
R40327,Region_40327
R40328,Region_40328
R40329,Region_40329
R40330,Region_40330
R40331,Region_40331
R40332,Region_40332
R40333,Region_40333
R40334,Region_40334
R40335,Region_40335
R40336,Region_40336
R40337,Region_40337
R40338,Region_40338
R40339,Region_40339
R40340,Region_40340
R40341,Region_40341
R40342,Region_40342
R40343,Region_40343
R40344,Region_40344
R40345,Region_40345
R40346,Region_40346
R40347,Region_40347
R40348,Region_40348
R40349,Region_40349
R40350,Region_40350
R40351,Region_40351
R40352,Region_40352
R40353,Region_40353
R40354,Region_40354
R40355,Region_40355
R40356,Region_40356
R40357,Region_40357
R40358,Region_40358
R40359,Region_40359
R40360,Region_40360
R40361,Region_40361
R40362,Region_40362
R40363,Region_40363
R40364,Region_40364
R40365,Region_40365
R40366,Region_40366
R40367,Region_40367
R40368,Region_40368
R40369,Region_40369
R40370,Region_40370
R40371,Region_40371
R40372,Region_40372
R40373,Region_40373
R40374,Region_40374
R40375,Region_40375
R40376,Region_40376
R40377,Region_40377
R40378,Region_40378
R40379,Region_40379
R40380,Region_40380
R40381,Region_40381
R40382,Region_40382
R40383,Region_40383
R40384,Region_40384
R40385,Region_40385
R40386,Region_40386
R40387,Region_40387
R40388,Region_40388
R40389,Region_40389
R40390,Region_40390
R40391,Region_40391
R40392,Region_40392
R40393,Region_40393
R40394,Region_40394
R40395,Region_40395
R40396,Region_40396
R40397,Region_40397
R40398,Region_40398
R40399,Region_40399
R40400,Region_40400
R40401,Region_40401
R40402,Region_40402
R40403,Region_40403
R40404,Region_40404
R40405,Region_40405
R40406,Region_40406
R40407,Region_40407
R40408,Region_40408
R40409,Region_40409
R40410,Region_40410
R40411,Region_40411
R40412,Region_40412
R40413,Region_40413
R40414,Region_40414
R40415,Region_40415
R40416,Region_40416
R40417,Region_40417
R40418,Region_40418
R40419,Region_40419
R40420,Region_40420
R40421,Region_40421
R40422,Region_40422
R40423,Region_40423
R40424,Region_40424
R40425,Region_40425
R40426,Region_40426
R40427,Region_40427
R40428,Region_40428
R40429,Region_40429
R40430,Region_40430
R40431,Region_40431
R40432,Region_40432
R40433,Region_40433
R40434,Region_40434
R40435,Region_40435
R40436,Region_40436
R40437,Region_40437
R40438,Region_40438
R40439,Region_40439
R40440,Region_40440
R40441,Region_40441
R40442,Region_40442
R40443,Region_40443
R40444,Region_40444
R40445,Region_40445
R40446,Region_40446
R40447,Region_40447
R40448,Region_40448
R40449,Region_40449
R40450,Region_40450
R40451,Region_40451
R40452,Region_40452
R40453,Region_40453
R40454,Region_40454
R40455,Region_40455
R40456,Region_40456
R40457,Region_40457
R40458,Region_40458
R40459,Region_40459
R40460,Region_40460
R40461,Region_40461
R40462,Region_40462
R40463,Region_40463
R40464,Region_40464
R40465,Region_40465
R40466,Region_40466
R40467,Region_40467
R40468,Region_40468
R40469,Region_40469
R40470,Region_40470
R40471,Region_40471
R40472,Region_40472
R40473,Region_40473
R40474,Region_40474
R40475,Region_40475
R40476,Region_40476
R40477,Region_40477
R40478,Region_40478
R40479,Region_40479
R40480,Region_40480
R40481,Region_40481
R40482,Region_40482
R40483,Region_40483
R40484,Region_40484
R40485,Region_40485
R40486,Region_40486
R40487,Region_40487
R40488,Region_40488
R40489,Region_40489
R40490,Region_40490
R40491,Region_40491
R40492,Region_40492
R40493,Region_40493
R40494,Region_40494
R40495,Region_40495
R40496,Region_40496
R40497,Region_40497
R40498,Region_40498
R40499,Region_40499
R40500,Region_40500
R40501,Region_40501
R40502,Region_40502
R40503,Region_40503
R40504,Region_40504
R40505,Region_40505
R40506,Region_40506
R40507,Region_40507
R40508,Region_40508
R40509,Region_40509
R40510,Region_40510
R40511,Region_40511
R40512,Region_40512
R40513,Region_40513
R40514,Region_40514
R40515,Region_40515
R40516,Region_40516
R40517,Region_40517
R40518,Region_40518
R40519,Region_40519
R40520,Region_40520
R40521,Region_40521
R40522,Region_40522
R40523,Region_40523
R40524,Region_40524
R40525,Region_40525
R40526,Region_40526
R40527,Region_40527
R40528,Region_40528
R40529,Region_40529
R40530,Region_40530
R40531,Region_40531
R40532,Region_40532
R40533,Region_40533
R40534,Region_40534
R40535,Region_40535
R40536,Region_40536
R40537,Region_40537
R40538,Region_40538
R40539,Region_40539
R40540,Region_40540
R40541,Region_40541
R40542,Region_40542
R40543,Region_40543
R40544,Region_40544
R40545,Region_40545
R40546,Region_40546
R40547,Region_40547
R40548,Region_40548
R40549,Region_40549
R40550,Region_40550
R40551,Region_40551
R40552,Region_40552
R40553,Region_40553
R40554,Region_40554
R40555,Region_40555
R40556,Region_40556
R40557,Region_40557
R40558,Region_40558
R40559,Region_40559
R40560,Region_40560
R40561,Region_40561
R40562,Region_40562
R40563,Region_40563
R40564,Region_40564
R40565,Region_40565
R40566,Region_40566
R40567,Region_40567
R40568,Region_40568
R40569,Region_40569
R40570,Region_40570
R40571,Region_40571
R40572,Region_40572
R40573,Region_40573
R40574,Region_40574
R40575,Region_40575
R40576,Region_40576
R40577,Region_40577
R40578,Region_40578
R40579,Region_40579
R40580,Region_40580
R40581,Region_40581
R40582,Region_40582
R40583,Region_40583
R40584,Region_40584
R40585,Region_40585
R40586,Region_40586
R40587,Region_40587
R40588,Region_40588
R40589,Region_40589
R40590,Region_40590
R40591,Region_40591
R40592,Region_40592
R40593,Region_40593
R40594,Region_40594
R40595,Region_40595
R40596,Region_40596
R40597,Region_40597
R40598,Region_40598
R40599,Region_40599
R40600,Region_40600
R40601,Region_40601
R40602,Region_40602
R40603,Region_40603
R40604,Region_40604
R40605,Region_40605
R40606,Region_40606
R40607,Region_40607
R40608,Region_40608
R40609,Region_40609
R40610,Region_40610
R40611,Region_40611
R40612,Region_40612
R40613,Region_40613
R40614,Region_40614
R40615,Region_40615
R40616,Region_40616
R40617,Region_40617
R40618,Region_40618
R40619,Region_40619
R40620,Region_40620
R40621,Region_40621
R40622,Region_40622
R40623,Region_40623
R40624,Region_40624
R40625,Region_40625
R40626,Region_40626
R40627,Region_40627
R40628,Region_40628
R40629,Region_40629
R40630,Region_40630
R40631,Region_40631
R40632,Region_40632
R40633,Region_40633
R40634,Region_40634
R40635,Region_40635
R40636,Region_40636
R40637,Region_40637
R40638,Region_40638
R40639,Region_40639
R40640,Region_40640
R40641,Region_40641
R40642,Region_40642
R40643,Region_40643
R40644,Region_40644
R40645,Region_40645
R40646,Region_40646
R40647,Region_40647
R40648,Region_40648
R40649,Region_40649
R40650,Region_40650
R40651,Region_40651
R40652,Region_40652
R40653,Region_40653
R40654,Region_40654
R40655,Region_40655
R40656,Region_40656
R40657,Region_40657
R40658,Region_40658
R40659,Region_40659
R40660,Region_40660
R40661,Region_40661
R40662,Region_40662
R40663,Region_40663
R40664,Region_40664
R40665,Region_40665
R40666,Region_40666
R40667,Region_40667
R40668,Region_40668
R40669,Region_40669
R40670,Region_40670
R40671,Region_40671
R40672,Region_40672
R40673,Region_40673
R40674,Region_40674
R40675,Region_40675
R40676,Region_40676
R40677,Region_40677
R40678,Region_40678
R40679,Region_40679
R40680,Region_40680
R40681,Region_40681
R40682,Region_40682
R40683,Region_40683
R40684,Region_40684
R40685,Region_40685
R40686,Region_40686
R40687,Region_40687
R40688,Region_40688
R40689,Region_40689
R40690,Region_40690
R40691,Region_40691
R40692,Region_40692
R40693,Region_40693
R40694,Region_40694
R40695,Region_40695
R40696,Region_40696
R40697,Region_40697
R40698,Region_40698
R40699,Region_40699
R40700,Region_40700
R40701,Region_40701
R40702,Region_40702
R40703,Region_40703
R40704,Region_40704
R40705,Region_40705
R40706,Region_40706
R40707,Region_40707
R40708,Region_40708
R40709,Region_40709
R40710,Region_40710
R40711,Region_40711
R40712,Region_40712
R40713,Region_40713
R40714,Region_40714
R40715,Region_40715
R40716,Region_40716
R40717,Region_40717
R40718,Region_40718
R40719,Region_40719
R40720,Region_40720
R40721,Region_40721
R40722,Region_40722
R40723,Region_40723
R40724,Region_40724
R40725,Region_40725
R40726,Region_40726
R40727,Region_40727
R40728,Region_40728
R40729,Region_40729
R40730,Region_40730
R40731,Region_40731
R40732,Region_40732
R40733,Region_40733
R40734,Region_40734
R40735,Region_40735
R40736,Region_40736
R40737,Region_40737
R40738,Region_40738
R40739,Region_40739
R40740,Region_40740
R40741,Region_40741
R40742,Region_40742
R40743,Region_40743
R40744,Region_40744
R40745,Region_40745
R40746,Region_40746
R40747,Region_40747
R40748,Region_40748
R40749,Region_40749
R40750,Region_40750
R40751,Region_40751
R40752,Region_40752
R40753,Region_40753
R40754,Region_40754
R40755,Region_40755
R40756,Region_40756
R40757,Region_40757
R40758,Region_40758
R40759,Region_40759
R40760,Region_40760
R40761,Region_40761
R40762,Region_40762
R40763,Region_40763
R40764,Region_40764
R40765,Region_40765
R40766,Region_40766
R40767,Region_40767
R40768,Region_40768
R40769,Region_40769
R40770,Region_40770
R40771,Region_40771
R40772,Region_40772
R40773,Region_40773
R40774,Region_40774
R40775,Region_40775
R40776,Region_40776
R40777,Region_40777
R40778,Region_40778
R40779,Region_40779
R40780,Region_40780
R40781,Region_40781
R40782,Region_40782
R40783,Region_40783
R40784,Region_40784
R40785,Region_40785
R40786,Region_40786
R40787,Region_40787
R40788,Region_40788
R40789,Region_40789
R40790,Region_40790
R40791,Region_40791
R40792,Region_40792
R40793,Region_40793
R40794,Region_40794
R40795,Region_40795
R40796,Region_40796
R40797,Region_40797
R40798,Region_40798
R40799,Region_40799
R40800,Region_40800
R40801,Region_40801
R40802,Region_40802
R40803,Region_40803
R40804,Region_40804
R40805,Region_40805
R40806,Region_40806
R40807,Region_40807
R40808,Region_40808
R40809,Region_40809
R40810,Region_40810
R40811,Region_40811
R40812,Region_40812
R40813,Region_40813
R40814,Region_40814
R40815,Region_40815
R40816,Region_40816
R40817,Region_40817
R40818,Region_40818
R40819,Region_40819
R40820,Region_40820
R40821,Region_40821
R40822,Region_40822
R40823,Region_40823
R40824,Region_40824
R40825,Region_40825
R40826,Region_40826
R40827,Region_40827
R40828,Region_40828
R40829,Region_40829
R40830,Region_40830
R40831,Region_40831
R40832,Region_40832
R40833,Region_40833
R40834,Region_40834
R40835,Region_40835
R40836,Region_40836
R40837,Region_40837
R40838,Region_40838
R40839,Region_40839
R40840,Region_40840
R40841,Region_40841
R40842,Region_40842
R40843,Region_40843
R40844,Region_40844
R40845,Region_40845
R40846,Region_40846
R40847,Region_40847
R40848,Region_40848
R40849,Region_40849
R40850,Region_40850
R40851,Region_40851
R40852,Region_40852
R40853,Region_40853
R40854,Region_40854
R40855,Region_40855
R40856,Region_40856
R40857,Region_40857
R40858,Region_40858
R40859,Region_40859
R40860,Region_40860
R40861,Region_40861
R40862,Region_40862
R40863,Region_40863
R40864,Region_40864
R40865,Region_40865
R40866,Region_40866
R40867,Region_40867
R40868,Region_40868
R40869,Region_40869
R40870,Region_40870
R40871,Region_40871
R40872,Region_40872
R40873,Region_40873
R40874,Region_40874
R40875,Region_40875
R40876,Region_40876
R40877,Region_40877
R40878,Region_40878
R40879,Region_40879
R40880,Region_40880
R40881,Region_40881
R40882,Region_40882
R40883,Region_40883
R40884,Region_40884
R40885,Region_40885
R40886,Region_40886
R40887,Region_40887
R40888,Region_40888
R40889,Region_40889
R40890,Region_40890
R40891,Region_40891
R40892,Region_40892
R40893,Region_40893
R40894,Region_40894
R40895,Region_40895
R40896,Region_40896
R40897,Region_40897
R40898,Region_40898
R40899,Region_40899
R40900,Region_40900
R40901,Region_40901
R40902,Region_40902
R40903,Region_40903
R40904,Region_40904
R40905,Region_40905
R40906,Region_40906
R40907,Region_40907
R40908,Region_40908
R40909,Region_40909
R40910,Region_40910
R40911,Region_40911
R40912,Region_40912
R40913,Region_40913
R40914,Region_40914
R40915,Region_40915
R40916,Region_40916
R40917,Region_40917
R40918,Region_40918
R40919,Region_40919
R40920,Region_40920
R40921,Region_40921
R40922,Region_40922
R40923,Region_40923
R40924,Region_40924
R40925,Region_40925
R40926,Region_40926
R40927,Region_40927
R40928,Region_40928
R40929,Region_40929
R40930,Region_40930
R40931,Region_40931
R40932,Region_40932
R40933,Region_40933
R40934,Region_40934
R40935,Region_40935
R40936,Region_40936
R40937,Region_40937
R40938,Region_40938
R40939,Region_40939
R40940,Region_40940
R40941,Region_40941
R40942,Region_40942
R40943,Region_40943
R40944,Region_40944
R40945,Region_40945
R40946,Region_40946
R40947,Region_40947
R40948,Region_40948
R40949,Region_40949
R40950,Region_40950
R40951,Region_40951
R40952,Region_40952
R40953,Region_40953
R40954,Region_40954
R40955,Region_40955
R40956,Region_40956
R40957,Region_40957
R40958,Region_40958
R40959,Region_40959
R40960,Region_40960
R40961,Region_40961
R40962,Region_40962
R40963,Region_40963
R40964,Region_40964
R40965,Region_40965
R40966,Region_40966
R40967,Region_40967
R40968,Region_40968
R40969,Region_40969
R40970,Region_40970
R40971,Region_40971
R40972,Region_40972
R40973,Region_40973
R40974,Region_40974
R40975,Region_40975
R40976,Region_40976
R40977,Region_40977
R40978,Region_40978
R40979,Region_40979
R40980,Region_40980
R40981,Region_40981
R40982,Region_40982
R40983,Region_40983
R40984,Region_40984
R40985,Region_40985
R40986,Region_40986
R40987,Region_40987
R40988,Region_40988
R40989,Region_40989
R40990,Region_40990
R40991,Region_40991
R40992,Region_40992
R40993,Region_40993
R40994,Region_40994
R40995,Region_40995
R40996,Region_40996
R40997,Region_40997
R40998,Region_40998
R40999,Region_40999
R41000,Region_41000
R41001,Region_41001
R41002,Region_41002
R41003,Region_41003
R41004,Region_41004
R41005,Region_41005
R41006,Region_41006
R41007,Region_41007
R41008,Region_41008
R41009,Region_41009
R41010,Region_41010
R41011,Region_41011
R41012,Region_41012
R41013,Region_41013
R41014,Region_41014
R41015,Region_41015
R41016,Region_41016
R41017,Region_41017
R41018,Region_41018
R41019,Region_41019
R41020,Region_41020
R41021,Region_41021
R41022,Region_41022
R41023,Region_41023
R41024,Region_41024
R41025,Region_41025
R41026,Region_41026
R41027,Region_41027
R41028,Region_41028
R41029,Region_41029
R41030,Region_41030
R41031,Region_41031
R41032,Region_41032
R41033,Region_41033
R41034,Region_41034
R41035,Region_41035
R41036,Region_41036
R41037,Region_41037
R41038,Region_41038
R41039,Region_41039
R41040,Region_41040
R41041,Region_41041
R41042,Region_41042
R41043,Region_41043
R41044,Region_41044
R41045,Region_41045
R41046,Region_41046
R41047,Region_41047
R41048,Region_41048
R41049,Region_41049
R41050,Region_41050
R41051,Region_41051
R41052,Region_41052
R41053,Region_41053
R41054,Region_41054
R41055,Region_41055
R41056,Region_41056
R41057,Region_41057
R41058,Region_41058
R41059,Region_41059
R41060,Region_41060
R41061,Region_41061
R41062,Region_41062
R41063,Region_41063
R41064,Region_41064
R41065,Region_41065
R41066,Region_41066
R41067,Region_41067
R41068,Region_41068
R41069,Region_41069
R41070,Region_41070
R41071,Region_41071
R41072,Region_41072
R41073,Region_41073
R41074,Region_41074
R41075,Region_41075
R41076,Region_41076
R41077,Region_41077
R41078,Region_41078
R41079,Region_41079
R41080,Region_41080
R41081,Region_41081
R41082,Region_41082
R41083,Region_41083
R41084,Region_41084
R41085,Region_41085
R41086,Region_41086
R41087,Region_41087
R41088,Region_41088
R41089,Region_41089
R41090,Region_41090
R41091,Region_41091
R41092,Region_41092
R41093,Region_41093
R41094,Region_41094
R41095,Region_41095
R41096,Region_41096
R41097,Region_41097
R41098,Region_41098
R41099,Region_41099
R41100,Region_41100
R41101,Region_41101
R41102,Region_41102
R41103,Region_41103
R41104,Region_41104
R41105,Region_41105
R41106,Region_41106
R41107,Region_41107
R41108,Region_41108
R41109,Region_41109
R41110,Region_41110
R41111,Region_41111
R41112,Region_41112
R41113,Region_41113
R41114,Region_41114
R41115,Region_41115
R41116,Region_41116
R41117,Region_41117
R41118,Region_41118
R41119,Region_41119
R41120,Region_41120
R41121,Region_41121
R41122,Region_41122
R41123,Region_41123
R41124,Region_41124
R41125,Region_41125
R41126,Region_41126
R41127,Region_41127
R41128,Region_41128
R41129,Region_41129
R41130,Region_41130
R41131,Region_41131
R41132,Region_41132
R41133,Region_41133
R41134,Region_41134
R41135,Region_41135
R41136,Region_41136
R41137,Region_41137
R41138,Region_41138
R41139,Region_41139
R41140,Region_41140
R41141,Region_41141
R41142,Region_41142
R41143,Region_41143
R41144,Region_41144
R41145,Region_41145
R41146,Region_41146
R41147,Region_41147
R41148,Region_41148
R41149,Region_41149
R41150,Region_41150
R41151,Region_41151
R41152,Region_41152
R41153,Region_41153
R41154,Region_41154
R41155,Region_41155
R41156,Region_41156
R41157,Region_41157
R41158,Region_41158
R41159,Region_41159
R41160,Region_41160
R41161,Region_41161
R41162,Region_41162
R41163,Region_41163
R41164,Region_41164
R41165,Region_41165
R41166,Region_41166
R41167,Region_41167
R41168,Region_41168
R41169,Region_41169
R41170,Region_41170
R41171,Region_41171
R41172,Region_41172
R41173,Region_41173
R41174,Region_41174
R41175,Region_41175
R41176,Region_41176
R41177,Region_41177
R41178,Region_41178
R41179,Region_41179
R41180,Region_41180
R41181,Region_41181
R41182,Region_41182
R41183,Region_41183
R41184,Region_41184
R41185,Region_41185
R41186,Region_41186
R41187,Region_41187
R41188,Region_41188
R41189,Region_41189
R41190,Region_41190
R41191,Region_41191
R41192,Region_41192
R41193,Region_41193
R41194,Region_41194
R41195,Region_41195
R41196,Region_41196
R41197,Region_41197
R41198,Region_41198
R41199,Region_41199
R41200,Region_41200
R41201,Region_41201
R41202,Region_41202
R41203,Region_41203
R41204,Region_41204
R41205,Region_41205
R41206,Region_41206
R41207,Region_41207
R41208,Region_41208
R41209,Region_41209
R41210,Region_41210
R41211,Region_41211
R41212,Region_41212
R41213,Region_41213
R41214,Region_41214
R41215,Region_41215
R41216,Region_41216
R41217,Region_41217
R41218,Region_41218
R41219,Region_41219
R41220,Region_41220
R41221,Region_41221
R41222,Region_41222
R41223,Region_41223
R41224,Region_41224
R41225,Region_41225
R41226,Region_41226
R41227,Region_41227
R41228,Region_41228
R41229,Region_41229
R41230,Region_41230
R41231,Region_41231
R41232,Region_41232
R41233,Region_41233
R41234,Region_41234
R41235,Region_41235
R41236,Region_41236
R41237,Region_41237
R41238,Region_41238
R41239,Region_41239
R41240,Region_41240
R41241,Region_41241
R41242,Region_41242
R41243,Region_41243
R41244,Region_41244
R41245,Region_41245
R41246,Region_41246
R41247,Region_41247
R41248,Region_41248
R41249,Region_41249
R41250,Region_41250
R41251,Region_41251
R41252,Region_41252
R41253,Region_41253
R41254,Region_41254
R41255,Region_41255
R41256,Region_41256
R41257,Region_41257
R41258,Region_41258
R41259,Region_41259
R41260,Region_41260
R41261,Region_41261
R41262,Region_41262
R41263,Region_41263
R41264,Region_41264
R41265,Region_41265
R41266,Region_41266
R41267,Region_41267
R41268,Region_41268
R41269,Region_41269
R41270,Region_41270
R41271,Region_41271
R41272,Region_41272
R41273,Region_41273
R41274,Region_41274
R41275,Region_41275
R41276,Region_41276
R41277,Region_41277
R41278,Region_41278
R41279,Region_41279
R41280,Region_41280
R41281,Region_41281
R41282,Region_41282
R41283,Region_41283
R41284,Region_41284
R41285,Region_41285
R41286,Region_41286
R41287,Region_41287
R41288,Region_41288
R41289,Region_41289
R41290,Region_41290
R41291,Region_41291
R41292,Region_41292
R41293,Region_41293
R41294,Region_41294
R41295,Region_41295
R41296,Region_41296
R41297,Region_41297
R41298,Region_41298
R41299,Region_41299
R41300,Region_41300
R41301,Region_41301
R41302,Region_41302
R41303,Region_41303
R41304,Region_41304
R41305,Region_41305
R41306,Region_41306
R41307,Region_41307
R41308,Region_41308
R41309,Region_41309
R41310,Region_41310
R41311,Region_41311
R41312,Region_41312
R41313,Region_41313
R41314,Region_41314
R41315,Region_41315
R41316,Region_41316
R41317,Region_41317
R41318,Region_41318
R41319,Region_41319
R41320,Region_41320
R41321,Region_41321
R41322,Region_41322
R41323,Region_41323
R41324,Region_41324
R41325,Region_41325
R41326,Region_41326
R41327,Region_41327
R41328,Region_41328
R41329,Region_41329
R41330,Region_41330
R41331,Region_41331
R41332,Region_41332
R41333,Region_41333
R41334,Region_41334
R41335,Region_41335
R41336,Region_41336
R41337,Region_41337
R41338,Region_41338
R41339,Region_41339
R41340,Region_41340
R41341,Region_41341
R41342,Region_41342
R41343,Region_41343
R41344,Region_41344
R41345,Region_41345
R41346,Region_41346
R41347,Region_41347
R41348,Region_41348
R41349,Region_41349
R41350,Region_41350
R41351,Region_41351
R41352,Region_41352
R41353,Region_41353
R41354,Region_41354
R41355,Region_41355
R41356,Region_41356
R41357,Region_41357
R41358,Region_41358
R41359,Region_41359
R41360,Region_41360
R41361,Region_41361
R41362,Region_41362
R41363,Region_41363
R41364,Region_41364
R41365,Region_41365
R41366,Region_41366
R41367,Region_41367
R41368,Region_41368
R41369,Region_41369
R41370,Region_41370
R41371,Region_41371
R41372,Region_41372
R41373,Region_41373
R41374,Region_41374
R41375,Region_41375
R41376,Region_41376
R41377,Region_41377
R41378,Region_41378
R41379,Region_41379
R41380,Region_41380
R41381,Region_41381
R41382,Region_41382
R41383,Region_41383
R41384,Region_41384
R41385,Region_41385
R41386,Region_41386
R41387,Region_41387
R41388,Region_41388
R41389,Region_41389
R41390,Region_41390
R41391,Region_41391
R41392,Region_41392
R41393,Region_41393
R41394,Region_41394
R41395,Region_41395
R41396,Region_41396
R41397,Region_41397
R41398,Region_41398
R41399,Region_41399
R41400,Region_41400
R41401,Region_41401
R41402,Region_41402
R41403,Region_41403
R41404,Region_41404
R41405,Region_41405
R41406,Region_41406
R41407,Region_41407
R41408,Region_41408
R41409,Region_41409
R41410,Region_41410
R41411,Region_41411
R41412,Region_41412
R41413,Region_41413
R41414,Region_41414
R41415,Region_41415
R41416,Region_41416
R41417,Region_41417
R41418,Region_41418
R41419,Region_41419
R41420,Region_41420
R41421,Region_41421
R41422,Region_41422
R41423,Region_41423
R41424,Region_41424
R41425,Region_41425
R41426,Region_41426
R41427,Region_41427
R41428,Region_41428
R41429,Region_41429
R41430,Region_41430
R41431,Region_41431
R41432,Region_41432
R41433,Region_41433
R41434,Region_41434
R41435,Region_41435
R41436,Region_41436
R41437,Region_41437
R41438,Region_41438
R41439,Region_41439
R41440,Region_41440
R41441,Region_41441
R41442,Region_41442
R41443,Region_41443
R41444,Region_41444
R41445,Region_41445
R41446,Region_41446
R41447,Region_41447
R41448,Region_41448
R41449,Region_41449
R41450,Region_41450
R41451,Region_41451
R41452,Region_41452
R41453,Region_41453
R41454,Region_41454
R41455,Region_41455
R41456,Region_41456
R41457,Region_41457
R41458,Region_41458
R41459,Region_41459
R41460,Region_41460
R41461,Region_41461
R41462,Region_41462
R41463,Region_41463
R41464,Region_41464
R41465,Region_41465
R41466,Region_41466
R41467,Region_41467
R41468,Region_41468
R41469,Region_41469
R41470,Region_41470
R41471,Region_41471
R41472,Region_41472
R41473,Region_41473
R41474,Region_41474
R41475,Region_41475
R41476,Region_41476
R41477,Region_41477
R41478,Region_41478
R41479,Region_41479
R41480,Region_41480
R41481,Region_41481
R41482,Region_41482
R41483,Region_41483
R41484,Region_41484
R41485,Region_41485
R41486,Region_41486
R41487,Region_41487
R41488,Region_41488
R41489,Region_41489
R41490,Region_41490
R41491,Region_41491
R41492,Region_41492
R41493,Region_41493
R41494,Region_41494
R41495,Region_41495
R41496,Region_41496
R41497,Region_41497
R41498,Region_41498
R41499,Region_41499
R41500,Region_41500
R41501,Region_41501
R41502,Region_41502
R41503,Region_41503
R41504,Region_41504
R41505,Region_41505
R41506,Region_41506
R41507,Region_41507
R41508,Region_41508
R41509,Region_41509
R41510,Region_41510
R41511,Region_41511
R41512,Region_41512
R41513,Region_41513
R41514,Region_41514
R41515,Region_41515
R41516,Region_41516
R41517,Region_41517
R41518,Region_41518
R41519,Region_41519
R41520,Region_41520
R41521,Region_41521
R41522,Region_41522
R41523,Region_41523
R41524,Region_41524
R41525,Region_41525
R41526,Region_41526
R41527,Region_41527
R41528,Region_41528
R41529,Region_41529
R41530,Region_41530
R41531,Region_41531
R41532,Region_41532
R41533,Region_41533
R41534,Region_41534
R41535,Region_41535
R41536,Region_41536
R41537,Region_41537
R41538,Region_41538
R41539,Region_41539
R41540,Region_41540
R41541,Region_41541
R41542,Region_41542
R41543,Region_41543
R41544,Region_41544
R41545,Region_41545
R41546,Region_41546
R41547,Region_41547
R41548,Region_41548
R41549,Region_41549
R41550,Region_41550
R41551,Region_41551
R41552,Region_41552
R41553,Region_41553
R41554,Region_41554
R41555,Region_41555
R41556,Region_41556
R41557,Region_41557
R41558,Region_41558
R41559,Region_41559
R41560,Region_41560
R41561,Region_41561
R41562,Region_41562
R41563,Region_41563
R41564,Region_41564
R41565,Region_41565
R41566,Region_41566
R41567,Region_41567
R41568,Region_41568
R41569,Region_41569
R41570,Region_41570
R41571,Region_41571
R41572,Region_41572
R41573,Region_41573
R41574,Region_41574
R41575,Region_41575
R41576,Region_41576
R41577,Region_41577
R41578,Region_41578
R41579,Region_41579
R41580,Region_41580
R41581,Region_41581
R41582,Region_41582
R41583,Region_41583
R41584,Region_41584
R41585,Region_41585
R41586,Region_41586
R41587,Region_41587
R41588,Region_41588
R41589,Region_41589
R41590,Region_41590
R41591,Region_41591
R41592,Region_41592
R41593,Region_41593
R41594,Region_41594
R41595,Region_41595
R41596,Region_41596
R41597,Region_41597
R41598,Region_41598
R41599,Region_41599
R41600,Region_41600
R41601,Region_41601
R41602,Region_41602
R41603,Region_41603
R41604,Region_41604
R41605,Region_41605
R41606,Region_41606
R41607,Region_41607
R41608,Region_41608
R41609,Region_41609
R41610,Region_41610
R41611,Region_41611
R41612,Region_41612
R41613,Region_41613
R41614,Region_41614
R41615,Region_41615
R41616,Region_41616
R41617,Region_41617
R41618,Region_41618
R41619,Region_41619
R41620,Region_41620
R41621,Region_41621
R41622,Region_41622
R41623,Region_41623
R41624,Region_41624
R41625,Region_41625
R41626,Region_41626
R41627,Region_41627
R41628,Region_41628
R41629,Region_41629
R41630,Region_41630
R41631,Region_41631
R41632,Region_41632
R41633,Region_41633
R41634,Region_41634
R41635,Region_41635
R41636,Region_41636
R41637,Region_41637
R41638,Region_41638
R41639,Region_41639
R41640,Region_41640
R41641,Region_41641
R41642,Region_41642
R41643,Region_41643
R41644,Region_41644
R41645,Region_41645
R41646,Region_41646
R41647,Region_41647
R41648,Region_41648
R41649,Region_41649
R41650,Region_41650
R41651,Region_41651
R41652,Region_41652
R41653,Region_41653
R41654,Region_41654
R41655,Region_41655
R41656,Region_41656
R41657,Region_41657
R41658,Region_41658
R41659,Region_41659
R41660,Region_41660
R41661,Region_41661
R41662,Region_41662
R41663,Region_41663
R41664,Region_41664
R41665,Region_41665
R41666,Region_41666
R41667,Region_41667
R41668,Region_41668
R41669,Region_41669
R41670,Region_41670
R41671,Region_41671
R41672,Region_41672
R41673,Region_41673
R41674,Region_41674
R41675,Region_41675
R41676,Region_41676
R41677,Region_41677
R41678,Region_41678
R41679,Region_41679
R41680,Region_41680
R41681,Region_41681
R41682,Region_41682
R41683,Region_41683
R41684,Region_41684
R41685,Region_41685
R41686,Region_41686
R41687,Region_41687
R41688,Region_41688
R41689,Region_41689
R41690,Region_41690
R41691,Region_41691
R41692,Region_41692
R41693,Region_41693
R41694,Region_41694
R41695,Region_41695
R41696,Region_41696
R41697,Region_41697
R41698,Region_41698
R41699,Region_41699
R41700,Region_41700
R41701,Region_41701
R41702,Region_41702
R41703,Region_41703
R41704,Region_41704
R41705,Region_41705
R41706,Region_41706
R41707,Region_41707
R41708,Region_41708
R41709,Region_41709
R41710,Region_41710
R41711,Region_41711
R41712,Region_41712
R41713,Region_41713
R41714,Region_41714
R41715,Region_41715
R41716,Region_41716
R41717,Region_41717
R41718,Region_41718
R41719,Region_41719
R41720,Region_41720
R41721,Region_41721
R41722,Region_41722
R41723,Region_41723
R41724,Region_41724
R41725,Region_41725
R41726,Region_41726
R41727,Region_41727
R41728,Region_41728
R41729,Region_41729
R41730,Region_41730
R41731,Region_41731
R41732,Region_41732
R41733,Region_41733
R41734,Region_41734
R41735,Region_41735
R41736,Region_41736
R41737,Region_41737
R41738,Region_41738
R41739,Region_41739
R41740,Region_41740
R41741,Region_41741
R41742,Region_41742
R41743,Region_41743
R41744,Region_41744
R41745,Region_41745
R41746,Region_41746
R41747,Region_41747
R41748,Region_41748
R41749,Region_41749
R41750,Region_41750
R41751,Region_41751
R41752,Region_41752
R41753,Region_41753
R41754,Region_41754
R41755,Region_41755
R41756,Region_41756
R41757,Region_41757
R41758,Region_41758
R41759,Region_41759
R41760,Region_41760
R41761,Region_41761
R41762,Region_41762
R41763,Region_41763
R41764,Region_41764
R41765,Region_41765
R41766,Region_41766
R41767,Region_41767
R41768,Region_41768
R41769,Region_41769
R41770,Region_41770
R41771,Region_41771
R41772,Region_41772
R41773,Region_41773
R41774,Region_41774
R41775,Region_41775
R41776,Region_41776
R41777,Region_41777
R41778,Region_41778
R41779,Region_41779
R41780,Region_41780
R41781,Region_41781
R41782,Region_41782
R41783,Region_41783
R41784,Region_41784
R41785,Region_41785
R41786,Region_41786
R41787,Region_41787
R41788,Region_41788
R41789,Region_41789
R41790,Region_41790
R41791,Region_41791
R41792,Region_41792
R41793,Region_41793
R41794,Region_41794
R41795,Region_41795
R41796,Region_41796
R41797,Region_41797
R41798,Region_41798
R41799,Region_41799
R41800,Region_41800
R41801,Region_41801
R41802,Region_41802
R41803,Region_41803
R41804,Region_41804
R41805,Region_41805
R41806,Region_41806
R41807,Region_41807
R41808,Region_41808
R41809,Region_41809
R41810,Region_41810
R41811,Region_41811
R41812,Region_41812
R41813,Region_41813
R41814,Region_41814
R41815,Region_41815
R41816,Region_41816
R41817,Region_41817
R41818,Region_41818
R41819,Region_41819
R41820,Region_41820
R41821,Region_41821
R41822,Region_41822
R41823,Region_41823
R41824,Region_41824
R41825,Region_41825
R41826,Region_41826
R41827,Region_41827
R41828,Region_41828
R41829,Region_41829
R41830,Region_41830
R41831,Region_41831
R41832,Region_41832
R41833,Region_41833
R41834,Region_41834
R41835,Region_41835
R41836,Region_41836
R41837,Region_41837
R41838,Region_41838
R41839,Region_41839
R41840,Region_41840
R41841,Region_41841
R41842,Region_41842
R41843,Region_41843
R41844,Region_41844
R41845,Region_41845
R41846,Region_41846
R41847,Region_41847
R41848,Region_41848
R41849,Region_41849
R41850,Region_41850
R41851,Region_41851
R41852,Region_41852
R41853,Region_41853
R41854,Region_41854
R41855,Region_41855
R41856,Region_41856
R41857,Region_41857
R41858,Region_41858
R41859,Region_41859
R41860,Region_41860
R41861,Region_41861
R41862,Region_41862
R41863,Region_41863
R41864,Region_41864
R41865,Region_41865
R41866,Region_41866
R41867,Region_41867
R41868,Region_41868
R41869,Region_41869
R41870,Region_41870
R41871,Region_41871
R41872,Region_41872
R41873,Region_41873
R41874,Region_41874
R41875,Region_41875
R41876,Region_41876
R41877,Region_41877
R41878,Region_41878
R41879,Region_41879
R41880,Region_41880
R41881,Region_41881
R41882,Region_41882
R41883,Region_41883
R41884,Region_41884
R41885,Region_41885
R41886,Region_41886
R41887,Region_41887
R41888,Region_41888
R41889,Region_41889
R41890,Region_41890
R41891,Region_41891
R41892,Region_41892
R41893,Region_41893
R41894,Region_41894
R41895,Region_41895
R41896,Region_41896
R41897,Region_41897
R41898,Region_41898
R41899,Region_41899
R41900,Region_41900
R41901,Region_41901
R41902,Region_41902
R41903,Region_41903
R41904,Region_41904
R41905,Region_41905
R41906,Region_41906
R41907,Region_41907
R41908,Region_41908
R41909,Region_41909
R41910,Region_41910
R41911,Region_41911
R41912,Region_41912
R41913,Region_41913
R41914,Region_41914
R41915,Region_41915
R41916,Region_41916
R41917,Region_41917
R41918,Region_41918
R41919,Region_41919
R41920,Region_41920
R41921,Region_41921
R41922,Region_41922
R41923,Region_41923
R41924,Region_41924
R41925,Region_41925
R41926,Region_41926
R41927,Region_41927
R41928,Region_41928
R41929,Region_41929
R41930,Region_41930
R41931,Region_41931
R41932,Region_41932
R41933,Region_41933
R41934,Region_41934
R41935,Region_41935
R41936,Region_41936
R41937,Region_41937
R41938,Region_41938
R41939,Region_41939
R41940,Region_41940
R41941,Region_41941
R41942,Region_41942
R41943,Region_41943
R41944,Region_41944
R41945,Region_41945
R41946,Region_41946
R41947,Region_41947
R41948,Region_41948
R41949,Region_41949
R41950,Region_41950
R41951,Region_41951
R41952,Region_41952
R41953,Region_41953
R41954,Region_41954
R41955,Region_41955
R41956,Region_41956
R41957,Region_41957
R41958,Region_41958
R41959,Region_41959
R41960,Region_41960
R41961,Region_41961
R41962,Region_41962
R41963,Region_41963
R41964,Region_41964
R41965,Region_41965
R41966,Region_41966
R41967,Region_41967
R41968,Region_41968
R41969,Region_41969
R41970,Region_41970
R41971,Region_41971
R41972,Region_41972
R41973,Region_41973
R41974,Region_41974
R41975,Region_41975
R41976,Region_41976
R41977,Region_41977
R41978,Region_41978
R41979,Region_41979
R41980,Region_41980
R41981,Region_41981
R41982,Region_41982
R41983,Region_41983
R41984,Region_41984
R41985,Region_41985
R41986,Region_41986
R41987,Region_41987
R41988,Region_41988
R41989,Region_41989
R41990,Region_41990
R41991,Region_41991
R41992,Region_41992
R41993,Region_41993
R41994,Region_41994
R41995,Region_41995
R41996,Region_41996
R41997,Region_41997
R41998,Region_41998
R41999,Region_41999
R42000,Region_42000
R42001,Region_42001
R42002,Region_42002
R42003,Region_42003
R42004,Region_42004
R42005,Region_42005
R42006,Region_42006
R42007,Region_42007
R42008,Region_42008
R42009,Region_42009
R42010,Region_42010
R42011,Region_42011
R42012,Region_42012
R42013,Region_42013
R42014,Region_42014
R42015,Region_42015
R42016,Region_42016
R42017,Region_42017
R42018,Region_42018
R42019,Region_42019
R42020,Region_42020
R42021,Region_42021
R42022,Region_42022
R42023,Region_42023
R42024,Region_42024
R42025,Region_42025
R42026,Region_42026
R42027,Region_42027
R42028,Region_42028
R42029,Region_42029
R42030,Region_42030
R42031,Region_42031
R42032,Region_42032
R42033,Region_42033
R42034,Region_42034
R42035,Region_42035
R42036,Region_42036
R42037,Region_42037
R42038,Region_42038
R42039,Region_42039
R42040,Region_42040
R42041,Region_42041
R42042,Region_42042
R42043,Region_42043
R42044,Region_42044
R42045,Region_42045
R42046,Region_42046
R42047,Region_42047
R42048,Region_42048
R42049,Region_42049
R42050,Region_42050
R42051,Region_42051
R42052,Region_42052
R42053,Region_42053
R42054,Region_42054
R42055,Region_42055
R42056,Region_42056
R42057,Region_42057
R42058,Region_42058
R42059,Region_42059
R42060,Region_42060
R42061,Region_42061
R42062,Region_42062
R42063,Region_42063
R42064,Region_42064
R42065,Region_42065
R42066,Region_42066
R42067,Region_42067
R42068,Region_42068
R42069,Region_42069
R42070,Region_42070
R42071,Region_42071
R42072,Region_42072
R42073,Region_42073
R42074,Region_42074
R42075,Region_42075
R42076,Region_42076
R42077,Region_42077
R42078,Region_42078
R42079,Region_42079
R42080,Region_42080
R42081,Region_42081
R42082,Region_42082
R42083,Region_42083
R42084,Region_42084
R42085,Region_42085
R42086,Region_42086
R42087,Region_42087
R42088,Region_42088
R42089,Region_42089
R42090,Region_42090
R42091,Region_42091
R42092,Region_42092
R42093,Region_42093
R42094,Region_42094
R42095,Region_42095
R42096,Region_42096
R42097,Region_42097
R42098,Region_42098
R42099,Region_42099
R42100,Region_42100
R42101,Region_42101
R42102,Region_42102
R42103,Region_42103
R42104,Region_42104
R42105,Region_42105
R42106,Region_42106
R42107,Region_42107
R42108,Region_42108
R42109,Region_42109
R42110,Region_42110
R42111,Region_42111
R42112,Region_42112
R42113,Region_42113
R42114,Region_42114
R42115,Region_42115
R42116,Region_42116
R42117,Region_42117
R42118,Region_42118
R42119,Region_42119
R42120,Region_42120
R42121,Region_42121
R42122,Region_42122
R42123,Region_42123
R42124,Region_42124
R42125,Region_42125
R42126,Region_42126
R42127,Region_42127
R42128,Region_42128
R42129,Region_42129
R42130,Region_42130
R42131,Region_42131
R42132,Region_42132
R42133,Region_42133
R42134,Region_42134
R42135,Region_42135
R42136,Region_42136
R42137,Region_42137
R42138,Region_42138
R42139,Region_42139
R42140,Region_42140
R42141,Region_42141
R42142,Region_42142
R42143,Region_42143
R42144,Region_42144
R42145,Region_42145
R42146,Region_42146
R42147,Region_42147
R42148,Region_42148
R42149,Region_42149
R42150,Region_42150
R42151,Region_42151
R42152,Region_42152
R42153,Region_42153
R42154,Region_42154
R42155,Region_42155
R42156,Region_42156
R42157,Region_42157
R42158,Region_42158
R42159,Region_42159
R42160,Region_42160
R42161,Region_42161
R42162,Region_42162
R42163,Region_42163
R42164,Region_42164
R42165,Region_42165
R42166,Region_42166
R42167,Region_42167
R42168,Region_42168
R42169,Region_42169
R42170,Region_42170
R42171,Region_42171
R42172,Region_42172
R42173,Region_42173
R42174,Region_42174
R42175,Region_42175
R42176,Region_42176
R42177,Region_42177
R42178,Region_42178
R42179,Region_42179
R42180,Region_42180
R42181,Region_42181
R42182,Region_42182
R42183,Region_42183
R42184,Region_42184
R42185,Region_42185
R42186,Region_42186
R42187,Region_42187
R42188,Region_42188
R42189,Region_42189
R42190,Region_42190
R42191,Region_42191
R42192,Region_42192
R42193,Region_42193
R42194,Region_42194
R42195,Region_42195
R42196,Region_42196
R42197,Region_42197
R42198,Region_42198
R42199,Region_42199
R42200,Region_42200
R42201,Region_42201
R42202,Region_42202
R42203,Region_42203
R42204,Region_42204
R42205,Region_42205
R42206,Region_42206
R42207,Region_42207
R42208,Region_42208
R42209,Region_42209
R42210,Region_42210
R42211,Region_42211
R42212,Region_42212
R42213,Region_42213
R42214,Region_42214
R42215,Region_42215
R42216,Region_42216
R42217,Region_42217
R42218,Region_42218
R42219,Region_42219
R42220,Region_42220
R42221,Region_42221
R42222,Region_42222
R42223,Region_42223
R42224,Region_42224
R42225,Region_42225
R42226,Region_42226
R42227,Region_42227
R42228,Region_42228
R42229,Region_42229
R42230,Region_42230
R42231,Region_42231
R42232,Region_42232
R42233,Region_42233
R42234,Region_42234
R42235,Region_42235
R42236,Region_42236
R42237,Region_42237
R42238,Region_42238
R42239,Region_42239
R42240,Region_42240
R42241,Region_42241
R42242,Region_42242
R42243,Region_42243
R42244,Region_42244
R42245,Region_42245
R42246,Region_42246
R42247,Region_42247
R42248,Region_42248
R42249,Region_42249
R42250,Region_42250
R42251,Region_42251
R42252,Region_42252
R42253,Region_42253
R42254,Region_42254
R42255,Region_42255
R42256,Region_42256
R42257,Region_42257
R42258,Region_42258
R42259,Region_42259
R42260,Region_42260
R42261,Region_42261
R42262,Region_42262
R42263,Region_42263
R42264,Region_42264
R42265,Region_42265
R42266,Region_42266
R42267,Region_42267
R42268,Region_42268
R42269,Region_42269
R42270,Region_42270
R42271,Region_42271
R42272,Region_42272
R42273,Region_42273
R42274,Region_42274
R42275,Region_42275
R42276,Region_42276
R42277,Region_42277
R42278,Region_42278
R42279,Region_42279
R42280,Region_42280
R42281,Region_42281
R42282,Region_42282
R42283,Region_42283
R42284,Region_42284
R42285,Region_42285
R42286,Region_42286
R42287,Region_42287
R42288,Region_42288
R42289,Region_42289
R42290,Region_42290
R42291,Region_42291
R42292,Region_42292
R42293,Region_42293
R42294,Region_42294
R42295,Region_42295
R42296,Region_42296
R42297,Region_42297
R42298,Region_42298
R42299,Region_42299
R42300,Region_42300
R42301,Region_42301
R42302,Region_42302
R42303,Region_42303
R42304,Region_42304
R42305,Region_42305
R42306,Region_42306
R42307,Region_42307
R42308,Region_42308
R42309,Region_42309
R42310,Region_42310
R42311,Region_42311
R42312,Region_42312
R42313,Region_42313
R42314,Region_42314
R42315,Region_42315
R42316,Region_42316
R42317,Region_42317
R42318,Region_42318
R42319,Region_42319
R42320,Region_42320
R42321,Region_42321
R42322,Region_42322
R42323,Region_42323
R42324,Region_42324
R42325,Region_42325
R42326,Region_42326
R42327,Region_42327
R42328,Region_42328
R42329,Region_42329
R42330,Region_42330
R42331,Region_42331
R42332,Region_42332
R42333,Region_42333
R42334,Region_42334
R42335,Region_42335
R42336,Region_42336
R42337,Region_42337
R42338,Region_42338
R42339,Region_42339
R42340,Region_42340
R42341,Region_42341
R42342,Region_42342
R42343,Region_42343
R42344,Region_42344
R42345,Region_42345
R42346,Region_42346
R42347,Region_42347
R42348,Region_42348
R42349,Region_42349
R42350,Region_42350
R42351,Region_42351
R42352,Region_42352
R42353,Region_42353
R42354,Region_42354
R42355,Region_42355
R42356,Region_42356
R42357,Region_42357
R42358,Region_42358
R42359,Region_42359
R42360,Region_42360
R42361,Region_42361
R42362,Region_42362
R42363,Region_42363
R42364,Region_42364
R42365,Region_42365
R42366,Region_42366
R42367,Region_42367
R42368,Region_42368
R42369,Region_42369
R42370,Region_42370
R42371,Region_42371
R42372,Region_42372
R42373,Region_42373
R42374,Region_42374
R42375,Region_42375
R42376,Region_42376
R42377,Region_42377
R42378,Region_42378
R42379,Region_42379
R42380,Region_42380
R42381,Region_42381
R42382,Region_42382
R42383,Region_42383
R42384,Region_42384
R42385,Region_42385
R42386,Region_42386
R42387,Region_42387
R42388,Region_42388
R42389,Region_42389
R42390,Region_42390
R42391,Region_42391
R42392,Region_42392
R42393,Region_42393
R42394,Region_42394
R42395,Region_42395
R42396,Region_42396
R42397,Region_42397
R42398,Region_42398
R42399,Region_42399
R42400,Region_42400
R42401,Region_42401
R42402,Region_42402
R42403,Region_42403
R42404,Region_42404
R42405,Region_42405
R42406,Region_42406
R42407,Region_42407
R42408,Region_42408
R42409,Region_42409
R42410,Region_42410
R42411,Region_42411
R42412,Region_42412
R42413,Region_42413
R42414,Region_42414
R42415,Region_42415
R42416,Region_42416
R42417,Region_42417
R42418,Region_42418
R42419,Region_42419
R42420,Region_42420
R42421,Region_42421
R42422,Region_42422
R42423,Region_42423
R42424,Region_42424
R42425,Region_42425
R42426,Region_42426
R42427,Region_42427
R42428,Region_42428
R42429,Region_42429
R42430,Region_42430
R42431,Region_42431
R42432,Region_42432
R42433,Region_42433
R42434,Region_42434
R42435,Region_42435
R42436,Region_42436
R42437,Region_42437
R42438,Region_42438
R42439,Region_42439
R42440,Region_42440
R42441,Region_42441
R42442,Region_42442
R42443,Region_42443
R42444,Region_42444
R42445,Region_42445
R42446,Region_42446
R42447,Region_42447
R42448,Region_42448
R42449,Region_42449
R42450,Region_42450
R42451,Region_42451
R42452,Region_42452
R42453,Region_42453
R42454,Region_42454
R42455,Region_42455
R42456,Region_42456
R42457,Region_42457
R42458,Region_42458
R42459,Region_42459
R42460,Region_42460
R42461,Region_42461
R42462,Region_42462
R42463,Region_42463
R42464,Region_42464
R42465,Region_42465
R42466,Region_42466
R42467,Region_42467
R42468,Region_42468
R42469,Region_42469
R42470,Region_42470
R42471,Region_42471
R42472,Region_42472
R42473,Region_42473
R42474,Region_42474
R42475,Region_42475
R42476,Region_42476
R42477,Region_42477
R42478,Region_42478
R42479,Region_42479
R42480,Region_42480
R42481,Region_42481
R42482,Region_42482
R42483,Region_42483
R42484,Region_42484
R42485,Region_42485
R42486,Region_42486
R42487,Region_42487
R42488,Region_42488
R42489,Region_42489
R42490,Region_42490
R42491,Region_42491
R42492,Region_42492
R42493,Region_42493
R42494,Region_42494
R42495,Region_42495
R42496,Region_42496
R42497,Region_42497
R42498,Region_42498
R42499,Region_42499
R42500,Region_42500
R42501,Region_42501
R42502,Region_42502
R42503,Region_42503
R42504,Region_42504
R42505,Region_42505
R42506,Region_42506
R42507,Region_42507
R42508,Region_42508
R42509,Region_42509
R42510,Region_42510
R42511,Region_42511
R42512,Region_42512
R42513,Region_42513
R42514,Region_42514
R42515,Region_42515
R42516,Region_42516
R42517,Region_42517
R42518,Region_42518
R42519,Region_42519
R42520,Region_42520
R42521,Region_42521
R42522,Region_42522
R42523,Region_42523
R42524,Region_42524
R42525,Region_42525
R42526,Region_42526
R42527,Region_42527
R42528,Region_42528
R42529,Region_42529
R42530,Region_42530
R42531,Region_42531
R42532,Region_42532
R42533,Region_42533
R42534,Region_42534
R42535,Region_42535
R42536,Region_42536
R42537,Region_42537
R42538,Region_42538
R42539,Region_42539
R42540,Region_42540
R42541,Region_42541
R42542,Region_42542
R42543,Region_42543
R42544,Region_42544
R42545,Region_42545
R42546,Region_42546
R42547,Region_42547
R42548,Region_42548
R42549,Region_42549
R42550,Region_42550
R42551,Region_42551
R42552,Region_42552
R42553,Region_42553
R42554,Region_42554
R42555,Region_42555
R42556,Region_42556
R42557,Region_42557
R42558,Region_42558
R42559,Region_42559
R42560,Region_42560
R42561,Region_42561
R42562,Region_42562
R42563,Region_42563
R42564,Region_42564
R42565,Region_42565
R42566,Region_42566
R42567,Region_42567
R42568,Region_42568
R42569,Region_42569
R42570,Region_42570
R42571,Region_42571
R42572,Region_42572
R42573,Region_42573
R42574,Region_42574
R42575,Region_42575
R42576,Region_42576
R42577,Region_42577
R42578,Region_42578
R42579,Region_42579
R42580,Region_42580
R42581,Region_42581
R42582,Region_42582
R42583,Region_42583
R42584,Region_42584
R42585,Region_42585
R42586,Region_42586
R42587,Region_42587
R42588,Region_42588
R42589,Region_42589
R42590,Region_42590
R42591,Region_42591
R42592,Region_42592
R42593,Region_42593
R42594,Region_42594
R42595,Region_42595
R42596,Region_42596
R42597,Region_42597
R42598,Region_42598
R42599,Region_42599
R42600,Region_42600
R42601,Region_42601
R42602,Region_42602
R42603,Region_42603
R42604,Region_42604
R42605,Region_42605
R42606,Region_42606
R42607,Region_42607
R42608,Region_42608
R42609,Region_42609
R42610,Region_42610
R42611,Region_42611
R42612,Region_42612
R42613,Region_42613
R42614,Region_42614
R42615,Region_42615
R42616,Region_42616
R42617,Region_42617
R42618,Region_42618
R42619,Region_42619
R42620,Region_42620
R42621,Region_42621
R42622,Region_42622
R42623,Region_42623
R42624,Region_42624
R42625,Region_42625
R42626,Region_42626
R42627,Region_42627
R42628,Region_42628
R42629,Region_42629
R42630,Region_42630
R42631,Region_42631
R42632,Region_42632
R42633,Region_42633
R42634,Region_42634
R42635,Region_42635
R42636,Region_42636
R42637,Region_42637
R42638,Region_42638
R42639,Region_42639
R42640,Region_42640
R42641,Region_42641
R42642,Region_42642
R42643,Region_42643
R42644,Region_42644
R42645,Region_42645
R42646,Region_42646
R42647,Region_42647
R42648,Region_42648
R42649,Region_42649
R42650,Region_42650
R42651,Region_42651
R42652,Region_42652
R42653,Region_42653
R42654,Region_42654
R42655,Region_42655
R42656,Region_42656
R42657,Region_42657
R42658,Region_42658
R42659,Region_42659
R42660,Region_42660
R42661,Region_42661
R42662,Region_42662
R42663,Region_42663
R42664,Region_42664
R42665,Region_42665
R42666,Region_42666
R42667,Region_42667
R42668,Region_42668
R42669,Region_42669
R42670,Region_42670
R42671,Region_42671
R42672,Region_42672
R42673,Region_42673
R42674,Region_42674
R42675,Region_42675
R42676,Region_42676
R42677,Region_42677
R42678,Region_42678
R42679,Region_42679
R42680,Region_42680
R42681,Region_42681
R42682,Region_42682
R42683,Region_42683
R42684,Region_42684
R42685,Region_42685
R42686,Region_42686
R42687,Region_42687
R42688,Region_42688
R42689,Region_42689
R42690,Region_42690
R42691,Region_42691
R42692,Region_42692
R42693,Region_42693
R42694,Region_42694
R42695,Region_42695
R42696,Region_42696
R42697,Region_42697
R42698,Region_42698
R42699,Region_42699
R42700,Region_42700
R42701,Region_42701
R42702,Region_42702
R42703,Region_42703
R42704,Region_42704
R42705,Region_42705
R42706,Region_42706
R42707,Region_42707
R42708,Region_42708
R42709,Region_42709
R42710,Region_42710
R42711,Region_42711
R42712,Region_42712
R42713,Region_42713
R42714,Region_42714
R42715,Region_42715
R42716,Region_42716
R42717,Region_42717
R42718,Region_42718
R42719,Region_42719
R42720,Region_42720
R42721,Region_42721
R42722,Region_42722
R42723,Region_42723
R42724,Region_42724
R42725,Region_42725
R42726,Region_42726
R42727,Region_42727
R42728,Region_42728
R42729,Region_42729
R42730,Region_42730
R42731,Region_42731
R42732,Region_42732
R42733,Region_42733
R42734,Region_42734
R42735,Region_42735
R42736,Region_42736
R42737,Region_42737
R42738,Region_42738
R42739,Region_42739
R42740,Region_42740
R42741,Region_42741
R42742,Region_42742
R42743,Region_42743
R42744,Region_42744
R42745,Region_42745
R42746,Region_42746
R42747,Region_42747
R42748,Region_42748
R42749,Region_42749
R42750,Region_42750
R42751,Region_42751
R42752,Region_42752
R42753,Region_42753
R42754,Region_42754
R42755,Region_42755
R42756,Region_42756
R42757,Region_42757
R42758,Region_42758
R42759,Region_42759
R42760,Region_42760
R42761,Region_42761
R42762,Region_42762
R42763,Region_42763
R42764,Region_42764
R42765,Region_42765
R42766,Region_42766
R42767,Region_42767
R42768,Region_42768
R42769,Region_42769
R42770,Region_42770
R42771,Region_42771
R42772,Region_42772
R42773,Region_42773
R42774,Region_42774
R42775,Region_42775
R42776,Region_42776
R42777,Region_42777
R42778,Region_42778
R42779,Region_42779
R42780,Region_42780
R42781,Region_42781
R42782,Region_42782
R42783,Region_42783
R42784,Region_42784
R42785,Region_42785
R42786,Region_42786
R42787,Region_42787
R42788,Region_42788
R42789,Region_42789
R42790,Region_42790
R42791,Region_42791
R42792,Region_42792
R42793,Region_42793
R42794,Region_42794
R42795,Region_42795
R42796,Region_42796
R42797,Region_42797
R42798,Region_42798
R42799,Region_42799
R42800,Region_42800
R42801,Region_42801
R42802,Region_42802
R42803,Region_42803
R42804,Region_42804
R42805,Region_42805
R42806,Region_42806
R42807,Region_42807
R42808,Region_42808
R42809,Region_42809
R42810,Region_42810
R42811,Region_42811
R42812,Region_42812
R42813,Region_42813
R42814,Region_42814
R42815,Region_42815
R42816,Region_42816
R42817,Region_42817
R42818,Region_42818
R42819,Region_42819
R42820,Region_42820
R42821,Region_42821
R42822,Region_42822
R42823,Region_42823
R42824,Region_42824
R42825,Region_42825
R42826,Region_42826
R42827,Region_42827
R42828,Region_42828
R42829,Region_42829
R42830,Region_42830
R42831,Region_42831
R42832,Region_42832
R42833,Region_42833
R42834,Region_42834
R42835,Region_42835
R42836,Region_42836
R42837,Region_42837
R42838,Region_42838
R42839,Region_42839
R42840,Region_42840
R42841,Region_42841
R42842,Region_42842
R42843,Region_42843
R42844,Region_42844
R42845,Region_42845
R42846,Region_42846
R42847,Region_42847
R42848,Region_42848
R42849,Region_42849
R42850,Region_42850
R42851,Region_42851
R42852,Region_42852
R42853,Region_42853
R42854,Region_42854
R42855,Region_42855
R42856,Region_42856
R42857,Region_42857
R42858,Region_42858
R42859,Region_42859
R42860,Region_42860
R42861,Region_42861
R42862,Region_42862
R42863,Region_42863
R42864,Region_42864
R42865,Region_42865
R42866,Region_42866
R42867,Region_42867
R42868,Region_42868
R42869,Region_42869
R42870,Region_42870
R42871,Region_42871
R42872,Region_42872
R42873,Region_42873
R42874,Region_42874
R42875,Region_42875
R42876,Region_42876
R42877,Region_42877
R42878,Region_42878
R42879,Region_42879
R42880,Region_42880
R42881,Region_42881
R42882,Region_42882
R42883,Region_42883
R42884,Region_42884
R42885,Region_42885
R42886,Region_42886
R42887,Region_42887
R42888,Region_42888
R42889,Region_42889
R42890,Region_42890
R42891,Region_42891
R42892,Region_42892
R42893,Region_42893
R42894,Region_42894
R42895,Region_42895
R42896,Region_42896
R42897,Region_42897
R42898,Region_42898
R42899,Region_42899
R42900,Region_42900
R42901,Region_42901
R42902,Region_42902
R42903,Region_42903
R42904,Region_42904
R42905,Region_42905
R42906,Region_42906
R42907,Region_42907
R42908,Region_42908
R42909,Region_42909
R42910,Region_42910
R42911,Region_42911
R42912,Region_42912
R42913,Region_42913
R42914,Region_42914
R42915,Region_42915
R42916,Region_42916
R42917,Region_42917
R42918,Region_42918
R42919,Region_42919
R42920,Region_42920
R42921,Region_42921
R42922,Region_42922
R42923,Region_42923
R42924,Region_42924
R42925,Region_42925
R42926,Region_42926
R42927,Region_42927
R42928,Region_42928
R42929,Region_42929
R42930,Region_42930
R42931,Region_42931
R42932,Region_42932
R42933,Region_42933
R42934,Region_42934
R42935,Region_42935
R42936,Region_42936
R42937,Region_42937
R42938,Region_42938
R42939,Region_42939
R42940,Region_42940
R42941,Region_42941
R42942,Region_42942
R42943,Region_42943
R42944,Region_42944
R42945,Region_42945
R42946,Region_42946
R42947,Region_42947
R42948,Region_42948
R42949,Region_42949
R42950,Region_42950
R42951,Region_42951
R42952,Region_42952
R42953,Region_42953
R42954,Region_42954
R42955,Region_42955
R42956,Region_42956
R42957,Region_42957
R42958,Region_42958
R42959,Region_42959
R42960,Region_42960
R42961,Region_42961
R42962,Region_42962
R42963,Region_42963
R42964,Region_42964
R42965,Region_42965
R42966,Region_42966
R42967,Region_42967
R42968,Region_42968
R42969,Region_42969
R42970,Region_42970
R42971,Region_42971
R42972,Region_42972
R42973,Region_42973
R42974,Region_42974
R42975,Region_42975
R42976,Region_42976
R42977,Region_42977
R42978,Region_42978
R42979,Region_42979
R42980,Region_42980
R42981,Region_42981
R42982,Region_42982
R42983,Region_42983
R42984,Region_42984
R42985,Region_42985
R42986,Region_42986
R42987,Region_42987
R42988,Region_42988
R42989,Region_42989
R42990,Region_42990
R42991,Region_42991
R42992,Region_42992
R42993,Region_42993
R42994,Region_42994
R42995,Region_42995
R42996,Region_42996
R42997,Region_42997
R42998,Region_42998
R42999,Region_42999
R43000,Region_43000
R43001,Region_43001
R43002,Region_43002
R43003,Region_43003
R43004,Region_43004
R43005,Region_43005
R43006,Region_43006
R43007,Region_43007
R43008,Region_43008
R43009,Region_43009
R43010,Region_43010
R43011,Region_43011
R43012,Region_43012
R43013,Region_43013
R43014,Region_43014
R43015,Region_43015
R43016,Region_43016
R43017,Region_43017
R43018,Region_43018
R43019,Region_43019
R43020,Region_43020
R43021,Region_43021
R43022,Region_43022
R43023,Region_43023
R43024,Region_43024
R43025,Region_43025
R43026,Region_43026
R43027,Region_43027
R43028,Region_43028
R43029,Region_43029
R43030,Region_43030
R43031,Region_43031
R43032,Region_43032
R43033,Region_43033
R43034,Region_43034
R43035,Region_43035
R43036,Region_43036
R43037,Region_43037
R43038,Region_43038
R43039,Region_43039
R43040,Region_43040
R43041,Region_43041
R43042,Region_43042
R43043,Region_43043
R43044,Region_43044
R43045,Region_43045
R43046,Region_43046
R43047,Region_43047
R43048,Region_43048
R43049,Region_43049
R43050,Region_43050
R43051,Region_43051
R43052,Region_43052
R43053,Region_43053
R43054,Region_43054
R43055,Region_43055
R43056,Region_43056
R43057,Region_43057
R43058,Region_43058
R43059,Region_43059
R43060,Region_43060
R43061,Region_43061
R43062,Region_43062
R43063,Region_43063
R43064,Region_43064
R43065,Region_43065
R43066,Region_43066
R43067,Region_43067
R43068,Region_43068
R43069,Region_43069
R43070,Region_43070
R43071,Region_43071
R43072,Region_43072
R43073,Region_43073
R43074,Region_43074
R43075,Region_43075
R43076,Region_43076
R43077,Region_43077
R43078,Region_43078
R43079,Region_43079
R43080,Region_43080
R43081,Region_43081
R43082,Region_43082
R43083,Region_43083
R43084,Region_43084
R43085,Region_43085
R43086,Region_43086
R43087,Region_43087
R43088,Region_43088
R43089,Region_43089
R43090,Region_43090
R43091,Region_43091
R43092,Region_43092
R43093,Region_43093
R43094,Region_43094
R43095,Region_43095
R43096,Region_43096
R43097,Region_43097
R43098,Region_43098
R43099,Region_43099
R43100,Region_43100
R43101,Region_43101
R43102,Region_43102
R43103,Region_43103
R43104,Region_43104
R43105,Region_43105
R43106,Region_43106
R43107,Region_43107
R43108,Region_43108
R43109,Region_43109
R43110,Region_43110
R43111,Region_43111
R43112,Region_43112
R43113,Region_43113
R43114,Region_43114
R43115,Region_43115
R43116,Region_43116
R43117,Region_43117
R43118,Region_43118
R43119,Region_43119
R43120,Region_43120
R43121,Region_43121
R43122,Region_43122
R43123,Region_43123
R43124,Region_43124
R43125,Region_43125
R43126,Region_43126
R43127,Region_43127
R43128,Region_43128
R43129,Region_43129
R43130,Region_43130
R43131,Region_43131
R43132,Region_43132
R43133,Region_43133
R43134,Region_43134
R43135,Region_43135
R43136,Region_43136
R43137,Region_43137
R43138,Region_43138
R43139,Region_43139
R43140,Region_43140
R43141,Region_43141
R43142,Region_43142
R43143,Region_43143
R43144,Region_43144
R43145,Region_43145
R43146,Region_43146
R43147,Region_43147
R43148,Region_43148
R43149,Region_43149
R43150,Region_43150
R43151,Region_43151
R43152,Region_43152
R43153,Region_43153
R43154,Region_43154
R43155,Region_43155
R43156,Region_43156
R43157,Region_43157
R43158,Region_43158
R43159,Region_43159
R43160,Region_43160
R43161,Region_43161
R43162,Region_43162
R43163,Region_43163
R43164,Region_43164
R43165,Region_43165
R43166,Region_43166
R43167,Region_43167
R43168,Region_43168
R43169,Region_43169
R43170,Region_43170
R43171,Region_43171
R43172,Region_43172
R43173,Region_43173
R43174,Region_43174
R43175,Region_43175
R43176,Region_43176
R43177,Region_43177
R43178,Region_43178
R43179,Region_43179
R43180,Region_43180
R43181,Region_43181
R43182,Region_43182
R43183,Region_43183
R43184,Region_43184
R43185,Region_43185
R43186,Region_43186
R43187,Region_43187
R43188,Region_43188
R43189,Region_43189
R43190,Region_43190
R43191,Region_43191
R43192,Region_43192
R43193,Region_43193
R43194,Region_43194
R43195,Region_43195
R43196,Region_43196
R43197,Region_43197
R43198,Region_43198
R43199,Region_43199
R43200,Region_43200
R43201,Region_43201
R43202,Region_43202
R43203,Region_43203
R43204,Region_43204
R43205,Region_43205
R43206,Region_43206
R43207,Region_43207
R43208,Region_43208
R43209,Region_43209
R43210,Region_43210
R43211,Region_43211
R43212,Region_43212
R43213,Region_43213
R43214,Region_43214
R43215,Region_43215
R43216,Region_43216
R43217,Region_43217
R43218,Region_43218
R43219,Region_43219
R43220,Region_43220
R43221,Region_43221
R43222,Region_43222
R43223,Region_43223
R43224,Region_43224
R43225,Region_43225
R43226,Region_43226
R43227,Region_43227
R43228,Region_43228
R43229,Region_43229
R43230,Region_43230
R43231,Region_43231
R43232,Region_43232
R43233,Region_43233
R43234,Region_43234
R43235,Region_43235
R43236,Region_43236
R43237,Region_43237
R43238,Region_43238
R43239,Region_43239
R43240,Region_43240
R43241,Region_43241
R43242,Region_43242
R43243,Region_43243
R43244,Region_43244
R43245,Region_43245
R43246,Region_43246
R43247,Region_43247
R43248,Region_43248
R43249,Region_43249
R43250,Region_43250
R43251,Region_43251
R43252,Region_43252
R43253,Region_43253
R43254,Region_43254
R43255,Region_43255
R43256,Region_43256
R43257,Region_43257
R43258,Region_43258
R43259,Region_43259
R43260,Region_43260
R43261,Region_43261
R43262,Region_43262
R43263,Region_43263
R43264,Region_43264
R43265,Region_43265
R43266,Region_43266
R43267,Region_43267
R43268,Region_43268
R43269,Region_43269
R43270,Region_43270
R43271,Region_43271
R43272,Region_43272
R43273,Region_43273
R43274,Region_43274
R43275,Region_43275
R43276,Region_43276
R43277,Region_43277
R43278,Region_43278
R43279,Region_43279
R43280,Region_43280
R43281,Region_43281
R43282,Region_43282
R43283,Region_43283
R43284,Region_43284
R43285,Region_43285
R43286,Region_43286
R43287,Region_43287
R43288,Region_43288
R43289,Region_43289
R43290,Region_43290
R43291,Region_43291
R43292,Region_43292
R43293,Region_43293
R43294,Region_43294
R43295,Region_43295
R43296,Region_43296
R43297,Region_43297
R43298,Region_43298
R43299,Region_43299
R43300,Region_43300
R43301,Region_43301
R43302,Region_43302
R43303,Region_43303
R43304,Region_43304
R43305,Region_43305
R43306,Region_43306
R43307,Region_43307
R43308,Region_43308
R43309,Region_43309
R43310,Region_43310
R43311,Region_43311
R43312,Region_43312
R43313,Region_43313
R43314,Region_43314
R43315,Region_43315
R43316,Region_43316
R43317,Region_43317
R43318,Region_43318
R43319,Region_43319
R43320,Region_43320
R43321,Region_43321
R43322,Region_43322
R43323,Region_43323
R43324,Region_43324
R43325,Region_43325
R43326,Region_43326
R43327,Region_43327
R43328,Region_43328
R43329,Region_43329
R43330,Region_43330
R43331,Region_43331
R43332,Region_43332
R43333,Region_43333
R43334,Region_43334
R43335,Region_43335
R43336,Region_43336
R43337,Region_43337
R43338,Region_43338
R43339,Region_43339
R43340,Region_43340
R43341,Region_43341
R43342,Region_43342
R43343,Region_43343
R43344,Region_43344
R43345,Region_43345
R43346,Region_43346
R43347,Region_43347
R43348,Region_43348
R43349,Region_43349
R43350,Region_43350
R43351,Region_43351
R43352,Region_43352
R43353,Region_43353
R43354,Region_43354
R43355,Region_43355
R43356,Region_43356
R43357,Region_43357
R43358,Region_43358
R43359,Region_43359
R43360,Region_43360
R43361,Region_43361
R43362,Region_43362
R43363,Region_43363
R43364,Region_43364
R43365,Region_43365
R43366,Region_43366
R43367,Region_43367
R43368,Region_43368
R43369,Region_43369
R43370,Region_43370
R43371,Region_43371
R43372,Region_43372
R43373,Region_43373
R43374,Region_43374
R43375,Region_43375
R43376,Region_43376
R43377,Region_43377
R43378,Region_43378
R43379,Region_43379
R43380,Region_43380
R43381,Region_43381
R43382,Region_43382
R43383,Region_43383
R43384,Region_43384
R43385,Region_43385
R43386,Region_43386
R43387,Region_43387
R43388,Region_43388
R43389,Region_43389
R43390,Region_43390
R43391,Region_43391
R43392,Region_43392
R43393,Region_43393
R43394,Region_43394
R43395,Region_43395
R43396,Region_43396
R43397,Region_43397
R43398,Region_43398
R43399,Region_43399
R43400,Region_43400
R43401,Region_43401
R43402,Region_43402
R43403,Region_43403
R43404,Region_43404
R43405,Region_43405
R43406,Region_43406
R43407,Region_43407
R43408,Region_43408
R43409,Region_43409
R43410,Region_43410
R43411,Region_43411
R43412,Region_43412
R43413,Region_43413
R43414,Region_43414
R43415,Region_43415
R43416,Region_43416
R43417,Region_43417
R43418,Region_43418
R43419,Region_43419
R43420,Region_43420
R43421,Region_43421
R43422,Region_43422
R43423,Region_43423
R43424,Region_43424
R43425,Region_43425
R43426,Region_43426
R43427,Region_43427
R43428,Region_43428
R43429,Region_43429
R43430,Region_43430
R43431,Region_43431
R43432,Region_43432
R43433,Region_43433
R43434,Region_43434
R43435,Region_43435
R43436,Region_43436
R43437,Region_43437
R43438,Region_43438
R43439,Region_43439
R43440,Region_43440
R43441,Region_43441
R43442,Region_43442
R43443,Region_43443
R43444,Region_43444
R43445,Region_43445
R43446,Region_43446
R43447,Region_43447
R43448,Region_43448
R43449,Region_43449
R43450,Region_43450
R43451,Region_43451
R43452,Region_43452
R43453,Region_43453
R43454,Region_43454
R43455,Region_43455
R43456,Region_43456
R43457,Region_43457
R43458,Region_43458
R43459,Region_43459
R43460,Region_43460
R43461,Region_43461
R43462,Region_43462
R43463,Region_43463
R43464,Region_43464
R43465,Region_43465
R43466,Region_43466
R43467,Region_43467
R43468,Region_43468
R43469,Region_43469
R43470,Region_43470
R43471,Region_43471
R43472,Region_43472
R43473,Region_43473
R43474,Region_43474
R43475,Region_43475
R43476,Region_43476
R43477,Region_43477
R43478,Region_43478
R43479,Region_43479
R43480,Region_43480
R43481,Region_43481
R43482,Region_43482
R43483,Region_43483
R43484,Region_43484
R43485,Region_43485
R43486,Region_43486
R43487,Region_43487
R43488,Region_43488
R43489,Region_43489
R43490,Region_43490
R43491,Region_43491
R43492,Region_43492
R43493,Region_43493
R43494,Region_43494
R43495,Region_43495
R43496,Region_43496
R43497,Region_43497
R43498,Region_43498
R43499,Region_43499
R43500,Region_43500
R43501,Region_43501
R43502,Region_43502
R43503,Region_43503
R43504,Region_43504
R43505,Region_43505
R43506,Region_43506
R43507,Region_43507
R43508,Region_43508
R43509,Region_43509
R43510,Region_43510
R43511,Region_43511
R43512,Region_43512
R43513,Region_43513
R43514,Region_43514
R43515,Region_43515
R43516,Region_43516
R43517,Region_43517
R43518,Region_43518
R43519,Region_43519
R43520,Region_43520
R43521,Region_43521
R43522,Region_43522
R43523,Region_43523
R43524,Region_43524
R43525,Region_43525
R43526,Region_43526
R43527,Region_43527
R43528,Region_43528
R43529,Region_43529
R43530,Region_43530
R43531,Region_43531
R43532,Region_43532
R43533,Region_43533
R43534,Region_43534
R43535,Region_43535
R43536,Region_43536
R43537,Region_43537
R43538,Region_43538
R43539,Region_43539
R43540,Region_43540
R43541,Region_43541
R43542,Region_43542
R43543,Region_43543
R43544,Region_43544
R43545,Region_43545
R43546,Region_43546
R43547,Region_43547
R43548,Region_43548
R43549,Region_43549
R43550,Region_43550
R43551,Region_43551
R43552,Region_43552
R43553,Region_43553
R43554,Region_43554
R43555,Region_43555
R43556,Region_43556
R43557,Region_43557
R43558,Region_43558
R43559,Region_43559
R43560,Region_43560
R43561,Region_43561
R43562,Region_43562
R43563,Region_43563
R43564,Region_43564
R43565,Region_43565
R43566,Region_43566
R43567,Region_43567
R43568,Region_43568
R43569,Region_43569
R43570,Region_43570
R43571,Region_43571
R43572,Region_43572
R43573,Region_43573
R43574,Region_43574
R43575,Region_43575
R43576,Region_43576
R43577,Region_43577
R43578,Region_43578
R43579,Region_43579
R43580,Region_43580
R43581,Region_43581
R43582,Region_43582
R43583,Region_43583
R43584,Region_43584
R43585,Region_43585
R43586,Region_43586
R43587,Region_43587
R43588,Region_43588
R43589,Region_43589
R43590,Region_43590
R43591,Region_43591
R43592,Region_43592
R43593,Region_43593
R43594,Region_43594
R43595,Region_43595
R43596,Region_43596
R43597,Region_43597
R43598,Region_43598
R43599,Region_43599
R43600,Region_43600
R43601,Region_43601
R43602,Region_43602
R43603,Region_43603
R43604,Region_43604
R43605,Region_43605
R43606,Region_43606
R43607,Region_43607
R43608,Region_43608
R43609,Region_43609
R43610,Region_43610
R43611,Region_43611
R43612,Region_43612
R43613,Region_43613
R43614,Region_43614
R43615,Region_43615
R43616,Region_43616
R43617,Region_43617
R43618,Region_43618
R43619,Region_43619
R43620,Region_43620
R43621,Region_43621
R43622,Region_43622
R43623,Region_43623
R43624,Region_43624
R43625,Region_43625
R43626,Region_43626
R43627,Region_43627
R43628,Region_43628
R43629,Region_43629
R43630,Region_43630
R43631,Region_43631
R43632,Region_43632
R43633,Region_43633
R43634,Region_43634
R43635,Region_43635
R43636,Region_43636
R43637,Region_43637
R43638,Region_43638
R43639,Region_43639
R43640,Region_43640
R43641,Region_43641
R43642,Region_43642
R43643,Region_43643
R43644,Region_43644
R43645,Region_43645
R43646,Region_43646
R43647,Region_43647
R43648,Region_43648
R43649,Region_43649
R43650,Region_43650
R43651,Region_43651
R43652,Region_43652
R43653,Region_43653
R43654,Region_43654
R43655,Region_43655
R43656,Region_43656
R43657,Region_43657
R43658,Region_43658
R43659,Region_43659
R43660,Region_43660
R43661,Region_43661
R43662,Region_43662
R43663,Region_43663
R43664,Region_43664
R43665,Region_43665
R43666,Region_43666
R43667,Region_43667
R43668,Region_43668
R43669,Region_43669
R43670,Region_43670
R43671,Region_43671
R43672,Region_43672
R43673,Region_43673
R43674,Region_43674
R43675,Region_43675
R43676,Region_43676
R43677,Region_43677
R43678,Region_43678
R43679,Region_43679
R43680,Region_43680
R43681,Region_43681
R43682,Region_43682
R43683,Region_43683
R43684,Region_43684
R43685,Region_43685
R43686,Region_43686
R43687,Region_43687
R43688,Region_43688
R43689,Region_43689
R43690,Region_43690
R43691,Region_43691
R43692,Region_43692
R43693,Region_43693
R43694,Region_43694
R43695,Region_43695
R43696,Region_43696
R43697,Region_43697
R43698,Region_43698
R43699,Region_43699
R43700,Region_43700
R43701,Region_43701
R43702,Region_43702
R43703,Region_43703
R43704,Region_43704
R43705,Region_43705
R43706,Region_43706
R43707,Region_43707
R43708,Region_43708
R43709,Region_43709
R43710,Region_43710
R43711,Region_43711
R43712,Region_43712
R43713,Region_43713
R43714,Region_43714
R43715,Region_43715
R43716,Region_43716
R43717,Region_43717
R43718,Region_43718
R43719,Region_43719
R43720,Region_43720
R43721,Region_43721
R43722,Region_43722
R43723,Region_43723
R43724,Region_43724
R43725,Region_43725
R43726,Region_43726
R43727,Region_43727
R43728,Region_43728
R43729,Region_43729
R43730,Region_43730
R43731,Region_43731
R43732,Region_43732
R43733,Region_43733
R43734,Region_43734
R43735,Region_43735
R43736,Region_43736
R43737,Region_43737
R43738,Region_43738
R43739,Region_43739
R43740,Region_43740
R43741,Region_43741
R43742,Region_43742
R43743,Region_43743
R43744,Region_43744
R43745,Region_43745
R43746,Region_43746
R43747,Region_43747
R43748,Region_43748
R43749,Region_43749
R43750,Region_43750
R43751,Region_43751
R43752,Region_43752
R43753,Region_43753
R43754,Region_43754
R43755,Region_43755
R43756,Region_43756
R43757,Region_43757
R43758,Region_43758
R43759,Region_43759
R43760,Region_43760
R43761,Region_43761
R43762,Region_43762
R43763,Region_43763
R43764,Region_43764
R43765,Region_43765
R43766,Region_43766
R43767,Region_43767
R43768,Region_43768
R43769,Region_43769
R43770,Region_43770
R43771,Region_43771
R43772,Region_43772
R43773,Region_43773
R43774,Region_43774
R43775,Region_43775
R43776,Region_43776
R43777,Region_43777
R43778,Region_43778
R43779,Region_43779
R43780,Region_43780
R43781,Region_43781
R43782,Region_43782
R43783,Region_43783
R43784,Region_43784
R43785,Region_43785
R43786,Region_43786
R43787,Region_43787
R43788,Region_43788
R43789,Region_43789
R43790,Region_43790
R43791,Region_43791
R43792,Region_43792
R43793,Region_43793
R43794,Region_43794
R43795,Region_43795
R43796,Region_43796
R43797,Region_43797
R43798,Region_43798
R43799,Region_43799
R43800,Region_43800
R43801,Region_43801
R43802,Region_43802
R43803,Region_43803
R43804,Region_43804
R43805,Region_43805
R43806,Region_43806
R43807,Region_43807
R43808,Region_43808
R43809,Region_43809
R43810,Region_43810
R43811,Region_43811
R43812,Region_43812
R43813,Region_43813
R43814,Region_43814
R43815,Region_43815
R43816,Region_43816
R43817,Region_43817
R43818,Region_43818
R43819,Region_43819
R43820,Region_43820
R43821,Region_43821
R43822,Region_43822
R43823,Region_43823
R43824,Region_43824
R43825,Region_43825
R43826,Region_43826
R43827,Region_43827
R43828,Region_43828
R43829,Region_43829
R43830,Region_43830
R43831,Region_43831
R43832,Region_43832
R43833,Region_43833
R43834,Region_43834
R43835,Region_43835
R43836,Region_43836
R43837,Region_43837
R43838,Region_43838
R43839,Region_43839
R43840,Region_43840
R43841,Region_43841
R43842,Region_43842
R43843,Region_43843
R43844,Region_43844
R43845,Region_43845
R43846,Region_43846
R43847,Region_43847
R43848,Region_43848
R43849,Region_43849
R43850,Region_43850
R43851,Region_43851
R43852,Region_43852
R43853,Region_43853
R43854,Region_43854
R43855,Region_43855
R43856,Region_43856
R43857,Region_43857
R43858,Region_43858
R43859,Region_43859
R43860,Region_43860
R43861,Region_43861
R43862,Region_43862
R43863,Region_43863
R43864,Region_43864
R43865,Region_43865
R43866,Region_43866
R43867,Region_43867
R43868,Region_43868
R43869,Region_43869
R43870,Region_43870
R43871,Region_43871
R43872,Region_43872
R43873,Region_43873
R43874,Region_43874
R43875,Region_43875
R43876,Region_43876
R43877,Region_43877
R43878,Region_43878
R43879,Region_43879
R43880,Region_43880
R43881,Region_43881
R43882,Region_43882
R43883,Region_43883
R43884,Region_43884
R43885,Region_43885
R43886,Region_43886
R43887,Region_43887
R43888,Region_43888
R43889,Region_43889
R43890,Region_43890
R43891,Region_43891
R43892,Region_43892
R43893,Region_43893
R43894,Region_43894
R43895,Region_43895
R43896,Region_43896
R43897,Region_43897
R43898,Region_43898
R43899,Region_43899
R43900,Region_43900
R43901,Region_43901
R43902,Region_43902
R43903,Region_43903
R43904,Region_43904
R43905,Region_43905
R43906,Region_43906
R43907,Region_43907
R43908,Region_43908
R43909,Region_43909
R43910,Region_43910
R43911,Region_43911
R43912,Region_43912
R43913,Region_43913
R43914,Region_43914
R43915,Region_43915
R43916,Region_43916
R43917,Region_43917
R43918,Region_43918
R43919,Region_43919
R43920,Region_43920
R43921,Region_43921
R43922,Region_43922
R43923,Region_43923
R43924,Region_43924
R43925,Region_43925
R43926,Region_43926
R43927,Region_43927
R43928,Region_43928
R43929,Region_43929
R43930,Region_43930
R43931,Region_43931
R43932,Region_43932
R43933,Region_43933
R43934,Region_43934
R43935,Region_43935
R43936,Region_43936
R43937,Region_43937
R43938,Region_43938
R43939,Region_43939
R43940,Region_43940
R43941,Region_43941
R43942,Region_43942
R43943,Region_43943
R43944,Region_43944
R43945,Region_43945
R43946,Region_43946
R43947,Region_43947
R43948,Region_43948
R43949,Region_43949
R43950,Region_43950
R43951,Region_43951
R43952,Region_43952
R43953,Region_43953
R43954,Region_43954
R43955,Region_43955
R43956,Region_43956
R43957,Region_43957
R43958,Region_43958
R43959,Region_43959
R43960,Region_43960
R43961,Region_43961
R43962,Region_43962
R43963,Region_43963
R43964,Region_43964
R43965,Region_43965
R43966,Region_43966
R43967,Region_43967
R43968,Region_43968
R43969,Region_43969
R43970,Region_43970
R43971,Region_43971
R43972,Region_43972
R43973,Region_43973
R43974,Region_43974
R43975,Region_43975
R43976,Region_43976
R43977,Region_43977
R43978,Region_43978
R43979,Region_43979
R43980,Region_43980
R43981,Region_43981
R43982,Region_43982
R43983,Region_43983
R43984,Region_43984
R43985,Region_43985
R43986,Region_43986
R43987,Region_43987
R43988,Region_43988
R43989,Region_43989
R43990,Region_43990
R43991,Region_43991
R43992,Region_43992
R43993,Region_43993
R43994,Region_43994
R43995,Region_43995
R43996,Region_43996
R43997,Region_43997
R43998,Region_43998
R43999,Region_43999
R44000,Region_44000
R44001,Region_44001
R44002,Region_44002
R44003,Region_44003
R44004,Region_44004
R44005,Region_44005
R44006,Region_44006
R44007,Region_44007
R44008,Region_44008
R44009,Region_44009
R44010,Region_44010
R44011,Region_44011
R44012,Region_44012
R44013,Region_44013
R44014,Region_44014
R44015,Region_44015
R44016,Region_44016
R44017,Region_44017
R44018,Region_44018
R44019,Region_44019
R44020,Region_44020
R44021,Region_44021
R44022,Region_44022
R44023,Region_44023
R44024,Region_44024
R44025,Region_44025
R44026,Region_44026
R44027,Region_44027
R44028,Region_44028
R44029,Region_44029
R44030,Region_44030
R44031,Region_44031
R44032,Region_44032
R44033,Region_44033
R44034,Region_44034
R44035,Region_44035
R44036,Region_44036
R44037,Region_44037
R44038,Region_44038
R44039,Region_44039
R44040,Region_44040
R44041,Region_44041
R44042,Region_44042
R44043,Region_44043
R44044,Region_44044
R44045,Region_44045
R44046,Region_44046
R44047,Region_44047
R44048,Region_44048
R44049,Region_44049
R44050,Region_44050
R44051,Region_44051
R44052,Region_44052
R44053,Region_44053
R44054,Region_44054
R44055,Region_44055
R44056,Region_44056
R44057,Region_44057
R44058,Region_44058
R44059,Region_44059
R44060,Region_44060
R44061,Region_44061
R44062,Region_44062
R44063,Region_44063
R44064,Region_44064
R44065,Region_44065
R44066,Region_44066
R44067,Region_44067
R44068,Region_44068
R44069,Region_44069
R44070,Region_44070
R44071,Region_44071
R44072,Region_44072
R44073,Region_44073
R44074,Region_44074
R44075,Region_44075
R44076,Region_44076
R44077,Region_44077
R44078,Region_44078
R44079,Region_44079
R44080,Region_44080
R44081,Region_44081
R44082,Region_44082
R44083,Region_44083
R44084,Region_44084
R44085,Region_44085
R44086,Region_44086
R44087,Region_44087
R44088,Region_44088
R44089,Region_44089
R44090,Region_44090
R44091,Region_44091
R44092,Region_44092
R44093,Region_44093
R44094,Region_44094
R44095,Region_44095
R44096,Region_44096
R44097,Region_44097
R44098,Region_44098
R44099,Region_44099
R44100,Region_44100
R44101,Region_44101
R44102,Region_44102
R44103,Region_44103
R44104,Region_44104
R44105,Region_44105
R44106,Region_44106
R44107,Region_44107
R44108,Region_44108
R44109,Region_44109
R44110,Region_44110
R44111,Region_44111
R44112,Region_44112
R44113,Region_44113
R44114,Region_44114
R44115,Region_44115
R44116,Region_44116
R44117,Region_44117
R44118,Region_44118
R44119,Region_44119
R44120,Region_44120
R44121,Region_44121
R44122,Region_44122
R44123,Region_44123
R44124,Region_44124
R44125,Region_44125
R44126,Region_44126
R44127,Region_44127
R44128,Region_44128
R44129,Region_44129
R44130,Region_44130
R44131,Region_44131
R44132,Region_44132
R44133,Region_44133
R44134,Region_44134
R44135,Region_44135
R44136,Region_44136
R44137,Region_44137
R44138,Region_44138
R44139,Region_44139
R44140,Region_44140
R44141,Region_44141
R44142,Region_44142
R44143,Region_44143
R44144,Region_44144
R44145,Region_44145
R44146,Region_44146
R44147,Region_44147
R44148,Region_44148
R44149,Region_44149
R44150,Region_44150
R44151,Region_44151
R44152,Region_44152
R44153,Region_44153
R44154,Region_44154
R44155,Region_44155
R44156,Region_44156
R44157,Region_44157
R44158,Region_44158
R44159,Region_44159
R44160,Region_44160
R44161,Region_44161
R44162,Region_44162
R44163,Region_44163
R44164,Region_44164
R44165,Region_44165
R44166,Region_44166
R44167,Region_44167
R44168,Region_44168
R44169,Region_44169
R44170,Region_44170
R44171,Region_44171
R44172,Region_44172
R44173,Region_44173
R44174,Region_44174
R44175,Region_44175
R44176,Region_44176
R44177,Region_44177
R44178,Region_44178
R44179,Region_44179
R44180,Region_44180
R44181,Region_44181
R44182,Region_44182
R44183,Region_44183
R44184,Region_44184
R44185,Region_44185
R44186,Region_44186
R44187,Region_44187
R44188,Region_44188
R44189,Region_44189
R44190,Region_44190
R44191,Region_44191
R44192,Region_44192
R44193,Region_44193
R44194,Region_44194
R44195,Region_44195
R44196,Region_44196
R44197,Region_44197
R44198,Region_44198
R44199,Region_44199
R44200,Region_44200
R44201,Region_44201
R44202,Region_44202
R44203,Region_44203
R44204,Region_44204
R44205,Region_44205
R44206,Region_44206
R44207,Region_44207
R44208,Region_44208
R44209,Region_44209
R44210,Region_44210
R44211,Region_44211
R44212,Region_44212
R44213,Region_44213
R44214,Region_44214
R44215,Region_44215
R44216,Region_44216
R44217,Region_44217
R44218,Region_44218
R44219,Region_44219
R44220,Region_44220
R44221,Region_44221
R44222,Region_44222
R44223,Region_44223
R44224,Region_44224
R44225,Region_44225
R44226,Region_44226
R44227,Region_44227
R44228,Region_44228
R44229,Region_44229
R44230,Region_44230
R44231,Region_44231
R44232,Region_44232
R44233,Region_44233
R44234,Region_44234
R44235,Region_44235
R44236,Region_44236
R44237,Region_44237
R44238,Region_44238
R44239,Region_44239
R44240,Region_44240
R44241,Region_44241
R44242,Region_44242
R44243,Region_44243
R44244,Region_44244
R44245,Region_44245
R44246,Region_44246
R44247,Region_44247
R44248,Region_44248
R44249,Region_44249
R44250,Region_44250
R44251,Region_44251
R44252,Region_44252
R44253,Region_44253
R44254,Region_44254
R44255,Region_44255
R44256,Region_44256
R44257,Region_44257
R44258,Region_44258
R44259,Region_44259
R44260,Region_44260
R44261,Region_44261
R44262,Region_44262
R44263,Region_44263
R44264,Region_44264
R44265,Region_44265
R44266,Region_44266
R44267,Region_44267
R44268,Region_44268
R44269,Region_44269
R44270,Region_44270
R44271,Region_44271
R44272,Region_44272
R44273,Region_44273
R44274,Region_44274
R44275,Region_44275
R44276,Region_44276
R44277,Region_44277
R44278,Region_44278
R44279,Region_44279
R44280,Region_44280
R44281,Region_44281
R44282,Region_44282
R44283,Region_44283
R44284,Region_44284
R44285,Region_44285
R44286,Region_44286
R44287,Region_44287
R44288,Region_44288
R44289,Region_44289
R44290,Region_44290
R44291,Region_44291
R44292,Region_44292
R44293,Region_44293
R44294,Region_44294
R44295,Region_44295
R44296,Region_44296
R44297,Region_44297
R44298,Region_44298
R44299,Region_44299
R44300,Region_44300
R44301,Region_44301
R44302,Region_44302
R44303,Region_44303
R44304,Region_44304
R44305,Region_44305
R44306,Region_44306
R44307,Region_44307
R44308,Region_44308
R44309,Region_44309
R44310,Region_44310
R44311,Region_44311
R44312,Region_44312
R44313,Region_44313
R44314,Region_44314
R44315,Region_44315
R44316,Region_44316
R44317,Region_44317
R44318,Region_44318
R44319,Region_44319
R44320,Region_44320
R44321,Region_44321
R44322,Region_44322
R44323,Region_44323
R44324,Region_44324
R44325,Region_44325
R44326,Region_44326
R44327,Region_44327
R44328,Region_44328
R44329,Region_44329
R44330,Region_44330
R44331,Region_44331
R44332,Region_44332
R44333,Region_44333
R44334,Region_44334
R44335,Region_44335
R44336,Region_44336
R44337,Region_44337
R44338,Region_44338
R44339,Region_44339
R44340,Region_44340
R44341,Region_44341
R44342,Region_44342
R44343,Region_44343
R44344,Region_44344
R44345,Region_44345
R44346,Region_44346
R44347,Region_44347
R44348,Region_44348
R44349,Region_44349
R44350,Region_44350
R44351,Region_44351
R44352,Region_44352
R44353,Region_44353
R44354,Region_44354
R44355,Region_44355
R44356,Region_44356
R44357,Region_44357
R44358,Region_44358
R44359,Region_44359
R44360,Region_44360
R44361,Region_44361
R44362,Region_44362
R44363,Region_44363
R44364,Region_44364
R44365,Region_44365
R44366,Region_44366
R44367,Region_44367
R44368,Region_44368
R44369,Region_44369
R44370,Region_44370
R44371,Region_44371
R44372,Region_44372
R44373,Region_44373
R44374,Region_44374
R44375,Region_44375
R44376,Region_44376
R44377,Region_44377
R44378,Region_44378
R44379,Region_44379
R44380,Region_44380
R44381,Region_44381
R44382,Region_44382
R44383,Region_44383
R44384,Region_44384
R44385,Region_44385
R44386,Region_44386
R44387,Region_44387
R44388,Region_44388
R44389,Region_44389
R44390,Region_44390
R44391,Region_44391
R44392,Region_44392
R44393,Region_44393
R44394,Region_44394
R44395,Region_44395
R44396,Region_44396
R44397,Region_44397
R44398,Region_44398
R44399,Region_44399
R44400,Region_44400
R44401,Region_44401
R44402,Region_44402
R44403,Region_44403
R44404,Region_44404
R44405,Region_44405
R44406,Region_44406
R44407,Region_44407
R44408,Region_44408
R44409,Region_44409
R44410,Region_44410
R44411,Region_44411
R44412,Region_44412
R44413,Region_44413
R44414,Region_44414
R44415,Region_44415
R44416,Region_44416
R44417,Region_44417
R44418,Region_44418
R44419,Region_44419
R44420,Region_44420
R44421,Region_44421
R44422,Region_44422
R44423,Region_44423
R44424,Region_44424
R44425,Region_44425
R44426,Region_44426
R44427,Region_44427
R44428,Region_44428
R44429,Region_44429
R44430,Region_44430
R44431,Region_44431
R44432,Region_44432
R44433,Region_44433
R44434,Region_44434
R44435,Region_44435
R44436,Region_44436
R44437,Region_44437
R44438,Region_44438
R44439,Region_44439
R44440,Region_44440
R44441,Region_44441
R44442,Region_44442
R44443,Region_44443
R44444,Region_44444
R44445,Region_44445
R44446,Region_44446
R44447,Region_44447
R44448,Region_44448
R44449,Region_44449
R44450,Region_44450
R44451,Region_44451
R44452,Region_44452
R44453,Region_44453
R44454,Region_44454
R44455,Region_44455
R44456,Region_44456
R44457,Region_44457
R44458,Region_44458
R44459,Region_44459
R44460,Region_44460
R44461,Region_44461
R44462,Region_44462
R44463,Region_44463
R44464,Region_44464
R44465,Region_44465
R44466,Region_44466
R44467,Region_44467
R44468,Region_44468
R44469,Region_44469
R44470,Region_44470
R44471,Region_44471
R44472,Region_44472
R44473,Region_44473
R44474,Region_44474
R44475,Region_44475
R44476,Region_44476
R44477,Region_44477
R44478,Region_44478
R44479,Region_44479
R44480,Region_44480
R44481,Region_44481
R44482,Region_44482
R44483,Region_44483
R44484,Region_44484
R44485,Region_44485
R44486,Region_44486
R44487,Region_44487
R44488,Region_44488
R44489,Region_44489
R44490,Region_44490
R44491,Region_44491
R44492,Region_44492
R44493,Region_44493
R44494,Region_44494
R44495,Region_44495
R44496,Region_44496
R44497,Region_44497
R44498,Region_44498
R44499,Region_44499
R44500,Region_44500
R44501,Region_44501
R44502,Region_44502
R44503,Region_44503
R44504,Region_44504
R44505,Region_44505
R44506,Region_44506
R44507,Region_44507
R44508,Region_44508
R44509,Region_44509
R44510,Region_44510
R44511,Region_44511
R44512,Region_44512
R44513,Region_44513
R44514,Region_44514
R44515,Region_44515
R44516,Region_44516
R44517,Region_44517
R44518,Region_44518
R44519,Region_44519
R44520,Region_44520
R44521,Region_44521
R44522,Region_44522
R44523,Region_44523
R44524,Region_44524
R44525,Region_44525
R44526,Region_44526
R44527,Region_44527
R44528,Region_44528
R44529,Region_44529
R44530,Region_44530
R44531,Region_44531
R44532,Region_44532
R44533,Region_44533
R44534,Region_44534
R44535,Region_44535
R44536,Region_44536
R44537,Region_44537
R44538,Region_44538
R44539,Region_44539
R44540,Region_44540
R44541,Region_44541
R44542,Region_44542
R44543,Region_44543
R44544,Region_44544
R44545,Region_44545
R44546,Region_44546
R44547,Region_44547
R44548,Region_44548
R44549,Region_44549
R44550,Region_44550
R44551,Region_44551
R44552,Region_44552
R44553,Region_44553
R44554,Region_44554
R44555,Region_44555
R44556,Region_44556
R44557,Region_44557
R44558,Region_44558
R44559,Region_44559
R44560,Region_44560
R44561,Region_44561
R44562,Region_44562
R44563,Region_44563
R44564,Region_44564
R44565,Region_44565
R44566,Region_44566
R44567,Region_44567
R44568,Region_44568
R44569,Region_44569
R44570,Region_44570
R44571,Region_44571
R44572,Region_44572
R44573,Region_44573
R44574,Region_44574
R44575,Region_44575
R44576,Region_44576
R44577,Region_44577
R44578,Region_44578
R44579,Region_44579
R44580,Region_44580
R44581,Region_44581
R44582,Region_44582
R44583,Region_44583
R44584,Region_44584
R44585,Region_44585
R44586,Region_44586
R44587,Region_44587
R44588,Region_44588
R44589,Region_44589
R44590,Region_44590
R44591,Region_44591
R44592,Region_44592
R44593,Region_44593
R44594,Region_44594
R44595,Region_44595
R44596,Region_44596
R44597,Region_44597
R44598,Region_44598
R44599,Region_44599
R44600,Region_44600
R44601,Region_44601
R44602,Region_44602
R44603,Region_44603
R44604,Region_44604
R44605,Region_44605
R44606,Region_44606
R44607,Region_44607
R44608,Region_44608
R44609,Region_44609
R44610,Region_44610
R44611,Region_44611
R44612,Region_44612
R44613,Region_44613
R44614,Region_44614
R44615,Region_44615
R44616,Region_44616
R44617,Region_44617
R44618,Region_44618
R44619,Region_44619
R44620,Region_44620
R44621,Region_44621
R44622,Region_44622
R44623,Region_44623
R44624,Region_44624
R44625,Region_44625
R44626,Region_44626
R44627,Region_44627
R44628,Region_44628
R44629,Region_44629
R44630,Region_44630
R44631,Region_44631
R44632,Region_44632
R44633,Region_44633
R44634,Region_44634
R44635,Region_44635
R44636,Region_44636
R44637,Region_44637
R44638,Region_44638
R44639,Region_44639
R44640,Region_44640
R44641,Region_44641
R44642,Region_44642
R44643,Region_44643
R44644,Region_44644
R44645,Region_44645
R44646,Region_44646
R44647,Region_44647
R44648,Region_44648
R44649,Region_44649
R44650,Region_44650
R44651,Region_44651
R44652,Region_44652
R44653,Region_44653
R44654,Region_44654
R44655,Region_44655
R44656,Region_44656
R44657,Region_44657
R44658,Region_44658
R44659,Region_44659
R44660,Region_44660
R44661,Region_44661
R44662,Region_44662
R44663,Region_44663
R44664,Region_44664
R44665,Region_44665
R44666,Region_44666
R44667,Region_44667
R44668,Region_44668
R44669,Region_44669
R44670,Region_44670
R44671,Region_44671
R44672,Region_44672
R44673,Region_44673
R44674,Region_44674
R44675,Region_44675
R44676,Region_44676
R44677,Region_44677
R44678,Region_44678
R44679,Region_44679
R44680,Region_44680
R44681,Region_44681
R44682,Region_44682
R44683,Region_44683
R44684,Region_44684
R44685,Region_44685
R44686,Region_44686
R44687,Region_44687
R44688,Region_44688
R44689,Region_44689
R44690,Region_44690
R44691,Region_44691
R44692,Region_44692
R44693,Region_44693
R44694,Region_44694
R44695,Region_44695
R44696,Region_44696
R44697,Region_44697
R44698,Region_44698
R44699,Region_44699
R44700,Region_44700
R44701,Region_44701
R44702,Region_44702
R44703,Region_44703
R44704,Region_44704
R44705,Region_44705
R44706,Region_44706
R44707,Region_44707
R44708,Region_44708
R44709,Region_44709
R44710,Region_44710
R44711,Region_44711
R44712,Region_44712
R44713,Region_44713
R44714,Region_44714
R44715,Region_44715
R44716,Region_44716
R44717,Region_44717
R44718,Region_44718
R44719,Region_44719
R44720,Region_44720
R44721,Region_44721
R44722,Region_44722
R44723,Region_44723
R44724,Region_44724
R44725,Region_44725
R44726,Region_44726
R44727,Region_44727
R44728,Region_44728
R44729,Region_44729
R44730,Region_44730
R44731,Region_44731
R44732,Region_44732
R44733,Region_44733
R44734,Region_44734
R44735,Region_44735
R44736,Region_44736
R44737,Region_44737
R44738,Region_44738
R44739,Region_44739
R44740,Region_44740
R44741,Region_44741
R44742,Region_44742
R44743,Region_44743
R44744,Region_44744
R44745,Region_44745
R44746,Region_44746
R44747,Region_44747
R44748,Region_44748
R44749,Region_44749
R44750,Region_44750
R44751,Region_44751
R44752,Region_44752
R44753,Region_44753
R44754,Region_44754
R44755,Region_44755
R44756,Region_44756
R44757,Region_44757
R44758,Region_44758
R44759,Region_44759
R44760,Region_44760
R44761,Region_44761
R44762,Region_44762
R44763,Region_44763
R44764,Region_44764
R44765,Region_44765
R44766,Region_44766
R44767,Region_44767
R44768,Region_44768
R44769,Region_44769
R44770,Region_44770
R44771,Region_44771
R44772,Region_44772
R44773,Region_44773
R44774,Region_44774
R44775,Region_44775
R44776,Region_44776
R44777,Region_44777
R44778,Region_44778
R44779,Region_44779
R44780,Region_44780
R44781,Region_44781
R44782,Region_44782
R44783,Region_44783
R44784,Region_44784
R44785,Region_44785
R44786,Region_44786
R44787,Region_44787
R44788,Region_44788
R44789,Region_44789
R44790,Region_44790
R44791,Region_44791
R44792,Region_44792
R44793,Region_44793
R44794,Region_44794
R44795,Region_44795
R44796,Region_44796
R44797,Region_44797
R44798,Region_44798
R44799,Region_44799
R44800,Region_44800
R44801,Region_44801
R44802,Region_44802
R44803,Region_44803
R44804,Region_44804
R44805,Region_44805
R44806,Region_44806
R44807,Region_44807
R44808,Region_44808
R44809,Region_44809
R44810,Region_44810
R44811,Region_44811
R44812,Region_44812
R44813,Region_44813
R44814,Region_44814
R44815,Region_44815
R44816,Region_44816
R44817,Region_44817
R44818,Region_44818
R44819,Region_44819
R44820,Region_44820
R44821,Region_44821
R44822,Region_44822
R44823,Region_44823
R44824,Region_44824
R44825,Region_44825
R44826,Region_44826
R44827,Region_44827
R44828,Region_44828
R44829,Region_44829
R44830,Region_44830
R44831,Region_44831
R44832,Region_44832
R44833,Region_44833
R44834,Region_44834
R44835,Region_44835
R44836,Region_44836
R44837,Region_44837
R44838,Region_44838
R44839,Region_44839
R44840,Region_44840
R44841,Region_44841
R44842,Region_44842
R44843,Region_44843
R44844,Region_44844
R44845,Region_44845
R44846,Region_44846
R44847,Region_44847
R44848,Region_44848
R44849,Region_44849
R44850,Region_44850
R44851,Region_44851
R44852,Region_44852
R44853,Region_44853
R44854,Region_44854
R44855,Region_44855
R44856,Region_44856
R44857,Region_44857
R44858,Region_44858
R44859,Region_44859
R44860,Region_44860
R44861,Region_44861
R44862,Region_44862
R44863,Region_44863
R44864,Region_44864
R44865,Region_44865
R44866,Region_44866
R44867,Region_44867
R44868,Region_44868
R44869,Region_44869
R44870,Region_44870
R44871,Region_44871
R44872,Region_44872
R44873,Region_44873
R44874,Region_44874
R44875,Region_44875
R44876,Region_44876
R44877,Region_44877
R44878,Region_44878
R44879,Region_44879
R44880,Region_44880
R44881,Region_44881
R44882,Region_44882
R44883,Region_44883
R44884,Region_44884
R44885,Region_44885
R44886,Region_44886
R44887,Region_44887
R44888,Region_44888
R44889,Region_44889
R44890,Region_44890
R44891,Region_44891
R44892,Region_44892
R44893,Region_44893
R44894,Region_44894
R44895,Region_44895
R44896,Region_44896
R44897,Region_44897
R44898,Region_44898
R44899,Region_44899
R44900,Region_44900
R44901,Region_44901
R44902,Region_44902
R44903,Region_44903
R44904,Region_44904
R44905,Region_44905
R44906,Region_44906
R44907,Region_44907
R44908,Region_44908
R44909,Region_44909
R44910,Region_44910
R44911,Region_44911
R44912,Region_44912
R44913,Region_44913
R44914,Region_44914
R44915,Region_44915
R44916,Region_44916
R44917,Region_44917
R44918,Region_44918
R44919,Region_44919
R44920,Region_44920
R44921,Region_44921
R44922,Region_44922
R44923,Region_44923
R44924,Region_44924
R44925,Region_44925
R44926,Region_44926
R44927,Region_44927
R44928,Region_44928
R44929,Region_44929
R44930,Region_44930
R44931,Region_44931
R44932,Region_44932
R44933,Region_44933
R44934,Region_44934
R44935,Region_44935
R44936,Region_44936
R44937,Region_44937
R44938,Region_44938
R44939,Region_44939
R44940,Region_44940
R44941,Region_44941
R44942,Region_44942
R44943,Region_44943
R44944,Region_44944
R44945,Region_44945
R44946,Region_44946
R44947,Region_44947
R44948,Region_44948
R44949,Region_44949
R44950,Region_44950
R44951,Region_44951
R44952,Region_44952
R44953,Region_44953
R44954,Region_44954
R44955,Region_44955
R44956,Region_44956
R44957,Region_44957
R44958,Region_44958
R44959,Region_44959
R44960,Region_44960
R44961,Region_44961
R44962,Region_44962
R44963,Region_44963
R44964,Region_44964
R44965,Region_44965
R44966,Region_44966
R44967,Region_44967
R44968,Region_44968
R44969,Region_44969
R44970,Region_44970
R44971,Region_44971
R44972,Region_44972
R44973,Region_44973
R44974,Region_44974
R44975,Region_44975
R44976,Region_44976
R44977,Region_44977
R44978,Region_44978
R44979,Region_44979
R44980,Region_44980
R44981,Region_44981
R44982,Region_44982
R44983,Region_44983
R44984,Region_44984
R44985,Region_44985
R44986,Region_44986
R44987,Region_44987
R44988,Region_44988
R44989,Region_44989
R44990,Region_44990
R44991,Region_44991
R44992,Region_44992
R44993,Region_44993
R44994,Region_44994
R44995,Region_44995
R44996,Region_44996
R44997,Region_44997
R44998,Region_44998
R44999,Region_44999
R45000,Region_45000
R45001,Region_45001
R45002,Region_45002
R45003,Region_45003
R45004,Region_45004
R45005,Region_45005
R45006,Region_45006
R45007,Region_45007
R45008,Region_45008
R45009,Region_45009
R45010,Region_45010
R45011,Region_45011
R45012,Region_45012
R45013,Region_45013
R45014,Region_45014
R45015,Region_45015
R45016,Region_45016
R45017,Region_45017
R45018,Region_45018
R45019,Region_45019
R45020,Region_45020
R45021,Region_45021
R45022,Region_45022
R45023,Region_45023
R45024,Region_45024
R45025,Region_45025
R45026,Region_45026
R45027,Region_45027
R45028,Region_45028
R45029,Region_45029
R45030,Region_45030
R45031,Region_45031
R45032,Region_45032
R45033,Region_45033
R45034,Region_45034
R45035,Region_45035
R45036,Region_45036
R45037,Region_45037
R45038,Region_45038
R45039,Region_45039
R45040,Region_45040
R45041,Region_45041
R45042,Region_45042
R45043,Region_45043
R45044,Region_45044
R45045,Region_45045
R45046,Region_45046
R45047,Region_45047
R45048,Region_45048
R45049,Region_45049
R45050,Region_45050
R45051,Region_45051
R45052,Region_45052
R45053,Region_45053
R45054,Region_45054
R45055,Region_45055
R45056,Region_45056
R45057,Region_45057
R45058,Region_45058
R45059,Region_45059
R45060,Region_45060
R45061,Region_45061
R45062,Region_45062
R45063,Region_45063
R45064,Region_45064
R45065,Region_45065
R45066,Region_45066
R45067,Region_45067
R45068,Region_45068
R45069,Region_45069
R45070,Region_45070
R45071,Region_45071
R45072,Region_45072
R45073,Region_45073
R45074,Region_45074
R45075,Region_45075
R45076,Region_45076
R45077,Region_45077
R45078,Region_45078
R45079,Region_45079
R45080,Region_45080
R45081,Region_45081
R45082,Region_45082
R45083,Region_45083
R45084,Region_45084
R45085,Region_45085
R45086,Region_45086
R45087,Region_45087
R45088,Region_45088
R45089,Region_45089
R45090,Region_45090
R45091,Region_45091
R45092,Region_45092
R45093,Region_45093
R45094,Region_45094
R45095,Region_45095
R45096,Region_45096
R45097,Region_45097
R45098,Region_45098
R45099,Region_45099
R45100,Region_45100
R45101,Region_45101
R45102,Region_45102
R45103,Region_45103
R45104,Region_45104
R45105,Region_45105
R45106,Region_45106
R45107,Region_45107
R45108,Region_45108
R45109,Region_45109
R45110,Region_45110
R45111,Region_45111
R45112,Region_45112
R45113,Region_45113
R45114,Region_45114
R45115,Region_45115
R45116,Region_45116
R45117,Region_45117
R45118,Region_45118
R45119,Region_45119
R45120,Region_45120
R45121,Region_45121
R45122,Region_45122
R45123,Region_45123
R45124,Region_45124
R45125,Region_45125
R45126,Region_45126
R45127,Region_45127
R45128,Region_45128
R45129,Region_45129
R45130,Region_45130
R45131,Region_45131
R45132,Region_45132
R45133,Region_45133
R45134,Region_45134
R45135,Region_45135
R45136,Region_45136
R45137,Region_45137
R45138,Region_45138
R45139,Region_45139
R45140,Region_45140
R45141,Region_45141
R45142,Region_45142
R45143,Region_45143
R45144,Region_45144
R45145,Region_45145
R45146,Region_45146
R45147,Region_45147
R45148,Region_45148
R45149,Region_45149
R45150,Region_45150
R45151,Region_45151
R45152,Region_45152
R45153,Region_45153
R45154,Region_45154
R45155,Region_45155
R45156,Region_45156
R45157,Region_45157
R45158,Region_45158
R45159,Region_45159
R45160,Region_45160
R45161,Region_45161
R45162,Region_45162
R45163,Region_45163
R45164,Region_45164
R45165,Region_45165
R45166,Region_45166
R45167,Region_45167
R45168,Region_45168
R45169,Region_45169
R45170,Region_45170
R45171,Region_45171
R45172,Region_45172
R45173,Region_45173
R45174,Region_45174
R45175,Region_45175
R45176,Region_45176
R45177,Region_45177
R45178,Region_45178
R45179,Region_45179
R45180,Region_45180
R45181,Region_45181
R45182,Region_45182
R45183,Region_45183
R45184,Region_45184
R45185,Region_45185
R45186,Region_45186
R45187,Region_45187
R45188,Region_45188
R45189,Region_45189
R45190,Region_45190
R45191,Region_45191
R45192,Region_45192
R45193,Region_45193
R45194,Region_45194
R45195,Region_45195
R45196,Region_45196
R45197,Region_45197
R45198,Region_45198
R45199,Region_45199
R45200,Region_45200
R45201,Region_45201
R45202,Region_45202
R45203,Region_45203
R45204,Region_45204
R45205,Region_45205
R45206,Region_45206
R45207,Region_45207
R45208,Region_45208
R45209,Region_45209
R45210,Region_45210
R45211,Region_45211
R45212,Region_45212
R45213,Region_45213
R45214,Region_45214
R45215,Region_45215
R45216,Region_45216
R45217,Region_45217
R45218,Region_45218
R45219,Region_45219
R45220,Region_45220
R45221,Region_45221
R45222,Region_45222
R45223,Region_45223
R45224,Region_45224
R45225,Region_45225
R45226,Region_45226
R45227,Region_45227
R45228,Region_45228
R45229,Region_45229
R45230,Region_45230
R45231,Region_45231
R45232,Region_45232
R45233,Region_45233
R45234,Region_45234
R45235,Region_45235
R45236,Region_45236
R45237,Region_45237
R45238,Region_45238
R45239,Region_45239
R45240,Region_45240
R45241,Region_45241
R45242,Region_45242
R45243,Region_45243
R45244,Region_45244
R45245,Region_45245
R45246,Region_45246
R45247,Region_45247
R45248,Region_45248
R45249,Region_45249
R45250,Region_45250
R45251,Region_45251
R45252,Region_45252
R45253,Region_45253
R45254,Region_45254
R45255,Region_45255
R45256,Region_45256
R45257,Region_45257
R45258,Region_45258
R45259,Region_45259
R45260,Region_45260
R45261,Region_45261
R45262,Region_45262
R45263,Region_45263
R45264,Region_45264
R45265,Region_45265
R45266,Region_45266
R45267,Region_45267
R45268,Region_45268
R45269,Region_45269
R45270,Region_45270
R45271,Region_45271
R45272,Region_45272
R45273,Region_45273
R45274,Region_45274
R45275,Region_45275
R45276,Region_45276
R45277,Region_45277
R45278,Region_45278
R45279,Region_45279
R45280,Region_45280
R45281,Region_45281
R45282,Region_45282
R45283,Region_45283
R45284,Region_45284
R45285,Region_45285
R45286,Region_45286
R45287,Region_45287
R45288,Region_45288
R45289,Region_45289
R45290,Region_45290
R45291,Region_45291
R45292,Region_45292
R45293,Region_45293
R45294,Region_45294
R45295,Region_45295
R45296,Region_45296
R45297,Region_45297
R45298,Region_45298
R45299,Region_45299
R45300,Region_45300
R45301,Region_45301
R45302,Region_45302
R45303,Region_45303
R45304,Region_45304
R45305,Region_45305
R45306,Region_45306
R45307,Region_45307
R45308,Region_45308
R45309,Region_45309
R45310,Region_45310
R45311,Region_45311
R45312,Region_45312
R45313,Region_45313
R45314,Region_45314
R45315,Region_45315
R45316,Region_45316
R45317,Region_45317
R45318,Region_45318
R45319,Region_45319
R45320,Region_45320
R45321,Region_45321
R45322,Region_45322
R45323,Region_45323
R45324,Region_45324
R45325,Region_45325
R45326,Region_45326
R45327,Region_45327
R45328,Region_45328
R45329,Region_45329
R45330,Region_45330
R45331,Region_45331
R45332,Region_45332
R45333,Region_45333
R45334,Region_45334
R45335,Region_45335
R45336,Region_45336
R45337,Region_45337
R45338,Region_45338
R45339,Region_45339
R45340,Region_45340
R45341,Region_45341
R45342,Region_45342
R45343,Region_45343
R45344,Region_45344
R45345,Region_45345
R45346,Region_45346
R45347,Region_45347
R45348,Region_45348
R45349,Region_45349
R45350,Region_45350
R45351,Region_45351
R45352,Region_45352
R45353,Region_45353
R45354,Region_45354
R45355,Region_45355
R45356,Region_45356
R45357,Region_45357
R45358,Region_45358
R45359,Region_45359
R45360,Region_45360
R45361,Region_45361
R45362,Region_45362
R45363,Region_45363
R45364,Region_45364
R45365,Region_45365
R45366,Region_45366
R45367,Region_45367
R45368,Region_45368
R45369,Region_45369
R45370,Region_45370
R45371,Region_45371
R45372,Region_45372
R45373,Region_45373
R45374,Region_45374
R45375,Region_45375
R45376,Region_45376
R45377,Region_45377
R45378,Region_45378
R45379,Region_45379
R45380,Region_45380
R45381,Region_45381
R45382,Region_45382
R45383,Region_45383
R45384,Region_45384
R45385,Region_45385
R45386,Region_45386
R45387,Region_45387
R45388,Region_45388
R45389,Region_45389
R45390,Region_45390
R45391,Region_45391
R45392,Region_45392
R45393,Region_45393
R45394,Region_45394
R45395,Region_45395
R45396,Region_45396
R45397,Region_45397
R45398,Region_45398
R45399,Region_45399
R45400,Region_45400
R45401,Region_45401
R45402,Region_45402
R45403,Region_45403
R45404,Region_45404
R45405,Region_45405
R45406,Region_45406
R45407,Region_45407
R45408,Region_45408
R45409,Region_45409
R45410,Region_45410
R45411,Region_45411
R45412,Region_45412
R45413,Region_45413
R45414,Region_45414
R45415,Region_45415
R45416,Region_45416
R45417,Region_45417
R45418,Region_45418
R45419,Region_45419
R45420,Region_45420
R45421,Region_45421
R45422,Region_45422
R45423,Region_45423
R45424,Region_45424
R45425,Region_45425
R45426,Region_45426
R45427,Region_45427
R45428,Region_45428
R45429,Region_45429
R45430,Region_45430
R45431,Region_45431
R45432,Region_45432
R45433,Region_45433
R45434,Region_45434
R45435,Region_45435
R45436,Region_45436
R45437,Region_45437
R45438,Region_45438
R45439,Region_45439
R45440,Region_45440
R45441,Region_45441
R45442,Region_45442
R45443,Region_45443
R45444,Region_45444
R45445,Region_45445
R45446,Region_45446
R45447,Region_45447
R45448,Region_45448
R45449,Region_45449
R45450,Region_45450
R45451,Region_45451
R45452,Region_45452
R45453,Region_45453
R45454,Region_45454
R45455,Region_45455
R45456,Region_45456
R45457,Region_45457
R45458,Region_45458
R45459,Region_45459
R45460,Region_45460
R45461,Region_45461
R45462,Region_45462
R45463,Region_45463
R45464,Region_45464
R45465,Region_45465
R45466,Region_45466
R45467,Region_45467
R45468,Region_45468
R45469,Region_45469
R45470,Region_45470
R45471,Region_45471
R45472,Region_45472
R45473,Region_45473
R45474,Region_45474
R45475,Region_45475
R45476,Region_45476
R45477,Region_45477
R45478,Region_45478
R45479,Region_45479
R45480,Region_45480
R45481,Region_45481
R45482,Region_45482
R45483,Region_45483
R45484,Region_45484
R45485,Region_45485
R45486,Region_45486
R45487,Region_45487
R45488,Region_45488
R45489,Region_45489
R45490,Region_45490
R45491,Region_45491
R45492,Region_45492
R45493,Region_45493
R45494,Region_45494
R45495,Region_45495
R45496,Region_45496
R45497,Region_45497
R45498,Region_45498
R45499,Region_45499
R45500,Region_45500
R45501,Region_45501
R45502,Region_45502
R45503,Region_45503
R45504,Region_45504
R45505,Region_45505
R45506,Region_45506
R45507,Region_45507
R45508,Region_45508
R45509,Region_45509
R45510,Region_45510
R45511,Region_45511
R45512,Region_45512
R45513,Region_45513
R45514,Region_45514
R45515,Region_45515
R45516,Region_45516
R45517,Region_45517
R45518,Region_45518
R45519,Region_45519
R45520,Region_45520
R45521,Region_45521
R45522,Region_45522
R45523,Region_45523
R45524,Region_45524
R45525,Region_45525
R45526,Region_45526
R45527,Region_45527
R45528,Region_45528
R45529,Region_45529
R45530,Region_45530
R45531,Region_45531
R45532,Region_45532
R45533,Region_45533
R45534,Region_45534
R45535,Region_45535
R45536,Region_45536
R45537,Region_45537
R45538,Region_45538
R45539,Region_45539
R45540,Region_45540
R45541,Region_45541
R45542,Region_45542
R45543,Region_45543
R45544,Region_45544
R45545,Region_45545
R45546,Region_45546
R45547,Region_45547
R45548,Region_45548
R45549,Region_45549
R45550,Region_45550
R45551,Region_45551
R45552,Region_45552
R45553,Region_45553
R45554,Region_45554
R45555,Region_45555
R45556,Region_45556
R45557,Region_45557
R45558,Region_45558
R45559,Region_45559
R45560,Region_45560
R45561,Region_45561
R45562,Region_45562
R45563,Region_45563
R45564,Region_45564
R45565,Region_45565
R45566,Region_45566
R45567,Region_45567
R45568,Region_45568
R45569,Region_45569
R45570,Region_45570
R45571,Region_45571
R45572,Region_45572
R45573,Region_45573
R45574,Region_45574
R45575,Region_45575
R45576,Region_45576
R45577,Region_45577
R45578,Region_45578
R45579,Region_45579
R45580,Region_45580
R45581,Region_45581
R45582,Region_45582
R45583,Region_45583
R45584,Region_45584
R45585,Region_45585
R45586,Region_45586
R45587,Region_45587
R45588,Region_45588
R45589,Region_45589
R45590,Region_45590
R45591,Region_45591
R45592,Region_45592
R45593,Region_45593
R45594,Region_45594
R45595,Region_45595
R45596,Region_45596
R45597,Region_45597
R45598,Region_45598
R45599,Region_45599
R45600,Region_45600
R45601,Region_45601
R45602,Region_45602
R45603,Region_45603
R45604,Region_45604
R45605,Region_45605
R45606,Region_45606
R45607,Region_45607
R45608,Region_45608
R45609,Region_45609
R45610,Region_45610
R45611,Region_45611
R45612,Region_45612
R45613,Region_45613
R45614,Region_45614
R45615,Region_45615
R45616,Region_45616
R45617,Region_45617
R45618,Region_45618
R45619,Region_45619
R45620,Region_45620
R45621,Region_45621
R45622,Region_45622
R45623,Region_45623
R45624,Region_45624
R45625,Region_45625
R45626,Region_45626
R45627,Region_45627
R45628,Region_45628
R45629,Region_45629
R45630,Region_45630
R45631,Region_45631
R45632,Region_45632
R45633,Region_45633
R45634,Region_45634
R45635,Region_45635
R45636,Region_45636
R45637,Region_45637
R45638,Region_45638
R45639,Region_45639
R45640,Region_45640
R45641,Region_45641
R45642,Region_45642
R45643,Region_45643
R45644,Region_45644
R45645,Region_45645
R45646,Region_45646
R45647,Region_45647
R45648,Region_45648
R45649,Region_45649
R45650,Region_45650
R45651,Region_45651
R45652,Region_45652
R45653,Region_45653
R45654,Region_45654
R45655,Region_45655
R45656,Region_45656
R45657,Region_45657
R45658,Region_45658
R45659,Region_45659
R45660,Region_45660
R45661,Region_45661
R45662,Region_45662
R45663,Region_45663
R45664,Region_45664
R45665,Region_45665
R45666,Region_45666
R45667,Region_45667
R45668,Region_45668
R45669,Region_45669
R45670,Region_45670
R45671,Region_45671
R45672,Region_45672
R45673,Region_45673
R45674,Region_45674
R45675,Region_45675
R45676,Region_45676
R45677,Region_45677
R45678,Region_45678
R45679,Region_45679
R45680,Region_45680
R45681,Region_45681
R45682,Region_45682
R45683,Region_45683
R45684,Region_45684
R45685,Region_45685
R45686,Region_45686
R45687,Region_45687
R45688,Region_45688
R45689,Region_45689
R45690,Region_45690
R45691,Region_45691
R45692,Region_45692
R45693,Region_45693
R45694,Region_45694
R45695,Region_45695
R45696,Region_45696
R45697,Region_45697
R45698,Region_45698
R45699,Region_45699
R45700,Region_45700
R45701,Region_45701
R45702,Region_45702
R45703,Region_45703
R45704,Region_45704
R45705,Region_45705
R45706,Region_45706
R45707,Region_45707
R45708,Region_45708
R45709,Region_45709
R45710,Region_45710
R45711,Region_45711
R45712,Region_45712
R45713,Region_45713
R45714,Region_45714
R45715,Region_45715
R45716,Region_45716
R45717,Region_45717
R45718,Region_45718
R45719,Region_45719
R45720,Region_45720
R45721,Region_45721
R45722,Region_45722
R45723,Region_45723
R45724,Region_45724
R45725,Region_45725
R45726,Region_45726
R45727,Region_45727
R45728,Region_45728
R45729,Region_45729
R45730,Region_45730
R45731,Region_45731
R45732,Region_45732
R45733,Region_45733
R45734,Region_45734
R45735,Region_45735
R45736,Region_45736
R45737,Region_45737
R45738,Region_45738
R45739,Region_45739
R45740,Region_45740
R45741,Region_45741
R45742,Region_45742
R45743,Region_45743
R45744,Region_45744
R45745,Region_45745
R45746,Region_45746
R45747,Region_45747
R45748,Region_45748
R45749,Region_45749
R45750,Region_45750
R45751,Region_45751
R45752,Region_45752
R45753,Region_45753
R45754,Region_45754
R45755,Region_45755
R45756,Region_45756
R45757,Region_45757
R45758,Region_45758
R45759,Region_45759
R45760,Region_45760
R45761,Region_45761
R45762,Region_45762
R45763,Region_45763
R45764,Region_45764
R45765,Region_45765
R45766,Region_45766
R45767,Region_45767
R45768,Region_45768
R45769,Region_45769
R45770,Region_45770
R45771,Region_45771
R45772,Region_45772
R45773,Region_45773
R45774,Region_45774
R45775,Region_45775
R45776,Region_45776
R45777,Region_45777
R45778,Region_45778
R45779,Region_45779
R45780,Region_45780
R45781,Region_45781
R45782,Region_45782
R45783,Region_45783
R45784,Region_45784
R45785,Region_45785
R45786,Region_45786
R45787,Region_45787
R45788,Region_45788
R45789,Region_45789
R45790,Region_45790
R45791,Region_45791
R45792,Region_45792
R45793,Region_45793
R45794,Region_45794
R45795,Region_45795
R45796,Region_45796
R45797,Region_45797
R45798,Region_45798
R45799,Region_45799
R45800,Region_45800
R45801,Region_45801
R45802,Region_45802
R45803,Region_45803
R45804,Region_45804
R45805,Region_45805
R45806,Region_45806
R45807,Region_45807
R45808,Region_45808
R45809,Region_45809
R45810,Region_45810
R45811,Region_45811
R45812,Region_45812
R45813,Region_45813
R45814,Region_45814
R45815,Region_45815
R45816,Region_45816
R45817,Region_45817
R45818,Region_45818
R45819,Region_45819
R45820,Region_45820
R45821,Region_45821
R45822,Region_45822
R45823,Region_45823
R45824,Region_45824
R45825,Region_45825
R45826,Region_45826
R45827,Region_45827
R45828,Region_45828
R45829,Region_45829
R45830,Region_45830
R45831,Region_45831
R45832,Region_45832
R45833,Region_45833
R45834,Region_45834
R45835,Region_45835
R45836,Region_45836
R45837,Region_45837
R45838,Region_45838
R45839,Region_45839
R45840,Region_45840
R45841,Region_45841
R45842,Region_45842
R45843,Region_45843
R45844,Region_45844
R45845,Region_45845
R45846,Region_45846
R45847,Region_45847
R45848,Region_45848
R45849,Region_45849
R45850,Region_45850
R45851,Region_45851
R45852,Region_45852
R45853,Region_45853
R45854,Region_45854
R45855,Region_45855
R45856,Region_45856
R45857,Region_45857
R45858,Region_45858
R45859,Region_45859
R45860,Region_45860
R45861,Region_45861
R45862,Region_45862
R45863,Region_45863
R45864,Region_45864
R45865,Region_45865
R45866,Region_45866
R45867,Region_45867
R45868,Region_45868
R45869,Region_45869
R45870,Region_45870
R45871,Region_45871
R45872,Region_45872
R45873,Region_45873
R45874,Region_45874
R45875,Region_45875
R45876,Region_45876
R45877,Region_45877
R45878,Region_45878
R45879,Region_45879
R45880,Region_45880
R45881,Region_45881
R45882,Region_45882
R45883,Region_45883
R45884,Region_45884
R45885,Region_45885
R45886,Region_45886
R45887,Region_45887
R45888,Region_45888
R45889,Region_45889
R45890,Region_45890
R45891,Region_45891
R45892,Region_45892
R45893,Region_45893
R45894,Region_45894
R45895,Region_45895
R45896,Region_45896
R45897,Region_45897
R45898,Region_45898
R45899,Region_45899
R45900,Region_45900
R45901,Region_45901
R45902,Region_45902
R45903,Region_45903
R45904,Region_45904
R45905,Region_45905
R45906,Region_45906
R45907,Region_45907
R45908,Region_45908
R45909,Region_45909
R45910,Region_45910
R45911,Region_45911
R45912,Region_45912
R45913,Region_45913
R45914,Region_45914
R45915,Region_45915
R45916,Region_45916
R45917,Region_45917
R45918,Region_45918
R45919,Region_45919
R45920,Region_45920
R45921,Region_45921
R45922,Region_45922
R45923,Region_45923
R45924,Region_45924
R45925,Region_45925
R45926,Region_45926
R45927,Region_45927
R45928,Region_45928
R45929,Region_45929
R45930,Region_45930
R45931,Region_45931
R45932,Region_45932
R45933,Region_45933
R45934,Region_45934
R45935,Region_45935
R45936,Region_45936
R45937,Region_45937
R45938,Region_45938
R45939,Region_45939
R45940,Region_45940
R45941,Region_45941
R45942,Region_45942
R45943,Region_45943
R45944,Region_45944
R45945,Region_45945
R45946,Region_45946
R45947,Region_45947
R45948,Region_45948
R45949,Region_45949
R45950,Region_45950
R45951,Region_45951
R45952,Region_45952
R45953,Region_45953
R45954,Region_45954
R45955,Region_45955
R45956,Region_45956
R45957,Region_45957
R45958,Region_45958
R45959,Region_45959
R45960,Region_45960
R45961,Region_45961
R45962,Region_45962
R45963,Region_45963
R45964,Region_45964
R45965,Region_45965
R45966,Region_45966
R45967,Region_45967
R45968,Region_45968
R45969,Region_45969
R45970,Region_45970
R45971,Region_45971
R45972,Region_45972
R45973,Region_45973
R45974,Region_45974
R45975,Region_45975
R45976,Region_45976
R45977,Region_45977
R45978,Region_45978
R45979,Region_45979
R45980,Region_45980
R45981,Region_45981
R45982,Region_45982
R45983,Region_45983
R45984,Region_45984
R45985,Region_45985
R45986,Region_45986
R45987,Region_45987
R45988,Region_45988
R45989,Region_45989
R45990,Region_45990
R45991,Region_45991
R45992,Region_45992
R45993,Region_45993
R45994,Region_45994
R45995,Region_45995
R45996,Region_45996
R45997,Region_45997
R45998,Region_45998
R45999,Region_45999
R46000,Region_46000
R46001,Region_46001
R46002,Region_46002
R46003,Region_46003
R46004,Region_46004
R46005,Region_46005
R46006,Region_46006
R46007,Region_46007
R46008,Region_46008
R46009,Region_46009
R46010,Region_46010
R46011,Region_46011
R46012,Region_46012
R46013,Region_46013
R46014,Region_46014
R46015,Region_46015
R46016,Region_46016
R46017,Region_46017
R46018,Region_46018
R46019,Region_46019
R46020,Region_46020
R46021,Region_46021
R46022,Region_46022
R46023,Region_46023
R46024,Region_46024
R46025,Region_46025
R46026,Region_46026
R46027,Region_46027
R46028,Region_46028
R46029,Region_46029
R46030,Region_46030
R46031,Region_46031
R46032,Region_46032
R46033,Region_46033
R46034,Region_46034
R46035,Region_46035
R46036,Region_46036
R46037,Region_46037
R46038,Region_46038
R46039,Region_46039
R46040,Region_46040
R46041,Region_46041
R46042,Region_46042
R46043,Region_46043
R46044,Region_46044
R46045,Region_46045
R46046,Region_46046
R46047,Region_46047
R46048,Region_46048
R46049,Region_46049
R46050,Region_46050
R46051,Region_46051
R46052,Region_46052
R46053,Region_46053
R46054,Region_46054
R46055,Region_46055
R46056,Region_46056
R46057,Region_46057
R46058,Region_46058
R46059,Region_46059
R46060,Region_46060
R46061,Region_46061
R46062,Region_46062
R46063,Region_46063
R46064,Region_46064
R46065,Region_46065
R46066,Region_46066
R46067,Region_46067
R46068,Region_46068
R46069,Region_46069
R46070,Region_46070
R46071,Region_46071
R46072,Region_46072
R46073,Region_46073
R46074,Region_46074
R46075,Region_46075
R46076,Region_46076
R46077,Region_46077
R46078,Region_46078
R46079,Region_46079
R46080,Region_46080
R46081,Region_46081
R46082,Region_46082
R46083,Region_46083
R46084,Region_46084
R46085,Region_46085
R46086,Region_46086
R46087,Region_46087
R46088,Region_46088
R46089,Region_46089
R46090,Region_46090
R46091,Region_46091
R46092,Region_46092
R46093,Region_46093
R46094,Region_46094
R46095,Region_46095
R46096,Region_46096
R46097,Region_46097
R46098,Region_46098
R46099,Region_46099
R46100,Region_46100
R46101,Region_46101
R46102,Region_46102
R46103,Region_46103
R46104,Region_46104
R46105,Region_46105
R46106,Region_46106
R46107,Region_46107
R46108,Region_46108
R46109,Region_46109
R46110,Region_46110
R46111,Region_46111
R46112,Region_46112
R46113,Region_46113
R46114,Region_46114
R46115,Region_46115
R46116,Region_46116
R46117,Region_46117
R46118,Region_46118
R46119,Region_46119
R46120,Region_46120
R46121,Region_46121
R46122,Region_46122
R46123,Region_46123
R46124,Region_46124
R46125,Region_46125
R46126,Region_46126
R46127,Region_46127
R46128,Region_46128
R46129,Region_46129
R46130,Region_46130
R46131,Region_46131
R46132,Region_46132
R46133,Region_46133
R46134,Region_46134
R46135,Region_46135
R46136,Region_46136
R46137,Region_46137
R46138,Region_46138
R46139,Region_46139
R46140,Region_46140
R46141,Region_46141
R46142,Region_46142
R46143,Region_46143
R46144,Region_46144
R46145,Region_46145
R46146,Region_46146
R46147,Region_46147
R46148,Region_46148
R46149,Region_46149
R46150,Region_46150
R46151,Region_46151
R46152,Region_46152
R46153,Region_46153
R46154,Region_46154
R46155,Region_46155
R46156,Region_46156
R46157,Region_46157
R46158,Region_46158
R46159,Region_46159
R46160,Region_46160
R46161,Region_46161
R46162,Region_46162
R46163,Region_46163
R46164,Region_46164
R46165,Region_46165
R46166,Region_46166
R46167,Region_46167
R46168,Region_46168
R46169,Region_46169
R46170,Region_46170
R46171,Region_46171
R46172,Region_46172
R46173,Region_46173
R46174,Region_46174
R46175,Region_46175
R46176,Region_46176
R46177,Region_46177
R46178,Region_46178
R46179,Region_46179
R46180,Region_46180
R46181,Region_46181
R46182,Region_46182
R46183,Region_46183
R46184,Region_46184
R46185,Region_46185
R46186,Region_46186
R46187,Region_46187
R46188,Region_46188
R46189,Region_46189
R46190,Region_46190
R46191,Region_46191
R46192,Region_46192
R46193,Region_46193
R46194,Region_46194
R46195,Region_46195
R46196,Region_46196
R46197,Region_46197
R46198,Region_46198
R46199,Region_46199
R46200,Region_46200
R46201,Region_46201
R46202,Region_46202
R46203,Region_46203
R46204,Region_46204
R46205,Region_46205
R46206,Region_46206
R46207,Region_46207
R46208,Region_46208
R46209,Region_46209
R46210,Region_46210
R46211,Region_46211
R46212,Region_46212
R46213,Region_46213
R46214,Region_46214
R46215,Region_46215
R46216,Region_46216
R46217,Region_46217
R46218,Region_46218
R46219,Region_46219
R46220,Region_46220
R46221,Region_46221
R46222,Region_46222
R46223,Region_46223
R46224,Region_46224
R46225,Region_46225
R46226,Region_46226
R46227,Region_46227
R46228,Region_46228
R46229,Region_46229
R46230,Region_46230
R46231,Region_46231
R46232,Region_46232
R46233,Region_46233
R46234,Region_46234
R46235,Region_46235
R46236,Region_46236
R46237,Region_46237
R46238,Region_46238
R46239,Region_46239
R46240,Region_46240
R46241,Region_46241
R46242,Region_46242
R46243,Region_46243
R46244,Region_46244
R46245,Region_46245
R46246,Region_46246
R46247,Region_46247
R46248,Region_46248
R46249,Region_46249
R46250,Region_46250
R46251,Region_46251
R46252,Region_46252
R46253,Region_46253
R46254,Region_46254
R46255,Region_46255
R46256,Region_46256
R46257,Region_46257
R46258,Region_46258
R46259,Region_46259
R46260,Region_46260
R46261,Region_46261
R46262,Region_46262
R46263,Region_46263
R46264,Region_46264
R46265,Region_46265
R46266,Region_46266
R46267,Region_46267
R46268,Region_46268
R46269,Region_46269
R46270,Region_46270
R46271,Region_46271
R46272,Region_46272
R46273,Region_46273
R46274,Region_46274
R46275,Region_46275
R46276,Region_46276
R46277,Region_46277
R46278,Region_46278
R46279,Region_46279
R46280,Region_46280
R46281,Region_46281
R46282,Region_46282
R46283,Region_46283
R46284,Region_46284
R46285,Region_46285
R46286,Region_46286
R46287,Region_46287
R46288,Region_46288
R46289,Region_46289
R46290,Region_46290
R46291,Region_46291
R46292,Region_46292
R46293,Region_46293
R46294,Region_46294
R46295,Region_46295
R46296,Region_46296
R46297,Region_46297
R46298,Region_46298
R46299,Region_46299
R46300,Region_46300
R46301,Region_46301
R46302,Region_46302
R46303,Region_46303
R46304,Region_46304
R46305,Region_46305
R46306,Region_46306
R46307,Region_46307
R46308,Region_46308
R46309,Region_46309
R46310,Region_46310
R46311,Region_46311
R46312,Region_46312
R46313,Region_46313
R46314,Region_46314
R46315,Region_46315
R46316,Region_46316
R46317,Region_46317
R46318,Region_46318
R46319,Region_46319
R46320,Region_46320
R46321,Region_46321
R46322,Region_46322
R46323,Region_46323
R46324,Region_46324
R46325,Region_46325
R46326,Region_46326
R46327,Region_46327
R46328,Region_46328
R46329,Region_46329
R46330,Region_46330
R46331,Region_46331
R46332,Region_46332
R46333,Region_46333
R46334,Region_46334
R46335,Region_46335
R46336,Region_46336
R46337,Region_46337
R46338,Region_46338
R46339,Region_46339
R46340,Region_46340
R46341,Region_46341
R46342,Region_46342
R46343,Region_46343
R46344,Region_46344
R46345,Region_46345
R46346,Region_46346
R46347,Region_46347
R46348,Region_46348
R46349,Region_46349
R46350,Region_46350
R46351,Region_46351
R46352,Region_46352
R46353,Region_46353
R46354,Region_46354
R46355,Region_46355
R46356,Region_46356
R46357,Region_46357
R46358,Region_46358
R46359,Region_46359
R46360,Region_46360
R46361,Region_46361
R46362,Region_46362
R46363,Region_46363
R46364,Region_46364
R46365,Region_46365
R46366,Region_46366
R46367,Region_46367
R46368,Region_46368
R46369,Region_46369
R46370,Region_46370
R46371,Region_46371
R46372,Region_46372
R46373,Region_46373
R46374,Region_46374
R46375,Region_46375
R46376,Region_46376
R46377,Region_46377
R46378,Region_46378
R46379,Region_46379
R46380,Region_46380
R46381,Region_46381
R46382,Region_46382
R46383,Region_46383
R46384,Region_46384
R46385,Region_46385
R46386,Region_46386
R46387,Region_46387
R46388,Region_46388
R46389,Region_46389
R46390,Region_46390
R46391,Region_46391
R46392,Region_46392
R46393,Region_46393
R46394,Region_46394
R46395,Region_46395
R46396,Region_46396
R46397,Region_46397
R46398,Region_46398
R46399,Region_46399
R46400,Region_46400
R46401,Region_46401
R46402,Region_46402
R46403,Region_46403
R46404,Region_46404
R46405,Region_46405
R46406,Region_46406
R46407,Region_46407
R46408,Region_46408
R46409,Region_46409
R46410,Region_46410
R46411,Region_46411
R46412,Region_46412
R46413,Region_46413
R46414,Region_46414
R46415,Region_46415
R46416,Region_46416
R46417,Region_46417
R46418,Region_46418
R46419,Region_46419
R46420,Region_46420
R46421,Region_46421
R46422,Region_46422
R46423,Region_46423
R46424,Region_46424
R46425,Region_46425
R46426,Region_46426
R46427,Region_46427
R46428,Region_46428
R46429,Region_46429
R46430,Region_46430
R46431,Region_46431
R46432,Region_46432
R46433,Region_46433
R46434,Region_46434
R46435,Region_46435
R46436,Region_46436
R46437,Region_46437
R46438,Region_46438
R46439,Region_46439
R46440,Region_46440
R46441,Region_46441
R46442,Region_46442
R46443,Region_46443
R46444,Region_46444
R46445,Region_46445
R46446,Region_46446
R46447,Region_46447
R46448,Region_46448
R46449,Region_46449
R46450,Region_46450
R46451,Region_46451
R46452,Region_46452
R46453,Region_46453
R46454,Region_46454
R46455,Region_46455
R46456,Region_46456
R46457,Region_46457
R46458,Region_46458
R46459,Region_46459
R46460,Region_46460
R46461,Region_46461
R46462,Region_46462
R46463,Region_46463
R46464,Region_46464
R46465,Region_46465
R46466,Region_46466
R46467,Region_46467
R46468,Region_46468
R46469,Region_46469
R46470,Region_46470
R46471,Region_46471
R46472,Region_46472
R46473,Region_46473
R46474,Region_46474
R46475,Region_46475
R46476,Region_46476
R46477,Region_46477
R46478,Region_46478
R46479,Region_46479
R46480,Region_46480
R46481,Region_46481
R46482,Region_46482
R46483,Region_46483
R46484,Region_46484
R46485,Region_46485
R46486,Region_46486
R46487,Region_46487
R46488,Region_46488
R46489,Region_46489
R46490,Region_46490
R46491,Region_46491
R46492,Region_46492
R46493,Region_46493
R46494,Region_46494
R46495,Region_46495
R46496,Region_46496
R46497,Region_46497
R46498,Region_46498
R46499,Region_46499
R46500,Region_46500
R46501,Region_46501
R46502,Region_46502
R46503,Region_46503
R46504,Region_46504
R46505,Region_46505
R46506,Region_46506
R46507,Region_46507
R46508,Region_46508
R46509,Region_46509
R46510,Region_46510
R46511,Region_46511
R46512,Region_46512
R46513,Region_46513
R46514,Region_46514
R46515,Region_46515
R46516,Region_46516
R46517,Region_46517
R46518,Region_46518
R46519,Region_46519
R46520,Region_46520
R46521,Region_46521
R46522,Region_46522
R46523,Region_46523
R46524,Region_46524
R46525,Region_46525
R46526,Region_46526
R46527,Region_46527
R46528,Region_46528
R46529,Region_46529
R46530,Region_46530
R46531,Region_46531
R46532,Region_46532
R46533,Region_46533
R46534,Region_46534
R46535,Region_46535
R46536,Region_46536
R46537,Region_46537
R46538,Region_46538
R46539,Region_46539
R46540,Region_46540
R46541,Region_46541
R46542,Region_46542
R46543,Region_46543
R46544,Region_46544
R46545,Region_46545
R46546,Region_46546
R46547,Region_46547
R46548,Region_46548
R46549,Region_46549
R46550,Region_46550
R46551,Region_46551
R46552,Region_46552
R46553,Region_46553
R46554,Region_46554
R46555,Region_46555
R46556,Region_46556
R46557,Region_46557
R46558,Region_46558
R46559,Region_46559
R46560,Region_46560
R46561,Region_46561
R46562,Region_46562
R46563,Region_46563
R46564,Region_46564
R46565,Region_46565
R46566,Region_46566
R46567,Region_46567
R46568,Region_46568
R46569,Region_46569
R46570,Region_46570
R46571,Region_46571
R46572,Region_46572
R46573,Region_46573
R46574,Region_46574
R46575,Region_46575
R46576,Region_46576
R46577,Region_46577
R46578,Region_46578
R46579,Region_46579
R46580,Region_46580
R46581,Region_46581
R46582,Region_46582
R46583,Region_46583
R46584,Region_46584
R46585,Region_46585
R46586,Region_46586
R46587,Region_46587
R46588,Region_46588
R46589,Region_46589
R46590,Region_46590
R46591,Region_46591
R46592,Region_46592
R46593,Region_46593
R46594,Region_46594
R46595,Region_46595
R46596,Region_46596
R46597,Region_46597
R46598,Region_46598
R46599,Region_46599
R46600,Region_46600
R46601,Region_46601
R46602,Region_46602
R46603,Region_46603
R46604,Region_46604
R46605,Region_46605
R46606,Region_46606
R46607,Region_46607
R46608,Region_46608
R46609,Region_46609
R46610,Region_46610
R46611,Region_46611
R46612,Region_46612
R46613,Region_46613
R46614,Region_46614
R46615,Region_46615
R46616,Region_46616
R46617,Region_46617
R46618,Region_46618
R46619,Region_46619
R46620,Region_46620
R46621,Region_46621
R46622,Region_46622
R46623,Region_46623
R46624,Region_46624
R46625,Region_46625
R46626,Region_46626
R46627,Region_46627
R46628,Region_46628
R46629,Region_46629
R46630,Region_46630
R46631,Region_46631
R46632,Region_46632
R46633,Region_46633
R46634,Region_46634
R46635,Region_46635
R46636,Region_46636
R46637,Region_46637
R46638,Region_46638
R46639,Region_46639
R46640,Region_46640
R46641,Region_46641
R46642,Region_46642
R46643,Region_46643
R46644,Region_46644
R46645,Region_46645
R46646,Region_46646
R46647,Region_46647
R46648,Region_46648
R46649,Region_46649
R46650,Region_46650
R46651,Region_46651
R46652,Region_46652
R46653,Region_46653
R46654,Region_46654
R46655,Region_46655
R46656,Region_46656
R46657,Region_46657
R46658,Region_46658
R46659,Region_46659
R46660,Region_46660
R46661,Region_46661
R46662,Region_46662
R46663,Region_46663
R46664,Region_46664
R46665,Region_46665
R46666,Region_46666
R46667,Region_46667
R46668,Region_46668
R46669,Region_46669
R46670,Region_46670
R46671,Region_46671
R46672,Region_46672
R46673,Region_46673
R46674,Region_46674
R46675,Region_46675
R46676,Region_46676
R46677,Region_46677
R46678,Region_46678
R46679,Region_46679
R46680,Region_46680
R46681,Region_46681
R46682,Region_46682
R46683,Region_46683
R46684,Region_46684
R46685,Region_46685
R46686,Region_46686
R46687,Region_46687
R46688,Region_46688
R46689,Region_46689
R46690,Region_46690
R46691,Region_46691
R46692,Region_46692
R46693,Region_46693
R46694,Region_46694
R46695,Region_46695
R46696,Region_46696
R46697,Region_46697
R46698,Region_46698
R46699,Region_46699
R46700,Region_46700
R46701,Region_46701
R46702,Region_46702
R46703,Region_46703
R46704,Region_46704
R46705,Region_46705
R46706,Region_46706
R46707,Region_46707
R46708,Region_46708
R46709,Region_46709
R46710,Region_46710
R46711,Region_46711
R46712,Region_46712
R46713,Region_46713
R46714,Region_46714
R46715,Region_46715
R46716,Region_46716
R46717,Region_46717
R46718,Region_46718
R46719,Region_46719
R46720,Region_46720
R46721,Region_46721
R46722,Region_46722
R46723,Region_46723
R46724,Region_46724
R46725,Region_46725
R46726,Region_46726
R46727,Region_46727
R46728,Region_46728
R46729,Region_46729
R46730,Region_46730
R46731,Region_46731
R46732,Region_46732
R46733,Region_46733
R46734,Region_46734
R46735,Region_46735
R46736,Region_46736
R46737,Region_46737
R46738,Region_46738
R46739,Region_46739
R46740,Region_46740
R46741,Region_46741
R46742,Region_46742
R46743,Region_46743
R46744,Region_46744
R46745,Region_46745
R46746,Region_46746
R46747,Region_46747
R46748,Region_46748
R46749,Region_46749
R46750,Region_46750
R46751,Region_46751
R46752,Region_46752
R46753,Region_46753
R46754,Region_46754
R46755,Region_46755
R46756,Region_46756
R46757,Region_46757
R46758,Region_46758
R46759,Region_46759
R46760,Region_46760
R46761,Region_46761
R46762,Region_46762
R46763,Region_46763
R46764,Region_46764
R46765,Region_46765
R46766,Region_46766
R46767,Region_46767
R46768,Region_46768
R46769,Region_46769
R46770,Region_46770
R46771,Region_46771
R46772,Region_46772
R46773,Region_46773
R46774,Region_46774
R46775,Region_46775
R46776,Region_46776
R46777,Region_46777
R46778,Region_46778
R46779,Region_46779
R46780,Region_46780
R46781,Region_46781
R46782,Region_46782
R46783,Region_46783
R46784,Region_46784
R46785,Region_46785
R46786,Region_46786
R46787,Region_46787
R46788,Region_46788
R46789,Region_46789
R46790,Region_46790
R46791,Region_46791
R46792,Region_46792
R46793,Region_46793
R46794,Region_46794
R46795,Region_46795
R46796,Region_46796
R46797,Region_46797
R46798,Region_46798
R46799,Region_46799
R46800,Region_46800
R46801,Region_46801
R46802,Region_46802
R46803,Region_46803
R46804,Region_46804
R46805,Region_46805
R46806,Region_46806
R46807,Region_46807
R46808,Region_46808
R46809,Region_46809
R46810,Region_46810
R46811,Region_46811
R46812,Region_46812
R46813,Region_46813
R46814,Region_46814
R46815,Region_46815
R46816,Region_46816
R46817,Region_46817
R46818,Region_46818
R46819,Region_46819
R46820,Region_46820
R46821,Region_46821
R46822,Region_46822
R46823,Region_46823
R46824,Region_46824
R46825,Region_46825
R46826,Region_46826
R46827,Region_46827
R46828,Region_46828
R46829,Region_46829
R46830,Region_46830
R46831,Region_46831
R46832,Region_46832
R46833,Region_46833
R46834,Region_46834
R46835,Region_46835
R46836,Region_46836
R46837,Region_46837
R46838,Region_46838
R46839,Region_46839
R46840,Region_46840
R46841,Region_46841
R46842,Region_46842
R46843,Region_46843
R46844,Region_46844
R46845,Region_46845
R46846,Region_46846
R46847,Region_46847
R46848,Region_46848
R46849,Region_46849
R46850,Region_46850
R46851,Region_46851
R46852,Region_46852
R46853,Region_46853
R46854,Region_46854
R46855,Region_46855
R46856,Region_46856
R46857,Region_46857
R46858,Region_46858
R46859,Region_46859
R46860,Region_46860
R46861,Region_46861
R46862,Region_46862
R46863,Region_46863
R46864,Region_46864
R46865,Region_46865
R46866,Region_46866
R46867,Region_46867
R46868,Region_46868
R46869,Region_46869
R46870,Region_46870
R46871,Region_46871
R46872,Region_46872
R46873,Region_46873
R46874,Region_46874
R46875,Region_46875
R46876,Region_46876
R46877,Region_46877
R46878,Region_46878
R46879,Region_46879
R46880,Region_46880
R46881,Region_46881
R46882,Region_46882
R46883,Region_46883
R46884,Region_46884
R46885,Region_46885
R46886,Region_46886
R46887,Region_46887
R46888,Region_46888
R46889,Region_46889
R46890,Region_46890
R46891,Region_46891
R46892,Region_46892
R46893,Region_46893
R46894,Region_46894
R46895,Region_46895
R46896,Region_46896
R46897,Region_46897
R46898,Region_46898
R46899,Region_46899
R46900,Region_46900
R46901,Region_46901
R46902,Region_46902
R46903,Region_46903
R46904,Region_46904
R46905,Region_46905
R46906,Region_46906
R46907,Region_46907
R46908,Region_46908
R46909,Region_46909
R46910,Region_46910
R46911,Region_46911
R46912,Region_46912
R46913,Region_46913
R46914,Region_46914
R46915,Region_46915
R46916,Region_46916
R46917,Region_46917
R46918,Region_46918
R46919,Region_46919
R46920,Region_46920
R46921,Region_46921
R46922,Region_46922
R46923,Region_46923
R46924,Region_46924
R46925,Region_46925
R46926,Region_46926
R46927,Region_46927
R46928,Region_46928
R46929,Region_46929
R46930,Region_46930
R46931,Region_46931
R46932,Region_46932
R46933,Region_46933
R46934,Region_46934
R46935,Region_46935
R46936,Region_46936
R46937,Region_46937
R46938,Region_46938
R46939,Region_46939
R46940,Region_46940
R46941,Region_46941
R46942,Region_46942
R46943,Region_46943
R46944,Region_46944
R46945,Region_46945
R46946,Region_46946
R46947,Region_46947
R46948,Region_46948
R46949,Region_46949
R46950,Region_46950
R46951,Region_46951
R46952,Region_46952
R46953,Region_46953
R46954,Region_46954
R46955,Region_46955
R46956,Region_46956
R46957,Region_46957
R46958,Region_46958
R46959,Region_46959
R46960,Region_46960
R46961,Region_46961
R46962,Region_46962
R46963,Region_46963
R46964,Region_46964
R46965,Region_46965
R46966,Region_46966
R46967,Region_46967
R46968,Region_46968
R46969,Region_46969
R46970,Region_46970
R46971,Region_46971
R46972,Region_46972
R46973,Region_46973
R46974,Region_46974
R46975,Region_46975
R46976,Region_46976
R46977,Region_46977
R46978,Region_46978
R46979,Region_46979
R46980,Region_46980
R46981,Region_46981
R46982,Region_46982
R46983,Region_46983
R46984,Region_46984
R46985,Region_46985
R46986,Region_46986
R46987,Region_46987
R46988,Region_46988
R46989,Region_46989
R46990,Region_46990
R46991,Region_46991
R46992,Region_46992
R46993,Region_46993
R46994,Region_46994
R46995,Region_46995
R46996,Region_46996
R46997,Region_46997
R46998,Region_46998
R46999,Region_46999
R47000,Region_47000
R47001,Region_47001
R47002,Region_47002
R47003,Region_47003
R47004,Region_47004
R47005,Region_47005
R47006,Region_47006
R47007,Region_47007
R47008,Region_47008
R47009,Region_47009
R47010,Region_47010
R47011,Region_47011
R47012,Region_47012
R47013,Region_47013
R47014,Region_47014
R47015,Region_47015
R47016,Region_47016
R47017,Region_47017
R47018,Region_47018
R47019,Region_47019
R47020,Region_47020
R47021,Region_47021
R47022,Region_47022
R47023,Region_47023
R47024,Region_47024
R47025,Region_47025
R47026,Region_47026
R47027,Region_47027
R47028,Region_47028
R47029,Region_47029
R47030,Region_47030
R47031,Region_47031
R47032,Region_47032
R47033,Region_47033
R47034,Region_47034
R47035,Region_47035
R47036,Region_47036
R47037,Region_47037
R47038,Region_47038
R47039,Region_47039
R47040,Region_47040
R47041,Region_47041
R47042,Region_47042
R47043,Region_47043
R47044,Region_47044
R47045,Region_47045
R47046,Region_47046
R47047,Region_47047
R47048,Region_47048
R47049,Region_47049
R47050,Region_47050
R47051,Region_47051
R47052,Region_47052
R47053,Region_47053
R47054,Region_47054
R47055,Region_47055
R47056,Region_47056
R47057,Region_47057
R47058,Region_47058
R47059,Region_47059
R47060,Region_47060
R47061,Region_47061
R47062,Region_47062
R47063,Region_47063
R47064,Region_47064
R47065,Region_47065
R47066,Region_47066
R47067,Region_47067
R47068,Region_47068
R47069,Region_47069
R47070,Region_47070
R47071,Region_47071
R47072,Region_47072
R47073,Region_47073
R47074,Region_47074
R47075,Region_47075
R47076,Region_47076
R47077,Region_47077
R47078,Region_47078
R47079,Region_47079
R47080,Region_47080
R47081,Region_47081
R47082,Region_47082
R47083,Region_47083
R47084,Region_47084
R47085,Region_47085
R47086,Region_47086
R47087,Region_47087
R47088,Region_47088
R47089,Region_47089
R47090,Region_47090
R47091,Region_47091
R47092,Region_47092
R47093,Region_47093
R47094,Region_47094
R47095,Region_47095
R47096,Region_47096
R47097,Region_47097
R47098,Region_47098
R47099,Region_47099
R47100,Region_47100
R47101,Region_47101
R47102,Region_47102
R47103,Region_47103
R47104,Region_47104
R47105,Region_47105
R47106,Region_47106
R47107,Region_47107
R47108,Region_47108
R47109,Region_47109
R47110,Region_47110
R47111,Region_47111
R47112,Region_47112
R47113,Region_47113
R47114,Region_47114
R47115,Region_47115
R47116,Region_47116
R47117,Region_47117
R47118,Region_47118
R47119,Region_47119
R47120,Region_47120
R47121,Region_47121
R47122,Region_47122
R47123,Region_47123
R47124,Region_47124
R47125,Region_47125
R47126,Region_47126
R47127,Region_47127
R47128,Region_47128
R47129,Region_47129
R47130,Region_47130
R47131,Region_47131
R47132,Region_47132
R47133,Region_47133
R47134,Region_47134
R47135,Region_47135
R47136,Region_47136
R47137,Region_47137
R47138,Region_47138
R47139,Region_47139
R47140,Region_47140
R47141,Region_47141
R47142,Region_47142
R47143,Region_47143
R47144,Region_47144
R47145,Region_47145
R47146,Region_47146
R47147,Region_47147
R47148,Region_47148
R47149,Region_47149
R47150,Region_47150
R47151,Region_47151
R47152,Region_47152
R47153,Region_47153
R47154,Region_47154
R47155,Region_47155
R47156,Region_47156
R47157,Region_47157
R47158,Region_47158
R47159,Region_47159
R47160,Region_47160
R47161,Region_47161
R47162,Region_47162
R47163,Region_47163
R47164,Region_47164
R47165,Region_47165
R47166,Region_47166
R47167,Region_47167
R47168,Region_47168
R47169,Region_47169
R47170,Region_47170
R47171,Region_47171
R47172,Region_47172
R47173,Region_47173
R47174,Region_47174
R47175,Region_47175
R47176,Region_47176
R47177,Region_47177
R47178,Region_47178
R47179,Region_47179
R47180,Region_47180
R47181,Region_47181
R47182,Region_47182
R47183,Region_47183
R47184,Region_47184
R47185,Region_47185
R47186,Region_47186
R47187,Region_47187
R47188,Region_47188
R47189,Region_47189
R47190,Region_47190
R47191,Region_47191
R47192,Region_47192
R47193,Region_47193
R47194,Region_47194
R47195,Region_47195
R47196,Region_47196
R47197,Region_47197
R47198,Region_47198
R47199,Region_47199
R47200,Region_47200
R47201,Region_47201
R47202,Region_47202
R47203,Region_47203
R47204,Region_47204
R47205,Region_47205
R47206,Region_47206
R47207,Region_47207
R47208,Region_47208
R47209,Region_47209
R47210,Region_47210
R47211,Region_47211
R47212,Region_47212
R47213,Region_47213
R47214,Region_47214
R47215,Region_47215
R47216,Region_47216
R47217,Region_47217
R47218,Region_47218
R47219,Region_47219
R47220,Region_47220
R47221,Region_47221
R47222,Region_47222
R47223,Region_47223
R47224,Region_47224
R47225,Region_47225
R47226,Region_47226
R47227,Region_47227
R47228,Region_47228
R47229,Region_47229
R47230,Region_47230
R47231,Region_47231
R47232,Region_47232
R47233,Region_47233
R47234,Region_47234
R47235,Region_47235
R47236,Region_47236
R47237,Region_47237
R47238,Region_47238
R47239,Region_47239
R47240,Region_47240
R47241,Region_47241
R47242,Region_47242
R47243,Region_47243
R47244,Region_47244
R47245,Region_47245
R47246,Region_47246
R47247,Region_47247
R47248,Region_47248
R47249,Region_47249
R47250,Region_47250
R47251,Region_47251
R47252,Region_47252
R47253,Region_47253
R47254,Region_47254
R47255,Region_47255
R47256,Region_47256
R47257,Region_47257
R47258,Region_47258
R47259,Region_47259
R47260,Region_47260
R47261,Region_47261
R47262,Region_47262
R47263,Region_47263
R47264,Region_47264
R47265,Region_47265
R47266,Region_47266
R47267,Region_47267
R47268,Region_47268
R47269,Region_47269
R47270,Region_47270
R47271,Region_47271
R47272,Region_47272
R47273,Region_47273
R47274,Region_47274
R47275,Region_47275
R47276,Region_47276
R47277,Region_47277
R47278,Region_47278
R47279,Region_47279
R47280,Region_47280
R47281,Region_47281
R47282,Region_47282
R47283,Region_47283
R47284,Region_47284
R47285,Region_47285
R47286,Region_47286
R47287,Region_47287
R47288,Region_47288
R47289,Region_47289
R47290,Region_47290
R47291,Region_47291
R47292,Region_47292
R47293,Region_47293
R47294,Region_47294
R47295,Region_47295
R47296,Region_47296
R47297,Region_47297
R47298,Region_47298
R47299,Region_47299
R47300,Region_47300
R47301,Region_47301
R47302,Region_47302
R47303,Region_47303
R47304,Region_47304
R47305,Region_47305
R47306,Region_47306
R47307,Region_47307
R47308,Region_47308
R47309,Region_47309
R47310,Region_47310
R47311,Region_47311
R47312,Region_47312
R47313,Region_47313
R47314,Region_47314
R47315,Region_47315
R47316,Region_47316
R47317,Region_47317
R47318,Region_47318
R47319,Region_47319
R47320,Region_47320
R47321,Region_47321
R47322,Region_47322
R47323,Region_47323
R47324,Region_47324
R47325,Region_47325
R47326,Region_47326
R47327,Region_47327
R47328,Region_47328
R47329,Region_47329
R47330,Region_47330
R47331,Region_47331
R47332,Region_47332
R47333,Region_47333
R47334,Region_47334
R47335,Region_47335
R47336,Region_47336
R47337,Region_47337
R47338,Region_47338
R47339,Region_47339
R47340,Region_47340
R47341,Region_47341
R47342,Region_47342
R47343,Region_47343
R47344,Region_47344
R47345,Region_47345
R47346,Region_47346
R47347,Region_47347
R47348,Region_47348
R47349,Region_47349
R47350,Region_47350
R47351,Region_47351
R47352,Region_47352
R47353,Region_47353
R47354,Region_47354
R47355,Region_47355
R47356,Region_47356
R47357,Region_47357
R47358,Region_47358
R47359,Region_47359
R47360,Region_47360
R47361,Region_47361
R47362,Region_47362
R47363,Region_47363
R47364,Region_47364
R47365,Region_47365
R47366,Region_47366
R47367,Region_47367
R47368,Region_47368
R47369,Region_47369
R47370,Region_47370
R47371,Region_47371
R47372,Region_47372
R47373,Region_47373
R47374,Region_47374
R47375,Region_47375
R47376,Region_47376
R47377,Region_47377
R47378,Region_47378
R47379,Region_47379
R47380,Region_47380
R47381,Region_47381
R47382,Region_47382
R47383,Region_47383
R47384,Region_47384
R47385,Region_47385
R47386,Region_47386
R47387,Region_47387
R47388,Region_47388
R47389,Region_47389
R47390,Region_47390
R47391,Region_47391
R47392,Region_47392
R47393,Region_47393
R47394,Region_47394
R47395,Region_47395
R47396,Region_47396
R47397,Region_47397
R47398,Region_47398
R47399,Region_47399
R47400,Region_47400
R47401,Region_47401
R47402,Region_47402
R47403,Region_47403
R47404,Region_47404
R47405,Region_47405
R47406,Region_47406
R47407,Region_47407
R47408,Region_47408
R47409,Region_47409
R47410,Region_47410
R47411,Region_47411
R47412,Region_47412
R47413,Region_47413
R47414,Region_47414
R47415,Region_47415
R47416,Region_47416
R47417,Region_47417
R47418,Region_47418
R47419,Region_47419
R47420,Region_47420
R47421,Region_47421
R47422,Region_47422
R47423,Region_47423
R47424,Region_47424
R47425,Region_47425
R47426,Region_47426
R47427,Region_47427
R47428,Region_47428
R47429,Region_47429
R47430,Region_47430
R47431,Region_47431
R47432,Region_47432
R47433,Region_47433
R47434,Region_47434
R47435,Region_47435
R47436,Region_47436
R47437,Region_47437
R47438,Region_47438
R47439,Region_47439
R47440,Region_47440
R47441,Region_47441
R47442,Region_47442
R47443,Region_47443
R47444,Region_47444
R47445,Region_47445
R47446,Region_47446
R47447,Region_47447
R47448,Region_47448
R47449,Region_47449
R47450,Region_47450
R47451,Region_47451
R47452,Region_47452
R47453,Region_47453
R47454,Region_47454
R47455,Region_47455
R47456,Region_47456
R47457,Region_47457
R47458,Region_47458
R47459,Region_47459
R47460,Region_47460
R47461,Region_47461
R47462,Region_47462
R47463,Region_47463
R47464,Region_47464
R47465,Region_47465
R47466,Region_47466
R47467,Region_47467
R47468,Region_47468
R47469,Region_47469
R47470,Region_47470
R47471,Region_47471
R47472,Region_47472
R47473,Region_47473
R47474,Region_47474
R47475,Region_47475
R47476,Region_47476
R47477,Region_47477
R47478,Region_47478
R47479,Region_47479
R47480,Region_47480
R47481,Region_47481
R47482,Region_47482
R47483,Region_47483
R47484,Region_47484
R47485,Region_47485
R47486,Region_47486
R47487,Region_47487
R47488,Region_47488
R47489,Region_47489
R47490,Region_47490
R47491,Region_47491
R47492,Region_47492
R47493,Region_47493
R47494,Region_47494
R47495,Region_47495
R47496,Region_47496
R47497,Region_47497
R47498,Region_47498
R47499,Region_47499
R47500,Region_47500
R47501,Region_47501
R47502,Region_47502
R47503,Region_47503
R47504,Region_47504
R47505,Region_47505
R47506,Region_47506
R47507,Region_47507
R47508,Region_47508
R47509,Region_47509
R47510,Region_47510
R47511,Region_47511
R47512,Region_47512
R47513,Region_47513
R47514,Region_47514
R47515,Region_47515
R47516,Region_47516
R47517,Region_47517
R47518,Region_47518
R47519,Region_47519
R47520,Region_47520
R47521,Region_47521
R47522,Region_47522
R47523,Region_47523
R47524,Region_47524
R47525,Region_47525
R47526,Region_47526
R47527,Region_47527
R47528,Region_47528
R47529,Region_47529
R47530,Region_47530
R47531,Region_47531
R47532,Region_47532
R47533,Region_47533
R47534,Region_47534
R47535,Region_47535
R47536,Region_47536
R47537,Region_47537
R47538,Region_47538
R47539,Region_47539
R47540,Region_47540
R47541,Region_47541
R47542,Region_47542
R47543,Region_47543
R47544,Region_47544
R47545,Region_47545
R47546,Region_47546
R47547,Region_47547
R47548,Region_47548
R47549,Region_47549
R47550,Region_47550
R47551,Region_47551
R47552,Region_47552
R47553,Region_47553
R47554,Region_47554
R47555,Region_47555
R47556,Region_47556
R47557,Region_47557
R47558,Region_47558
R47559,Region_47559
R47560,Region_47560
R47561,Region_47561
R47562,Region_47562
R47563,Region_47563
R47564,Region_47564
R47565,Region_47565
R47566,Region_47566
R47567,Region_47567
R47568,Region_47568
R47569,Region_47569
R47570,Region_47570
R47571,Region_47571
R47572,Region_47572
R47573,Region_47573
R47574,Region_47574
R47575,Region_47575
R47576,Region_47576
R47577,Region_47577
R47578,Region_47578
R47579,Region_47579
R47580,Region_47580
R47581,Region_47581
R47582,Region_47582
R47583,Region_47583
R47584,Region_47584
R47585,Region_47585
R47586,Region_47586
R47587,Region_47587
R47588,Region_47588
R47589,Region_47589
R47590,Region_47590
R47591,Region_47591
R47592,Region_47592
R47593,Region_47593
R47594,Region_47594
R47595,Region_47595
R47596,Region_47596
R47597,Region_47597
R47598,Region_47598
R47599,Region_47599
R47600,Region_47600
R47601,Region_47601
R47602,Region_47602
R47603,Region_47603
R47604,Region_47604
R47605,Region_47605
R47606,Region_47606
R47607,Region_47607
R47608,Region_47608
R47609,Region_47609
R47610,Region_47610
R47611,Region_47611
R47612,Region_47612
R47613,Region_47613
R47614,Region_47614
R47615,Region_47615
R47616,Region_47616
R47617,Region_47617
R47618,Region_47618
R47619,Region_47619
R47620,Region_47620
R47621,Region_47621
R47622,Region_47622
R47623,Region_47623
R47624,Region_47624
R47625,Region_47625
R47626,Region_47626
R47627,Region_47627
R47628,Region_47628
R47629,Region_47629
R47630,Region_47630
R47631,Region_47631
R47632,Region_47632
R47633,Region_47633
R47634,Region_47634
R47635,Region_47635
R47636,Region_47636
R47637,Region_47637
R47638,Region_47638
R47639,Region_47639
R47640,Region_47640
R47641,Region_47641
R47642,Region_47642
R47643,Region_47643
R47644,Region_47644
R47645,Region_47645
R47646,Region_47646
R47647,Region_47647
R47648,Region_47648
R47649,Region_47649
R47650,Region_47650
R47651,Region_47651
R47652,Region_47652
R47653,Region_47653
R47654,Region_47654
R47655,Region_47655
R47656,Region_47656
R47657,Region_47657
R47658,Region_47658
R47659,Region_47659
R47660,Region_47660
R47661,Region_47661
R47662,Region_47662
R47663,Region_47663
R47664,Region_47664
R47665,Region_47665
R47666,Region_47666
R47667,Region_47667
R47668,Region_47668
R47669,Region_47669
R47670,Region_47670
R47671,Region_47671
R47672,Region_47672
R47673,Region_47673
R47674,Region_47674
R47675,Region_47675
R47676,Region_47676
R47677,Region_47677
R47678,Region_47678
R47679,Region_47679
R47680,Region_47680
R47681,Region_47681
R47682,Region_47682
R47683,Region_47683
R47684,Region_47684
R47685,Region_47685
R47686,Region_47686
R47687,Region_47687
R47688,Region_47688
R47689,Region_47689
R47690,Region_47690
R47691,Region_47691
R47692,Region_47692
R47693,Region_47693
R47694,Region_47694
R47695,Region_47695
R47696,Region_47696
R47697,Region_47697
R47698,Region_47698
R47699,Region_47699
R47700,Region_47700
R47701,Region_47701
R47702,Region_47702
R47703,Region_47703
R47704,Region_47704
R47705,Region_47705
R47706,Region_47706
R47707,Region_47707
R47708,Region_47708
R47709,Region_47709
R47710,Region_47710
R47711,Region_47711
R47712,Region_47712
R47713,Region_47713
R47714,Region_47714
R47715,Region_47715
R47716,Region_47716
R47717,Region_47717
R47718,Region_47718
R47719,Region_47719
R47720,Region_47720
R47721,Region_47721
R47722,Region_47722
R47723,Region_47723
R47724,Region_47724
R47725,Region_47725
R47726,Region_47726
R47727,Region_47727
R47728,Region_47728
R47729,Region_47729
R47730,Region_47730
R47731,Region_47731
R47732,Region_47732
R47733,Region_47733
R47734,Region_47734
R47735,Region_47735
R47736,Region_47736
R47737,Region_47737
R47738,Region_47738
R47739,Region_47739
R47740,Region_47740
R47741,Region_47741
R47742,Region_47742
R47743,Region_47743
R47744,Region_47744
R47745,Region_47745
R47746,Region_47746
R47747,Region_47747
R47748,Region_47748
R47749,Region_47749
R47750,Region_47750
R47751,Region_47751
R47752,Region_47752
R47753,Region_47753
R47754,Region_47754
R47755,Region_47755
R47756,Region_47756
R47757,Region_47757
R47758,Region_47758
R47759,Region_47759
R47760,Region_47760
R47761,Region_47761
R47762,Region_47762
R47763,Region_47763
R47764,Region_47764
R47765,Region_47765
R47766,Region_47766
R47767,Region_47767
R47768,Region_47768
R47769,Region_47769
R47770,Region_47770
R47771,Region_47771
R47772,Region_47772
R47773,Region_47773
R47774,Region_47774
R47775,Region_47775
R47776,Region_47776
R47777,Region_47777
R47778,Region_47778
R47779,Region_47779
R47780,Region_47780
R47781,Region_47781
R47782,Region_47782
R47783,Region_47783
R47784,Region_47784
R47785,Region_47785
R47786,Region_47786
R47787,Region_47787
R47788,Region_47788
R47789,Region_47789
R47790,Region_47790
R47791,Region_47791
R47792,Region_47792
R47793,Region_47793
R47794,Region_47794
R47795,Region_47795
R47796,Region_47796
R47797,Region_47797
R47798,Region_47798
R47799,Region_47799
R47800,Region_47800
R47801,Region_47801
R47802,Region_47802
R47803,Region_47803
R47804,Region_47804
R47805,Region_47805
R47806,Region_47806
R47807,Region_47807
R47808,Region_47808
R47809,Region_47809
R47810,Region_47810
R47811,Region_47811
R47812,Region_47812
R47813,Region_47813
R47814,Region_47814
R47815,Region_47815
R47816,Region_47816
R47817,Region_47817
R47818,Region_47818
R47819,Region_47819
R47820,Region_47820
R47821,Region_47821
R47822,Region_47822
R47823,Region_47823
R47824,Region_47824
R47825,Region_47825
R47826,Region_47826
R47827,Region_47827
R47828,Region_47828
R47829,Region_47829
R47830,Region_47830
R47831,Region_47831
R47832,Region_47832
R47833,Region_47833
R47834,Region_47834
R47835,Region_47835
R47836,Region_47836
R47837,Region_47837
R47838,Region_47838
R47839,Region_47839
R47840,Region_47840
R47841,Region_47841
R47842,Region_47842
R47843,Region_47843
R47844,Region_47844
R47845,Region_47845
R47846,Region_47846
R47847,Region_47847
R47848,Region_47848
R47849,Region_47849
R47850,Region_47850
R47851,Region_47851
R47852,Region_47852
R47853,Region_47853
R47854,Region_47854
R47855,Region_47855
R47856,Region_47856
R47857,Region_47857
R47858,Region_47858
R47859,Region_47859
R47860,Region_47860
R47861,Region_47861
R47862,Region_47862
R47863,Region_47863
R47864,Region_47864
R47865,Region_47865
R47866,Region_47866
R47867,Region_47867
R47868,Region_47868
R47869,Region_47869
R47870,Region_47870
R47871,Region_47871
R47872,Region_47872
R47873,Region_47873
R47874,Region_47874
R47875,Region_47875
R47876,Region_47876
R47877,Region_47877
R47878,Region_47878
R47879,Region_47879
R47880,Region_47880
R47881,Region_47881
R47882,Region_47882
R47883,Region_47883
R47884,Region_47884
R47885,Region_47885
R47886,Region_47886
R47887,Region_47887
R47888,Region_47888
R47889,Region_47889
R47890,Region_47890
R47891,Region_47891
R47892,Region_47892
R47893,Region_47893
R47894,Region_47894
R47895,Region_47895
R47896,Region_47896
R47897,Region_47897
R47898,Region_47898
R47899,Region_47899
R47900,Region_47900
R47901,Region_47901
R47902,Region_47902
R47903,Region_47903
R47904,Region_47904
R47905,Region_47905
R47906,Region_47906
R47907,Region_47907
R47908,Region_47908
R47909,Region_47909
R47910,Region_47910
R47911,Region_47911
R47912,Region_47912
R47913,Region_47913
R47914,Region_47914
R47915,Region_47915
R47916,Region_47916
R47917,Region_47917
R47918,Region_47918
R47919,Region_47919
R47920,Region_47920
R47921,Region_47921
R47922,Region_47922
R47923,Region_47923
R47924,Region_47924
R47925,Region_47925
R47926,Region_47926
R47927,Region_47927
R47928,Region_47928
R47929,Region_47929
R47930,Region_47930
R47931,Region_47931
R47932,Region_47932
R47933,Region_47933
R47934,Region_47934
R47935,Region_47935
R47936,Region_47936
R47937,Region_47937
R47938,Region_47938
R47939,Region_47939
R47940,Region_47940
R47941,Region_47941
R47942,Region_47942
R47943,Region_47943
R47944,Region_47944
R47945,Region_47945
R47946,Region_47946
R47947,Region_47947
R47948,Region_47948
R47949,Region_47949
R47950,Region_47950
R47951,Region_47951
R47952,Region_47952
R47953,Region_47953
R47954,Region_47954
R47955,Region_47955
R47956,Region_47956
R47957,Region_47957
R47958,Region_47958
R47959,Region_47959
R47960,Region_47960
R47961,Region_47961
R47962,Region_47962
R47963,Region_47963
R47964,Region_47964
R47965,Region_47965
R47966,Region_47966
R47967,Region_47967
R47968,Region_47968
R47969,Region_47969
R47970,Region_47970
R47971,Region_47971
R47972,Region_47972
R47973,Region_47973
R47974,Region_47974
R47975,Region_47975
R47976,Region_47976
R47977,Region_47977
R47978,Region_47978
R47979,Region_47979
R47980,Region_47980
R47981,Region_47981
R47982,Region_47982
R47983,Region_47983
R47984,Region_47984
R47985,Region_47985
R47986,Region_47986
R47987,Region_47987
R47988,Region_47988
R47989,Region_47989
R47990,Region_47990
R47991,Region_47991
R47992,Region_47992
R47993,Region_47993
R47994,Region_47994
R47995,Region_47995
R47996,Region_47996
R47997,Region_47997
R47998,Region_47998
R47999,Region_47999
R48000,Region_48000
R48001,Region_48001
R48002,Region_48002
R48003,Region_48003
R48004,Region_48004
R48005,Region_48005
R48006,Region_48006
R48007,Region_48007
R48008,Region_48008
R48009,Region_48009
R48010,Region_48010
R48011,Region_48011
R48012,Region_48012
R48013,Region_48013
R48014,Region_48014
R48015,Region_48015
R48016,Region_48016
R48017,Region_48017
R48018,Region_48018
R48019,Region_48019
R48020,Region_48020
R48021,Region_48021
R48022,Region_48022
R48023,Region_48023
R48024,Region_48024
R48025,Region_48025
R48026,Region_48026
R48027,Region_48027
R48028,Region_48028
R48029,Region_48029
R48030,Region_48030
R48031,Region_48031
R48032,Region_48032
R48033,Region_48033
R48034,Region_48034
R48035,Region_48035
R48036,Region_48036
R48037,Region_48037
R48038,Region_48038
R48039,Region_48039
R48040,Region_48040
R48041,Region_48041
R48042,Region_48042
R48043,Region_48043
R48044,Region_48044
R48045,Region_48045
R48046,Region_48046
R48047,Region_48047
R48048,Region_48048
R48049,Region_48049
R48050,Region_48050
R48051,Region_48051
R48052,Region_48052
R48053,Region_48053
R48054,Region_48054
R48055,Region_48055
R48056,Region_48056
R48057,Region_48057
R48058,Region_48058
R48059,Region_48059
R48060,Region_48060
R48061,Region_48061
R48062,Region_48062
R48063,Region_48063
R48064,Region_48064
R48065,Region_48065
R48066,Region_48066
R48067,Region_48067
R48068,Region_48068
R48069,Region_48069
R48070,Region_48070
R48071,Region_48071
R48072,Region_48072
R48073,Region_48073
R48074,Region_48074
R48075,Region_48075
R48076,Region_48076
R48077,Region_48077
R48078,Region_48078
R48079,Region_48079
R48080,Region_48080
R48081,Region_48081
R48082,Region_48082
R48083,Region_48083
R48084,Region_48084
R48085,Region_48085
R48086,Region_48086
R48087,Region_48087
R48088,Region_48088
R48089,Region_48089
R48090,Region_48090
R48091,Region_48091
R48092,Region_48092
R48093,Region_48093
R48094,Region_48094
R48095,Region_48095
R48096,Region_48096
R48097,Region_48097
R48098,Region_48098
R48099,Region_48099
R48100,Region_48100
R48101,Region_48101
R48102,Region_48102
R48103,Region_48103
R48104,Region_48104
R48105,Region_48105
R48106,Region_48106
R48107,Region_48107
R48108,Region_48108
R48109,Region_48109
R48110,Region_48110
R48111,Region_48111
R48112,Region_48112
R48113,Region_48113
R48114,Region_48114
R48115,Region_48115
R48116,Region_48116
R48117,Region_48117
R48118,Region_48118
R48119,Region_48119
R48120,Region_48120
R48121,Region_48121
R48122,Region_48122
R48123,Region_48123
R48124,Region_48124
R48125,Region_48125
R48126,Region_48126
R48127,Region_48127
R48128,Region_48128
R48129,Region_48129
R48130,Region_48130
R48131,Region_48131
R48132,Region_48132
R48133,Region_48133
R48134,Region_48134
R48135,Region_48135
R48136,Region_48136
R48137,Region_48137
R48138,Region_48138
R48139,Region_48139
R48140,Region_48140
R48141,Region_48141
R48142,Region_48142
R48143,Region_48143
R48144,Region_48144
R48145,Region_48145
R48146,Region_48146
R48147,Region_48147
R48148,Region_48148
R48149,Region_48149
R48150,Region_48150
R48151,Region_48151
R48152,Region_48152
R48153,Region_48153
R48154,Region_48154
R48155,Region_48155
R48156,Region_48156
R48157,Region_48157
R48158,Region_48158
R48159,Region_48159
R48160,Region_48160
R48161,Region_48161
R48162,Region_48162
R48163,Region_48163
R48164,Region_48164
R48165,Region_48165
R48166,Region_48166
R48167,Region_48167
R48168,Region_48168
R48169,Region_48169
R48170,Region_48170
R48171,Region_48171
R48172,Region_48172
R48173,Region_48173
R48174,Region_48174
R48175,Region_48175
R48176,Region_48176
R48177,Region_48177
R48178,Region_48178
R48179,Region_48179
R48180,Region_48180
R48181,Region_48181
R48182,Region_48182
R48183,Region_48183
R48184,Region_48184
R48185,Region_48185
R48186,Region_48186
R48187,Region_48187
R48188,Region_48188
R48189,Region_48189
R48190,Region_48190
R48191,Region_48191
R48192,Region_48192
R48193,Region_48193
R48194,Region_48194
R48195,Region_48195
R48196,Region_48196
R48197,Region_48197
R48198,Region_48198
R48199,Region_48199
R48200,Region_48200
R48201,Region_48201
R48202,Region_48202
R48203,Region_48203
R48204,Region_48204
R48205,Region_48205
R48206,Region_48206
R48207,Region_48207
R48208,Region_48208
R48209,Region_48209
R48210,Region_48210
R48211,Region_48211
R48212,Region_48212
R48213,Region_48213
R48214,Region_48214
R48215,Region_48215
R48216,Region_48216
R48217,Region_48217
R48218,Region_48218
R48219,Region_48219
R48220,Region_48220
R48221,Region_48221
R48222,Region_48222
R48223,Region_48223
R48224,Region_48224
R48225,Region_48225
R48226,Region_48226
R48227,Region_48227
R48228,Region_48228
R48229,Region_48229
R48230,Region_48230
R48231,Region_48231
R48232,Region_48232
R48233,Region_48233
R48234,Region_48234
R48235,Region_48235
R48236,Region_48236
R48237,Region_48237
R48238,Region_48238
R48239,Region_48239
R48240,Region_48240
R48241,Region_48241
R48242,Region_48242
R48243,Region_48243
R48244,Region_48244
R48245,Region_48245
R48246,Region_48246
R48247,Region_48247
R48248,Region_48248
R48249,Region_48249
R48250,Region_48250
R48251,Region_48251
R48252,Region_48252
R48253,Region_48253
R48254,Region_48254
R48255,Region_48255
R48256,Region_48256
R48257,Region_48257
R48258,Region_48258
R48259,Region_48259
R48260,Region_48260
R48261,Region_48261
R48262,Region_48262
R48263,Region_48263
R48264,Region_48264
R48265,Region_48265
R48266,Region_48266
R48267,Region_48267
R48268,Region_48268
R48269,Region_48269
R48270,Region_48270
R48271,Region_48271
R48272,Region_48272
R48273,Region_48273
R48274,Region_48274
R48275,Region_48275
R48276,Region_48276
R48277,Region_48277
R48278,Region_48278
R48279,Region_48279
R48280,Region_48280
R48281,Region_48281
R48282,Region_48282
R48283,Region_48283
R48284,Region_48284
R48285,Region_48285
R48286,Region_48286
R48287,Region_48287
R48288,Region_48288
R48289,Region_48289
R48290,Region_48290
R48291,Region_48291
R48292,Region_48292
R48293,Region_48293
R48294,Region_48294
R48295,Region_48295
R48296,Region_48296
R48297,Region_48297
R48298,Region_48298
R48299,Region_48299
R48300,Region_48300
R48301,Region_48301
R48302,Region_48302
R48303,Region_48303
R48304,Region_48304
R48305,Region_48305
R48306,Region_48306
R48307,Region_48307
R48308,Region_48308
R48309,Region_48309
R48310,Region_48310
R48311,Region_48311
R48312,Region_48312
R48313,Region_48313
R48314,Region_48314
R48315,Region_48315
R48316,Region_48316
R48317,Region_48317
R48318,Region_48318
R48319,Region_48319
R48320,Region_48320
R48321,Region_48321
R48322,Region_48322
R48323,Region_48323
R48324,Region_48324
R48325,Region_48325
R48326,Region_48326
R48327,Region_48327
R48328,Region_48328
R48329,Region_48329
R48330,Region_48330
R48331,Region_48331
R48332,Region_48332
R48333,Region_48333
R48334,Region_48334
R48335,Region_48335
R48336,Region_48336
R48337,Region_48337
R48338,Region_48338
R48339,Region_48339
R48340,Region_48340
R48341,Region_48341
R48342,Region_48342
R48343,Region_48343
R48344,Region_48344
R48345,Region_48345
R48346,Region_48346
R48347,Region_48347
R48348,Region_48348
R48349,Region_48349
R48350,Region_48350
R48351,Region_48351
R48352,Region_48352
R48353,Region_48353
R48354,Region_48354
R48355,Region_48355
R48356,Region_48356
R48357,Region_48357
R48358,Region_48358
R48359,Region_48359
R48360,Region_48360
R48361,Region_48361
R48362,Region_48362
R48363,Region_48363
R48364,Region_48364
R48365,Region_48365
R48366,Region_48366
R48367,Region_48367
R48368,Region_48368
R48369,Region_48369
R48370,Region_48370
R48371,Region_48371
R48372,Region_48372
R48373,Region_48373
R48374,Region_48374
R48375,Region_48375
R48376,Region_48376
R48377,Region_48377
R48378,Region_48378
R48379,Region_48379
R48380,Region_48380
R48381,Region_48381
R48382,Region_48382
R48383,Region_48383
R48384,Region_48384
R48385,Region_48385
R48386,Region_48386
R48387,Region_48387
R48388,Region_48388
R48389,Region_48389
R48390,Region_48390
R48391,Region_48391
R48392,Region_48392
R48393,Region_48393
R48394,Region_48394
R48395,Region_48395
R48396,Region_48396
R48397,Region_48397
R48398,Region_48398
R48399,Region_48399
R48400,Region_48400
R48401,Region_48401
R48402,Region_48402
R48403,Region_48403
R48404,Region_48404
R48405,Region_48405
R48406,Region_48406
R48407,Region_48407
R48408,Region_48408
R48409,Region_48409
R48410,Region_48410
R48411,Region_48411
R48412,Region_48412
R48413,Region_48413
R48414,Region_48414
R48415,Region_48415
R48416,Region_48416
R48417,Region_48417
R48418,Region_48418
R48419,Region_48419
R48420,Region_48420
R48421,Region_48421
R48422,Region_48422
R48423,Region_48423
R48424,Region_48424
R48425,Region_48425
R48426,Region_48426
R48427,Region_48427
R48428,Region_48428
R48429,Region_48429
R48430,Region_48430
R48431,Region_48431
R48432,Region_48432
R48433,Region_48433
R48434,Region_48434
R48435,Region_48435
R48436,Region_48436
R48437,Region_48437
R48438,Region_48438
R48439,Region_48439
R48440,Region_48440
R48441,Region_48441
R48442,Region_48442
R48443,Region_48443
R48444,Region_48444
R48445,Region_48445
R48446,Region_48446
R48447,Region_48447
R48448,Region_48448
R48449,Region_48449
R48450,Region_48450
R48451,Region_48451
R48452,Region_48452
R48453,Region_48453
R48454,Region_48454
R48455,Region_48455
R48456,Region_48456
R48457,Region_48457
R48458,Region_48458
R48459,Region_48459
R48460,Region_48460
R48461,Region_48461
R48462,Region_48462
R48463,Region_48463
R48464,Region_48464
R48465,Region_48465
R48466,Region_48466
R48467,Region_48467
R48468,Region_48468
R48469,Region_48469
R48470,Region_48470
R48471,Region_48471
R48472,Region_48472
R48473,Region_48473
R48474,Region_48474
R48475,Region_48475
R48476,Region_48476
R48477,Region_48477
R48478,Region_48478
R48479,Region_48479
R48480,Region_48480
R48481,Region_48481
R48482,Region_48482
R48483,Region_48483
R48484,Region_48484
R48485,Region_48485
R48486,Region_48486
R48487,Region_48487
R48488,Region_48488
R48489,Region_48489
R48490,Region_48490
R48491,Region_48491
R48492,Region_48492
R48493,Region_48493
R48494,Region_48494
R48495,Region_48495
R48496,Region_48496
R48497,Region_48497
R48498,Region_48498
R48499,Region_48499
R48500,Region_48500
R48501,Region_48501
R48502,Region_48502
R48503,Region_48503
R48504,Region_48504
R48505,Region_48505
R48506,Region_48506
R48507,Region_48507
R48508,Region_48508
R48509,Region_48509
R48510,Region_48510
R48511,Region_48511
R48512,Region_48512
R48513,Region_48513
R48514,Region_48514
R48515,Region_48515
R48516,Region_48516
R48517,Region_48517
R48518,Region_48518
R48519,Region_48519
R48520,Region_48520
R48521,Region_48521
R48522,Region_48522
R48523,Region_48523
R48524,Region_48524
R48525,Region_48525
R48526,Region_48526
R48527,Region_48527
R48528,Region_48528
R48529,Region_48529
R48530,Region_48530
R48531,Region_48531
R48532,Region_48532
R48533,Region_48533
R48534,Region_48534
R48535,Region_48535
R48536,Region_48536
R48537,Region_48537
R48538,Region_48538
R48539,Region_48539
R48540,Region_48540
R48541,Region_48541
R48542,Region_48542
R48543,Region_48543
R48544,Region_48544
R48545,Region_48545
R48546,Region_48546
R48547,Region_48547
R48548,Region_48548
R48549,Region_48549
R48550,Region_48550
R48551,Region_48551
R48552,Region_48552
R48553,Region_48553
R48554,Region_48554
R48555,Region_48555
R48556,Region_48556
R48557,Region_48557
R48558,Region_48558
R48559,Region_48559
R48560,Region_48560
R48561,Region_48561
R48562,Region_48562
R48563,Region_48563
R48564,Region_48564
R48565,Region_48565
R48566,Region_48566
R48567,Region_48567
R48568,Region_48568
R48569,Region_48569
R48570,Region_48570
R48571,Region_48571
R48572,Region_48572
R48573,Region_48573
R48574,Region_48574
R48575,Region_48575
R48576,Region_48576
R48577,Region_48577
R48578,Region_48578
R48579,Region_48579
R48580,Region_48580
R48581,Region_48581
R48582,Region_48582
R48583,Region_48583
R48584,Region_48584
R48585,Region_48585
R48586,Region_48586
R48587,Region_48587
R48588,Region_48588
R48589,Region_48589
R48590,Region_48590
R48591,Region_48591
R48592,Region_48592
R48593,Region_48593
R48594,Region_48594
R48595,Region_48595
R48596,Region_48596
R48597,Region_48597
R48598,Region_48598
R48599,Region_48599
R48600,Region_48600
R48601,Region_48601
R48602,Region_48602
R48603,Region_48603
R48604,Region_48604
R48605,Region_48605
R48606,Region_48606
R48607,Region_48607
R48608,Region_48608
R48609,Region_48609
R48610,Region_48610
R48611,Region_48611
R48612,Region_48612
R48613,Region_48613
R48614,Region_48614
R48615,Region_48615
R48616,Region_48616
R48617,Region_48617
R48618,Region_48618
R48619,Region_48619
R48620,Region_48620
R48621,Region_48621
R48622,Region_48622
R48623,Region_48623
R48624,Region_48624
R48625,Region_48625
R48626,Region_48626
R48627,Region_48627
R48628,Region_48628
R48629,Region_48629
R48630,Region_48630
R48631,Region_48631
R48632,Region_48632
R48633,Region_48633
R48634,Region_48634
R48635,Region_48635
R48636,Region_48636
R48637,Region_48637
R48638,Region_48638
R48639,Region_48639
R48640,Region_48640
R48641,Region_48641
R48642,Region_48642
R48643,Region_48643
R48644,Region_48644
R48645,Region_48645
R48646,Region_48646
R48647,Region_48647
R48648,Region_48648
R48649,Region_48649
R48650,Region_48650
R48651,Region_48651
R48652,Region_48652
R48653,Region_48653
R48654,Region_48654
R48655,Region_48655
R48656,Region_48656
R48657,Region_48657
R48658,Region_48658
R48659,Region_48659
R48660,Region_48660
R48661,Region_48661
R48662,Region_48662
R48663,Region_48663
R48664,Region_48664
R48665,Region_48665
R48666,Region_48666
R48667,Region_48667
R48668,Region_48668
R48669,Region_48669
R48670,Region_48670
R48671,Region_48671
R48672,Region_48672
R48673,Region_48673
R48674,Region_48674
R48675,Region_48675
R48676,Region_48676
R48677,Region_48677
R48678,Region_48678
R48679,Region_48679
R48680,Region_48680
R48681,Region_48681
R48682,Region_48682
R48683,Region_48683
R48684,Region_48684
R48685,Region_48685
R48686,Region_48686
R48687,Region_48687
R48688,Region_48688
R48689,Region_48689
R48690,Region_48690
R48691,Region_48691
R48692,Region_48692
R48693,Region_48693
R48694,Region_48694
R48695,Region_48695
R48696,Region_48696
R48697,Region_48697
R48698,Region_48698
R48699,Region_48699
R48700,Region_48700
R48701,Region_48701
R48702,Region_48702
R48703,Region_48703
R48704,Region_48704
R48705,Region_48705
R48706,Region_48706
R48707,Region_48707
R48708,Region_48708
R48709,Region_48709
R48710,Region_48710
R48711,Region_48711
R48712,Region_48712
R48713,Region_48713
R48714,Region_48714
R48715,Region_48715
R48716,Region_48716
R48717,Region_48717
R48718,Region_48718
R48719,Region_48719
R48720,Region_48720
R48721,Region_48721
R48722,Region_48722
R48723,Region_48723
R48724,Region_48724
R48725,Region_48725
R48726,Region_48726
R48727,Region_48727
R48728,Region_48728
R48729,Region_48729
R48730,Region_48730
R48731,Region_48731
R48732,Region_48732
R48733,Region_48733
R48734,Region_48734
R48735,Region_48735
R48736,Region_48736
R48737,Region_48737
R48738,Region_48738
R48739,Region_48739
R48740,Region_48740
R48741,Region_48741
R48742,Region_48742
R48743,Region_48743
R48744,Region_48744
R48745,Region_48745
R48746,Region_48746
R48747,Region_48747
R48748,Region_48748
R48749,Region_48749
R48750,Region_48750
R48751,Region_48751
R48752,Region_48752
R48753,Region_48753
R48754,Region_48754
R48755,Region_48755
R48756,Region_48756
R48757,Region_48757
R48758,Region_48758
R48759,Region_48759
R48760,Region_48760
R48761,Region_48761
R48762,Region_48762
R48763,Region_48763
R48764,Region_48764
R48765,Region_48765
R48766,Region_48766
R48767,Region_48767
R48768,Region_48768
R48769,Region_48769
R48770,Region_48770
R48771,Region_48771
R48772,Region_48772
R48773,Region_48773
R48774,Region_48774
R48775,Region_48775
R48776,Region_48776
R48777,Region_48777
R48778,Region_48778
R48779,Region_48779
R48780,Region_48780
R48781,Region_48781
R48782,Region_48782
R48783,Region_48783
R48784,Region_48784
R48785,Region_48785
R48786,Region_48786
R48787,Region_48787
R48788,Region_48788
R48789,Region_48789
R48790,Region_48790
R48791,Region_48791
R48792,Region_48792
R48793,Region_48793
R48794,Region_48794
R48795,Region_48795
R48796,Region_48796
R48797,Region_48797
R48798,Region_48798
R48799,Region_48799
R48800,Region_48800
R48801,Region_48801
R48802,Region_48802
R48803,Region_48803
R48804,Region_48804
R48805,Region_48805
R48806,Region_48806
R48807,Region_48807
R48808,Region_48808
R48809,Region_48809
R48810,Region_48810
R48811,Region_48811
R48812,Region_48812
R48813,Region_48813
R48814,Region_48814
R48815,Region_48815
R48816,Region_48816
R48817,Region_48817
R48818,Region_48818
R48819,Region_48819
R48820,Region_48820
R48821,Region_48821
R48822,Region_48822
R48823,Region_48823
R48824,Region_48824
R48825,Region_48825
R48826,Region_48826
R48827,Region_48827
R48828,Region_48828
R48829,Region_48829
R48830,Region_48830
R48831,Region_48831
R48832,Region_48832
R48833,Region_48833
R48834,Region_48834
R48835,Region_48835
R48836,Region_48836
R48837,Region_48837
R48838,Region_48838
R48839,Region_48839
R48840,Region_48840
R48841,Region_48841
R48842,Region_48842
R48843,Region_48843
R48844,Region_48844
R48845,Region_48845
R48846,Region_48846
R48847,Region_48847
R48848,Region_48848
R48849,Region_48849
R48850,Region_48850
R48851,Region_48851
R48852,Region_48852
R48853,Region_48853
R48854,Region_48854
R48855,Region_48855
R48856,Region_48856
R48857,Region_48857
R48858,Region_48858
R48859,Region_48859
R48860,Region_48860
R48861,Region_48861
R48862,Region_48862
R48863,Region_48863
R48864,Region_48864
R48865,Region_48865
R48866,Region_48866
R48867,Region_48867
R48868,Region_48868
R48869,Region_48869
R48870,Region_48870
R48871,Region_48871
R48872,Region_48872
R48873,Region_48873
R48874,Region_48874
R48875,Region_48875
R48876,Region_48876
R48877,Region_48877
R48878,Region_48878
R48879,Region_48879
R48880,Region_48880
R48881,Region_48881
R48882,Region_48882
R48883,Region_48883
R48884,Region_48884
R48885,Region_48885
R48886,Region_48886
R48887,Region_48887
R48888,Region_48888
R48889,Region_48889
R48890,Region_48890
R48891,Region_48891
R48892,Region_48892
R48893,Region_48893
R48894,Region_48894
R48895,Region_48895
R48896,Region_48896
R48897,Region_48897
R48898,Region_48898
R48899,Region_48899
R48900,Region_48900
R48901,Region_48901
R48902,Region_48902
R48903,Region_48903
R48904,Region_48904
R48905,Region_48905
R48906,Region_48906
R48907,Region_48907
R48908,Region_48908
R48909,Region_48909
R48910,Region_48910
R48911,Region_48911
R48912,Region_48912
R48913,Region_48913
R48914,Region_48914
R48915,Region_48915
R48916,Region_48916
R48917,Region_48917
R48918,Region_48918
R48919,Region_48919
R48920,Region_48920
R48921,Region_48921
R48922,Region_48922
R48923,Region_48923
R48924,Region_48924
R48925,Region_48925
R48926,Region_48926
R48927,Region_48927
R48928,Region_48928
R48929,Region_48929
R48930,Region_48930
R48931,Region_48931
R48932,Region_48932
R48933,Region_48933
R48934,Region_48934
R48935,Region_48935
R48936,Region_48936
R48937,Region_48937
R48938,Region_48938
R48939,Region_48939
R48940,Region_48940
R48941,Region_48941
R48942,Region_48942
R48943,Region_48943
R48944,Region_48944
R48945,Region_48945
R48946,Region_48946
R48947,Region_48947
R48948,Region_48948
R48949,Region_48949
R48950,Region_48950
R48951,Region_48951
R48952,Region_48952
R48953,Region_48953
R48954,Region_48954
R48955,Region_48955
R48956,Region_48956
R48957,Region_48957
R48958,Region_48958
R48959,Region_48959
R48960,Region_48960
R48961,Region_48961
R48962,Region_48962
R48963,Region_48963
R48964,Region_48964
R48965,Region_48965
R48966,Region_48966
R48967,Region_48967
R48968,Region_48968
R48969,Region_48969
R48970,Region_48970
R48971,Region_48971
R48972,Region_48972
R48973,Region_48973
R48974,Region_48974
R48975,Region_48975
R48976,Region_48976
R48977,Region_48977
R48978,Region_48978
R48979,Region_48979
R48980,Region_48980
R48981,Region_48981
R48982,Region_48982
R48983,Region_48983
R48984,Region_48984
R48985,Region_48985
R48986,Region_48986
R48987,Region_48987
R48988,Region_48988
R48989,Region_48989
R48990,Region_48990
R48991,Region_48991
R48992,Region_48992
R48993,Region_48993
R48994,Region_48994
R48995,Region_48995
R48996,Region_48996
R48997,Region_48997
R48998,Region_48998
R48999,Region_48999
R49000,Region_49000
R49001,Region_49001
R49002,Region_49002
R49003,Region_49003
R49004,Region_49004
R49005,Region_49005
R49006,Region_49006
R49007,Region_49007
R49008,Region_49008
R49009,Region_49009
R49010,Region_49010
R49011,Region_49011
R49012,Region_49012
R49013,Region_49013
R49014,Region_49014
R49015,Region_49015
R49016,Region_49016
R49017,Region_49017
R49018,Region_49018
R49019,Region_49019
R49020,Region_49020
R49021,Region_49021
R49022,Region_49022
R49023,Region_49023
R49024,Region_49024
R49025,Region_49025
R49026,Region_49026
R49027,Region_49027
R49028,Region_49028
R49029,Region_49029
R49030,Region_49030
R49031,Region_49031
R49032,Region_49032
R49033,Region_49033
R49034,Region_49034
R49035,Region_49035
R49036,Region_49036
R49037,Region_49037
R49038,Region_49038
R49039,Region_49039
R49040,Region_49040
R49041,Region_49041
R49042,Region_49042
R49043,Region_49043
R49044,Region_49044
R49045,Region_49045
R49046,Region_49046
R49047,Region_49047
R49048,Region_49048
R49049,Region_49049
R49050,Region_49050
R49051,Region_49051
R49052,Region_49052
R49053,Region_49053
R49054,Region_49054
R49055,Region_49055
R49056,Region_49056
R49057,Region_49057
R49058,Region_49058
R49059,Region_49059
R49060,Region_49060
R49061,Region_49061
R49062,Region_49062
R49063,Region_49063
R49064,Region_49064
R49065,Region_49065
R49066,Region_49066
R49067,Region_49067
R49068,Region_49068
R49069,Region_49069
R49070,Region_49070
R49071,Region_49071
R49072,Region_49072
R49073,Region_49073
R49074,Region_49074
R49075,Region_49075
R49076,Region_49076
R49077,Region_49077
R49078,Region_49078
R49079,Region_49079
R49080,Region_49080
R49081,Region_49081
R49082,Region_49082
R49083,Region_49083
R49084,Region_49084
R49085,Region_49085
R49086,Region_49086
R49087,Region_49087
R49088,Region_49088
R49089,Region_49089
R49090,Region_49090
R49091,Region_49091
R49092,Region_49092
R49093,Region_49093
R49094,Region_49094
R49095,Region_49095
R49096,Region_49096
R49097,Region_49097
R49098,Region_49098
R49099,Region_49099
R49100,Region_49100
R49101,Region_49101
R49102,Region_49102
R49103,Region_49103
R49104,Region_49104
R49105,Region_49105
R49106,Region_49106
R49107,Region_49107
R49108,Region_49108
R49109,Region_49109
R49110,Region_49110
R49111,Region_49111
R49112,Region_49112
R49113,Region_49113
R49114,Region_49114
R49115,Region_49115
R49116,Region_49116
R49117,Region_49117
R49118,Region_49118
R49119,Region_49119
R49120,Region_49120
R49121,Region_49121
R49122,Region_49122
R49123,Region_49123
R49124,Region_49124
R49125,Region_49125
R49126,Region_49126
R49127,Region_49127
R49128,Region_49128
R49129,Region_49129
R49130,Region_49130
R49131,Region_49131
R49132,Region_49132
R49133,Region_49133
R49134,Region_49134
R49135,Region_49135
R49136,Region_49136
R49137,Region_49137
R49138,Region_49138
R49139,Region_49139
R49140,Region_49140
R49141,Region_49141
R49142,Region_49142
R49143,Region_49143
R49144,Region_49144
R49145,Region_49145
R49146,Region_49146
R49147,Region_49147
R49148,Region_49148
R49149,Region_49149
R49150,Region_49150
R49151,Region_49151
R49152,Region_49152
R49153,Region_49153
R49154,Region_49154
R49155,Region_49155
R49156,Region_49156
R49157,Region_49157
R49158,Region_49158
R49159,Region_49159
R49160,Region_49160
R49161,Region_49161
R49162,Region_49162
R49163,Region_49163
R49164,Region_49164
R49165,Region_49165
R49166,Region_49166
R49167,Region_49167
R49168,Region_49168
R49169,Region_49169
R49170,Region_49170
R49171,Region_49171
R49172,Region_49172
R49173,Region_49173
R49174,Region_49174
R49175,Region_49175
R49176,Region_49176
R49177,Region_49177
R49178,Region_49178
R49179,Region_49179
R49180,Region_49180
R49181,Region_49181
R49182,Region_49182
R49183,Region_49183
R49184,Region_49184
R49185,Region_49185
R49186,Region_49186
R49187,Region_49187
R49188,Region_49188
R49189,Region_49189
R49190,Region_49190
R49191,Region_49191
R49192,Region_49192
R49193,Region_49193
R49194,Region_49194
R49195,Region_49195
R49196,Region_49196
R49197,Region_49197
R49198,Region_49198
R49199,Region_49199
R49200,Region_49200
R49201,Region_49201
R49202,Region_49202
R49203,Region_49203
R49204,Region_49204
R49205,Region_49205
R49206,Region_49206
R49207,Region_49207
R49208,Region_49208
R49209,Region_49209
R49210,Region_49210
R49211,Region_49211
R49212,Region_49212
R49213,Region_49213
R49214,Region_49214
R49215,Region_49215
R49216,Region_49216
R49217,Region_49217
R49218,Region_49218
R49219,Region_49219
R49220,Region_49220
R49221,Region_49221
R49222,Region_49222
R49223,Region_49223
R49224,Region_49224
R49225,Region_49225
R49226,Region_49226
R49227,Region_49227
R49228,Region_49228
R49229,Region_49229
R49230,Region_49230
R49231,Region_49231
R49232,Region_49232
R49233,Region_49233
R49234,Region_49234
R49235,Region_49235
R49236,Region_49236
R49237,Region_49237
R49238,Region_49238
R49239,Region_49239
R49240,Region_49240
R49241,Region_49241
R49242,Region_49242
R49243,Region_49243
R49244,Region_49244
R49245,Region_49245
R49246,Region_49246
R49247,Region_49247
R49248,Region_49248
R49249,Region_49249
R49250,Region_49250
R49251,Region_49251
R49252,Region_49252
R49253,Region_49253
R49254,Region_49254
R49255,Region_49255
R49256,Region_49256
R49257,Region_49257
R49258,Region_49258
R49259,Region_49259
R49260,Region_49260
R49261,Region_49261
R49262,Region_49262
R49263,Region_49263
R49264,Region_49264
R49265,Region_49265
R49266,Region_49266
R49267,Region_49267
R49268,Region_49268
R49269,Region_49269
R49270,Region_49270
R49271,Region_49271
R49272,Region_49272
R49273,Region_49273
R49274,Region_49274
R49275,Region_49275
R49276,Region_49276
R49277,Region_49277
R49278,Region_49278
R49279,Region_49279
R49280,Region_49280
R49281,Region_49281
R49282,Region_49282
R49283,Region_49283
R49284,Region_49284
R49285,Region_49285
R49286,Region_49286
R49287,Region_49287
R49288,Region_49288
R49289,Region_49289
R49290,Region_49290
R49291,Region_49291
R49292,Region_49292
R49293,Region_49293
R49294,Region_49294
R49295,Region_49295
R49296,Region_49296
R49297,Region_49297
R49298,Region_49298
R49299,Region_49299
R49300,Region_49300
R49301,Region_49301
R49302,Region_49302
R49303,Region_49303
R49304,Region_49304
R49305,Region_49305
R49306,Region_49306
R49307,Region_49307
R49308,Region_49308
R49309,Region_49309
R49310,Region_49310
R49311,Region_49311
R49312,Region_49312
R49313,Region_49313
R49314,Region_49314
R49315,Region_49315
R49316,Region_49316
R49317,Region_49317
R49318,Region_49318
R49319,Region_49319
R49320,Region_49320
R49321,Region_49321
R49322,Region_49322
R49323,Region_49323
R49324,Region_49324
R49325,Region_49325
R49326,Region_49326
R49327,Region_49327
R49328,Region_49328
R49329,Region_49329
R49330,Region_49330
R49331,Region_49331
R49332,Region_49332
R49333,Region_49333
R49334,Region_49334
R49335,Region_49335
R49336,Region_49336
R49337,Region_49337
R49338,Region_49338
R49339,Region_49339
R49340,Region_49340
R49341,Region_49341
R49342,Region_49342
R49343,Region_49343
R49344,Region_49344
R49345,Region_49345
R49346,Region_49346
R49347,Region_49347
R49348,Region_49348
R49349,Region_49349
R49350,Region_49350
R49351,Region_49351
R49352,Region_49352
R49353,Region_49353
R49354,Region_49354
R49355,Region_49355
R49356,Region_49356
R49357,Region_49357
R49358,Region_49358
R49359,Region_49359
R49360,Region_49360
R49361,Region_49361
R49362,Region_49362
R49363,Region_49363
R49364,Region_49364
R49365,Region_49365
R49366,Region_49366
R49367,Region_49367
R49368,Region_49368
R49369,Region_49369
R49370,Region_49370
R49371,Region_49371
R49372,Region_49372
R49373,Region_49373
R49374,Region_49374
R49375,Region_49375
R49376,Region_49376
R49377,Region_49377
R49378,Region_49378
R49379,Region_49379
R49380,Region_49380
R49381,Region_49381
R49382,Region_49382
R49383,Region_49383
R49384,Region_49384
R49385,Region_49385
R49386,Region_49386
R49387,Region_49387
R49388,Region_49388
R49389,Region_49389
R49390,Region_49390
R49391,Region_49391
R49392,Region_49392
R49393,Region_49393
R49394,Region_49394
R49395,Region_49395
R49396,Region_49396
R49397,Region_49397
R49398,Region_49398
R49399,Region_49399
R49400,Region_49400
R49401,Region_49401
R49402,Region_49402
R49403,Region_49403
R49404,Region_49404
R49405,Region_49405
R49406,Region_49406
R49407,Region_49407
R49408,Region_49408
R49409,Region_49409
R49410,Region_49410
R49411,Region_49411
R49412,Region_49412
R49413,Region_49413
R49414,Region_49414
R49415,Region_49415
R49416,Region_49416
R49417,Region_49417
R49418,Region_49418
R49419,Region_49419
R49420,Region_49420
R49421,Region_49421
R49422,Region_49422
R49423,Region_49423
R49424,Region_49424
R49425,Region_49425
R49426,Region_49426
R49427,Region_49427
R49428,Region_49428
R49429,Region_49429
R49430,Region_49430
R49431,Region_49431
R49432,Region_49432
R49433,Region_49433
R49434,Region_49434
R49435,Region_49435
R49436,Region_49436
R49437,Region_49437
R49438,Region_49438
R49439,Region_49439
R49440,Region_49440
R49441,Region_49441
R49442,Region_49442
R49443,Region_49443
R49444,Region_49444
R49445,Region_49445
R49446,Region_49446
R49447,Region_49447
R49448,Region_49448
R49449,Region_49449
R49450,Region_49450
R49451,Region_49451
R49452,Region_49452
R49453,Region_49453
R49454,Region_49454
R49455,Region_49455
R49456,Region_49456
R49457,Region_49457
R49458,Region_49458
R49459,Region_49459
R49460,Region_49460
R49461,Region_49461
R49462,Region_49462
R49463,Region_49463
R49464,Region_49464
R49465,Region_49465
R49466,Region_49466
R49467,Region_49467
R49468,Region_49468
R49469,Region_49469
R49470,Region_49470
R49471,Region_49471
R49472,Region_49472
R49473,Region_49473
R49474,Region_49474
R49475,Region_49475
R49476,Region_49476
R49477,Region_49477
R49478,Region_49478
R49479,Region_49479
R49480,Region_49480
R49481,Region_49481
R49482,Region_49482
R49483,Region_49483
R49484,Region_49484
R49485,Region_49485
R49486,Region_49486
R49487,Region_49487
R49488,Region_49488
R49489,Region_49489
R49490,Region_49490
R49491,Region_49491
R49492,Region_49492
R49493,Region_49493
R49494,Region_49494
R49495,Region_49495
R49496,Region_49496
R49497,Region_49497
R49498,Region_49498
R49499,Region_49499
R49500,Region_49500
R49501,Region_49501
R49502,Region_49502
R49503,Region_49503
R49504,Region_49504
R49505,Region_49505
R49506,Region_49506
R49507,Region_49507
R49508,Region_49508
R49509,Region_49509
R49510,Region_49510
R49511,Region_49511
R49512,Region_49512
R49513,Region_49513
R49514,Region_49514
R49515,Region_49515
R49516,Region_49516
R49517,Region_49517
R49518,Region_49518
R49519,Region_49519
R49520,Region_49520
R49521,Region_49521
R49522,Region_49522
R49523,Region_49523
R49524,Region_49524
R49525,Region_49525
R49526,Region_49526
R49527,Region_49527
R49528,Region_49528
R49529,Region_49529
R49530,Region_49530
R49531,Region_49531
R49532,Region_49532
R49533,Region_49533
R49534,Region_49534
R49535,Region_49535
R49536,Region_49536
R49537,Region_49537
R49538,Region_49538
R49539,Region_49539
R49540,Region_49540
R49541,Region_49541
R49542,Region_49542
R49543,Region_49543
R49544,Region_49544
R49545,Region_49545
R49546,Region_49546
R49547,Region_49547
R49548,Region_49548
R49549,Region_49549
R49550,Region_49550
R49551,Region_49551
R49552,Region_49552
R49553,Region_49553
R49554,Region_49554
R49555,Region_49555
R49556,Region_49556
R49557,Region_49557
R49558,Region_49558
R49559,Region_49559
R49560,Region_49560
R49561,Region_49561
R49562,Region_49562
R49563,Region_49563
R49564,Region_49564
R49565,Region_49565
R49566,Region_49566
R49567,Region_49567
R49568,Region_49568
R49569,Region_49569
R49570,Region_49570
R49571,Region_49571
R49572,Region_49572
R49573,Region_49573
R49574,Region_49574
R49575,Region_49575
R49576,Region_49576
R49577,Region_49577
R49578,Region_49578
R49579,Region_49579
R49580,Region_49580
R49581,Region_49581
R49582,Region_49582
R49583,Region_49583
R49584,Region_49584
R49585,Region_49585
R49586,Region_49586
R49587,Region_49587
R49588,Region_49588
R49589,Region_49589
R49590,Region_49590
R49591,Region_49591
R49592,Region_49592
R49593,Region_49593
R49594,Region_49594
R49595,Region_49595
R49596,Region_49596
R49597,Region_49597
R49598,Region_49598
R49599,Region_49599
R49600,Region_49600
R49601,Region_49601
R49602,Region_49602
R49603,Region_49603
R49604,Region_49604
R49605,Region_49605
R49606,Region_49606
R49607,Region_49607
R49608,Region_49608
R49609,Region_49609
R49610,Region_49610
R49611,Region_49611
R49612,Region_49612
R49613,Region_49613
R49614,Region_49614
R49615,Region_49615
R49616,Region_49616
R49617,Region_49617
R49618,Region_49618
R49619,Region_49619
R49620,Region_49620
R49621,Region_49621
R49622,Region_49622
R49623,Region_49623
R49624,Region_49624
R49625,Region_49625
R49626,Region_49626
R49627,Region_49627
R49628,Region_49628
R49629,Region_49629
R49630,Region_49630
R49631,Region_49631
R49632,Region_49632
R49633,Region_49633
R49634,Region_49634
R49635,Region_49635
R49636,Region_49636
R49637,Region_49637
R49638,Region_49638
R49639,Region_49639
R49640,Region_49640
R49641,Region_49641
R49642,Region_49642
R49643,Region_49643
R49644,Region_49644
R49645,Region_49645
R49646,Region_49646
R49647,Region_49647
R49648,Region_49648
R49649,Region_49649
R49650,Region_49650
R49651,Region_49651
R49652,Region_49652
R49653,Region_49653
R49654,Region_49654
R49655,Region_49655
R49656,Region_49656
R49657,Region_49657
R49658,Region_49658
R49659,Region_49659
R49660,Region_49660
R49661,Region_49661
R49662,Region_49662
R49663,Region_49663
R49664,Region_49664
R49665,Region_49665
R49666,Region_49666
R49667,Region_49667
R49668,Region_49668
R49669,Region_49669
R49670,Region_49670
R49671,Region_49671
R49672,Region_49672
R49673,Region_49673
R49674,Region_49674
R49675,Region_49675
R49676,Region_49676
R49677,Region_49677
R49678,Region_49678
R49679,Region_49679
R49680,Region_49680
R49681,Region_49681
R49682,Region_49682
R49683,Region_49683
R49684,Region_49684
R49685,Region_49685
R49686,Region_49686
R49687,Region_49687
R49688,Region_49688
R49689,Region_49689
R49690,Region_49690
R49691,Region_49691
R49692,Region_49692
R49693,Region_49693
R49694,Region_49694
R49695,Region_49695
R49696,Region_49696
R49697,Region_49697
R49698,Region_49698
R49699,Region_49699
R49700,Region_49700
R49701,Region_49701
R49702,Region_49702
R49703,Region_49703
R49704,Region_49704
R49705,Region_49705
R49706,Region_49706
R49707,Region_49707
R49708,Region_49708
R49709,Region_49709
R49710,Region_49710
R49711,Region_49711
R49712,Region_49712
R49713,Region_49713
R49714,Region_49714
R49715,Region_49715
R49716,Region_49716
R49717,Region_49717
R49718,Region_49718
R49719,Region_49719
R49720,Region_49720
R49721,Region_49721
R49722,Region_49722
R49723,Region_49723
R49724,Region_49724
R49725,Region_49725
R49726,Region_49726
R49727,Region_49727
R49728,Region_49728
R49729,Region_49729
R49730,Region_49730
R49731,Region_49731
R49732,Region_49732
R49733,Region_49733
R49734,Region_49734
R49735,Region_49735
R49736,Region_49736
R49737,Region_49737
R49738,Region_49738
R49739,Region_49739
R49740,Region_49740
R49741,Region_49741
R49742,Region_49742
R49743,Region_49743
R49744,Region_49744
R49745,Region_49745
R49746,Region_49746
R49747,Region_49747
R49748,Region_49748
R49749,Region_49749
R49750,Region_49750
R49751,Region_49751
R49752,Region_49752
R49753,Region_49753
R49754,Region_49754
R49755,Region_49755
R49756,Region_49756
R49757,Region_49757
R49758,Region_49758
R49759,Region_49759
R49760,Region_49760
R49761,Region_49761
R49762,Region_49762
R49763,Region_49763
R49764,Region_49764
R49765,Region_49765
R49766,Region_49766
R49767,Region_49767
R49768,Region_49768
R49769,Region_49769
R49770,Region_49770
R49771,Region_49771
R49772,Region_49772
R49773,Region_49773
R49774,Region_49774
R49775,Region_49775
R49776,Region_49776
R49777,Region_49777
R49778,Region_49778
R49779,Region_49779
R49780,Region_49780
R49781,Region_49781
R49782,Region_49782
R49783,Region_49783
R49784,Region_49784
R49785,Region_49785
R49786,Region_49786
R49787,Region_49787
R49788,Region_49788
R49789,Region_49789
R49790,Region_49790
R49791,Region_49791
R49792,Region_49792
R49793,Region_49793
R49794,Region_49794
R49795,Region_49795
R49796,Region_49796
R49797,Region_49797
R49798,Region_49798
R49799,Region_49799
R49800,Region_49800
R49801,Region_49801
R49802,Region_49802
R49803,Region_49803
R49804,Region_49804
R49805,Region_49805
R49806,Region_49806
R49807,Region_49807
R49808,Region_49808
R49809,Region_49809
R49810,Region_49810
R49811,Region_49811
R49812,Region_49812
R49813,Region_49813
R49814,Region_49814
R49815,Region_49815
R49816,Region_49816
R49817,Region_49817
R49818,Region_49818
R49819,Region_49819
R49820,Region_49820
R49821,Region_49821
R49822,Region_49822
R49823,Region_49823
R49824,Region_49824
R49825,Region_49825
R49826,Region_49826
R49827,Region_49827
R49828,Region_49828
R49829,Region_49829
R49830,Region_49830
R49831,Region_49831
R49832,Region_49832
R49833,Region_49833
R49834,Region_49834
R49835,Region_49835
R49836,Region_49836
R49837,Region_49837
R49838,Region_49838
R49839,Region_49839
R49840,Region_49840
R49841,Region_49841
R49842,Region_49842
R49843,Region_49843
R49844,Region_49844
R49845,Region_49845
R49846,Region_49846
R49847,Region_49847
R49848,Region_49848
R49849,Region_49849
R49850,Region_49850
R49851,Region_49851
R49852,Region_49852
R49853,Region_49853
R49854,Region_49854
R49855,Region_49855
R49856,Region_49856
R49857,Region_49857
R49858,Region_49858
R49859,Region_49859
R49860,Region_49860
R49861,Region_49861
R49862,Region_49862
R49863,Region_49863
R49864,Region_49864
R49865,Region_49865
R49866,Region_49866
R49867,Region_49867
R49868,Region_49868
R49869,Region_49869
R49870,Region_49870
R49871,Region_49871
R49872,Region_49872
R49873,Region_49873
R49874,Region_49874
R49875,Region_49875
R49876,Region_49876
R49877,Region_49877
R49878,Region_49878
R49879,Region_49879
R49880,Region_49880
R49881,Region_49881
R49882,Region_49882
R49883,Region_49883
R49884,Region_49884
R49885,Region_49885
R49886,Region_49886
R49887,Region_49887
R49888,Region_49888
R49889,Region_49889
R49890,Region_49890
R49891,Region_49891
R49892,Region_49892
R49893,Region_49893
R49894,Region_49894
R49895,Region_49895
R49896,Region_49896
R49897,Region_49897
R49898,Region_49898
R49899,Region_49899
R49900,Region_49900
R49901,Region_49901
R49902,Region_49902
R49903,Region_49903
R49904,Region_49904
R49905,Region_49905
R49906,Region_49906
R49907,Region_49907
R49908,Region_49908
R49909,Region_49909
R49910,Region_49910
R49911,Region_49911
R49912,Region_49912
R49913,Region_49913
R49914,Region_49914
R49915,Region_49915
R49916,Region_49916
R49917,Region_49917
R49918,Region_49918
R49919,Region_49919
R49920,Region_49920
R49921,Region_49921
R49922,Region_49922
R49923,Region_49923
R49924,Region_49924
R49925,Region_49925
R49926,Region_49926
R49927,Region_49927
R49928,Region_49928
R49929,Region_49929
R49930,Region_49930
R49931,Region_49931
R49932,Region_49932
R49933,Region_49933
R49934,Region_49934
R49935,Region_49935
R49936,Region_49936
R49937,Region_49937
R49938,Region_49938
R49939,Region_49939
R49940,Region_49940
R49941,Region_49941
R49942,Region_49942
R49943,Region_49943
R49944,Region_49944
R49945,Region_49945
R49946,Region_49946
R49947,Region_49947
R49948,Region_49948
R49949,Region_49949
R49950,Region_49950
R49951,Region_49951
R49952,Region_49952
R49953,Region_49953
R49954,Region_49954
R49955,Region_49955
R49956,Region_49956
R49957,Region_49957
R49958,Region_49958
R49959,Region_49959
R49960,Region_49960
R49961,Region_49961
R49962,Region_49962
R49963,Region_49963
R49964,Region_49964
R49965,Region_49965
R49966,Region_49966
R49967,Region_49967
R49968,Region_49968
R49969,Region_49969
R49970,Region_49970
R49971,Region_49971
R49972,Region_49972
R49973,Region_49973
R49974,Region_49974
R49975,Region_49975
R49976,Region_49976
R49977,Region_49977
R49978,Region_49978
R49979,Region_49979
R49980,Region_49980
R49981,Region_49981
R49982,Region_49982
R49983,Region_49983
R49984,Region_49984
R49985,Region_49985
R49986,Region_49986
R49987,Region_49987
R49988,Region_49988
R49989,Region_49989
R49990,Region_49990
R49991,Region_49991
R49992,Region_49992
R49993,Region_49993
R49994,Region_49994
R49995,Region_49995
R49996,Region_49996
R49997,Region_49997
R49998,Region_49998
R49999,Region_49999
